--
-- PostgreSQL database dump
--

-- Dumped from database version 9.5.8
-- Dumped by pg_dump version 9.5.8

SET statement_timeout = 0;
SET lock_timeout = 0;
SET client_encoding = 'UTF8';
SET standard_conforming_strings = on;
SET check_function_bodies = false;
SET client_min_messages = warning;
SET row_security = off;

--
-- Name: plpgsql; Type: EXTENSION; Schema: -; Owner: 
--

CREATE EXTENSION IF NOT EXISTS plpgsql WITH SCHEMA pg_catalog;


--
-- Name: EXTENSION plpgsql; Type: COMMENT; Schema: -; Owner: 
--

COMMENT ON EXTENSION plpgsql IS 'PL/pgSQL procedural language';


SET search_path = public, pg_catalog;

--
-- Name: getage(date, date); Type: FUNCTION; Schema: public; Owner: lims
--

CREATE FUNCTION getage(date, date) RETURNS text
    LANGUAGE plpgsql
    AS $_$declare

begin

return case 
		when date_part('year',$1) - date_part('year',$2) >= 1 then (date_part('year',$1) - date_part('year',$2))::text || ' წელი' 
		when date_part('month',$1) - date_part('month',$2) >= 1 then (date_part('month',$1) - date_part('month',$2))::text || ' თვე' 
		when date_part('day',$1) - date_part('day',$2) >= 7 then ((date_part('day',$1) - date_part('day',$2))/7::int)::text || ' კვირა' 
		else (date_part('day',$1) - date_part('day',$2))::text || ' დღე' 
	end;
end;$_$;


ALTER FUNCTION public.getage(date, date) OWNER TO lims;

SET default_tablespace = '';

SET default_with_oids = false;

--
-- Name: act; Type: TABLE; Schema: public; Owner: lims
--

CREATE TABLE act (
    actid bigint NOT NULL,
    contractid bigint NOT NULL,
    num character varying(255) NOT NULL,
    actdate date NOT NULL,
    content text NOT NULL,
    sampleamount double precision NOT NULL,
    regbyid integer NOT NULL,
    regdate timestamp without time zone DEFAULT now() NOT NULL,
    docfile character varying(255),
    regionid integer,
    raionid integer,
    villageid integer,
    deleted boolean DEFAULT false
);


ALTER TABLE act OWNER TO lims;

--
-- Name: actid_seq; Type: SEQUENCE; Schema: public; Owner: lims
--

CREATE SEQUENCE actid_seq
    START WITH 1
    INCREMENT BY 1
    NO MINVALUE
    NO MAXVALUE
    CACHE 1;


ALTER TABLE actid_seq OWNER TO lims;

--
-- Name: appeal; Type: TABLE; Schema: public; Owner: lims
--

CREATE TABLE appeal (
    appealid bigint NOT NULL,
    contractid bigint NOT NULL,
    num character varying(255) NOT NULL,
    appealdate date NOT NULL,
    path character varying(255),
    samplenum double precision NOT NULL,
    regbyid integer NOT NULL,
    regdate timestamp without time zone DEFAULT now() NOT NULL,
    regionid integer,
    raionid integer,
    villageid integer,
    deleted boolean DEFAULT false NOT NULL
);


ALTER TABLE appeal OWNER TO lims;

--
-- Name: appealid_seq; Type: SEQUENCE; Schema: public; Owner: lims
--

CREATE SEQUENCE appealid_seq
    START WITH 1
    INCREMENT BY 1
    NO MINVALUE
    NO MAXVALUE
    CACHE 1;


ALTER TABLE appealid_seq OWNER TO lims;

--
-- Name: bill; Type: TABLE; Schema: public; Owner: lims
--

CREATE TABLE bill (
    billid bigint NOT NULL,
    num character varying(255) NOT NULL,
    contractid bigint NOT NULL,
    path character varying(255) NOT NULL,
    regdate timestamp without time zone DEFAULT now() NOT NULL,
    regbyid integer NOT NULL
);


ALTER TABLE bill OWNER TO lims;

--
-- Name: billid_seq; Type: SEQUENCE; Schema: public; Owner: lims
--

CREATE SEQUENCE billid_seq
    START WITH 1
    INCREMENT BY 1
    NO MINVALUE
    NO MAXVALUE
    CACHE 1;


ALTER TABLE billid_seq OWNER TO lims;

--
-- Name: certificate; Type: TABLE; Schema: public; Owner: lims
--

CREATE TABLE certificate (
    certificateid integer NOT NULL,
    companyid integer NOT NULL,
    name text NOT NULL,
    logo character varying(255) NOT NULL
);


ALTER TABLE certificate OWNER TO lims;

--
-- Name: certificateid_seq; Type: SEQUENCE; Schema: public; Owner: lims
--

CREATE SEQUENCE certificateid_seq
    START WITH 1
    INCREMENT BY 1
    NO MINVALUE
    NO MAXVALUE
    CACHE 1;


ALTER TABLE certificateid_seq OWNER TO lims;

--
-- Name: company; Type: TABLE; Schema: public; Owner: lims
--

CREATE TABLE company (
    companyid integer NOT NULL,
    name text NOT NULL,
    logo character varying NOT NULL,
    url character varying NOT NULL
);


ALTER TABLE company OWNER TO lims;

--
-- Name: companyid_seq; Type: SEQUENCE; Schema: public; Owner: lims
--

CREATE SEQUENCE companyid_seq
    START WITH 1
    INCREMENT BY 1
    NO MINVALUE
    NO MAXVALUE
    CACHE 1;


ALTER TABLE companyid_seq OWNER TO lims;

--
-- Name: confid_seq; Type: SEQUENCE; Schema: public; Owner: lims
--

CREATE SEQUENCE confid_seq
    START WITH 1
    INCREMENT BY 1
    NO MINVALUE
    NO MAXVALUE
    CACHE 1;


ALTER TABLE confid_seq OWNER TO lims;

--
-- Name: conf; Type: TABLE; Schema: public; Owner: lims
--

CREATE TABLE conf (
    confid integer DEFAULT nextval('confid_seq'::regclass) NOT NULL,
    name character varying(255) NOT NULL,
    val text NOT NULL,
    companyid integer NOT NULL
);


ALTER TABLE conf OWNER TO lims;

--
-- Name: confirmation; Type: TABLE; Schema: public; Owner: lims
--

CREATE TABLE confirmation (
    confirmationid bigint NOT NULL,
    contractsampleitemid bigint NOT NULL,
    status boolean NOT NULL,
    regbyid integer NOT NULL,
    regdate timestamp without time zone DEFAULT now() NOT NULL
);


ALTER TABLE confirmation OWNER TO lims;

--
-- Name: confirmationid_seq; Type: SEQUENCE; Schema: public; Owner: lims
--

CREATE SEQUENCE confirmationid_seq
    START WITH 1
    INCREMENT BY 1
    NO MINVALUE
    NO MAXVALUE
    CACHE 1;


ALTER TABLE confirmationid_seq OWNER TO lims;

--
-- Name: contract; Type: TABLE; Schema: public; Owner: lims
--

CREATE TABLE contract (
    contractid bigint NOT NULL,
    companyid integer NOT NULL,
    contragentid bigint NOT NULL,
    num character varying(255) NOT NULL,
    startdate date NOT NULL,
    enddate date NOT NULL,
    price double precision NOT NULL,
    sampletypeid integer,
    contracttype integer NOT NULL,
    path character varying(255),
    regbyid integer NOT NULL,
    regdate timestamp without time zone DEFAULT now() NOT NULL,
    ownerid bigint,
    info text,
    deleted boolean DEFAULT false NOT NULL,
    status integer DEFAULT 1,
    contractownerid bigint,
    reminddate date,
    remindtime time without time zone,
    remindpid integer
);


ALTER TABLE contract OWNER TO lims;

--
-- Name: contractanalysis; Type: TABLE; Schema: public; Owner: lims
--

CREATE TABLE contractanalysis (
    contractanalysisid bigint NOT NULL,
    contractid bigint NOT NULL,
    sampletypeid integer,
    labtestid integer NOT NULL,
    institutionid integer,
    price double precision,
    enddays integer NOT NULL,
    regbyid integer NOT NULL,
    regdate timestamp without time zone DEFAULT now() NOT NULL,
    deleted boolean DEFAULT false,
    status integer DEFAULT 1
);


ALTER TABLE contractanalysis OWNER TO lims;

--
-- Name: contractanalysisid_seq; Type: SEQUENCE; Schema: public; Owner: lims
--

CREATE SEQUENCE contractanalysisid_seq
    START WITH 1
    INCREMENT BY 1
    NO MINVALUE
    NO MAXVALUE
    CACHE 1;


ALTER TABLE contractanalysisid_seq OWNER TO lims;

--
-- Name: contractid_seq; Type: SEQUENCE; Schema: public; Owner: lims
--

CREATE SEQUENCE contractid_seq
    START WITH 1
    INCREMENT BY 1
    NO MINVALUE
    NO MAXVALUE
    CACHE 1;


ALTER TABLE contractid_seq OWNER TO lims;

--
-- Name: contractlabtest; Type: TABLE; Schema: public; Owner: lims
--

CREATE TABLE contractlabtest (
    contractlabtestid bigint NOT NULL,
    contractid bigint NOT NULL,
    labtestid bigint,
    maxprice double precision DEFAULT 0 NOT NULL,
    maxcnt bigint DEFAULT 0 NOT NULL,
    regbyid integer NOT NULL,
    regdate timestamp without time zone DEFAULT now() NOT NULL,
    minday bigint DEFAULT 2,
    maxday bigint DEFAULT 3,
    info text,
    sampletypeid integer
);


ALTER TABLE contractlabtest OWNER TO lims;

--
-- Name: contractlabtestid_seq; Type: SEQUENCE; Schema: public; Owner: lims
--

CREATE SEQUENCE contractlabtestid_seq
    START WITH 1
    INCREMENT BY 1
    NO MINVALUE
    NO MAXVALUE
    CACHE 1;


ALTER TABLE contractlabtestid_seq OWNER TO lims;

--
-- Name: contractowner; Type: TABLE; Schema: public; Owner: lims
--

CREATE TABLE contractowner (
    contractownerid bigint NOT NULL,
    companyid integer NOT NULL,
    fname text NOT NULL,
    lname text NOT NULL,
    idn character varying(255) NOT NULL,
    regionid integer,
    raionid integer,
    villageid integer,
    address text NOT NULL,
    regbyid integer,
    regdate timestamp without time zone DEFAULT now(),
    deleted boolean DEFAULT false
);


ALTER TABLE contractowner OWNER TO lims;

--
-- Name: contractownerid_seq; Type: SEQUENCE; Schema: public; Owner: lims
--

CREATE SEQUENCE contractownerid_seq
    START WITH 1
    INCREMENT BY 1
    NO MINVALUE
    NO MAXVALUE
    CACHE 1;


ALTER TABLE contractownerid_seq OWNER TO lims;

--
-- Name: contractsampleitem; Type: TABLE; Schema: public; Owner: lims
--

CREATE TABLE contractsampleitem (
    contractsampleitemid bigint NOT NULL,
    contractsampletypeid bigint NOT NULL,
    barcode character varying(255),
    num1 character varying(255),
    num2 character varying(255),
    regbyid integer NOT NULL,
    regdate timestamp without time zone DEFAULT now() NOT NULL,
    disclaim boolean DEFAULT false NOT NULL,
    status integer DEFAULT 1,
    parentid bigint,
    deleted boolean DEFAULT false
);


ALTER TABLE contractsampleitem OWNER TO lims;

--
-- Name: contractsampleitemid_seq; Type: SEQUENCE; Schema: public; Owner: lims
--

CREATE SEQUENCE contractsampleitemid_seq
    START WITH 100000000
    INCREMENT BY 1
    NO MINVALUE
    NO MAXVALUE
    CACHE 1;


ALTER TABLE contractsampleitemid_seq OWNER TO lims;

--
-- Name: contractsampletype; Type: TABLE; Schema: public; Owner: lims
--

CREATE TABLE contractsampletype (
    contractsampletypeid bigint NOT NULL,
    contractid bigint NOT NULL,
    sampletypeid integer,
    boxnum character varying(255),
    quantity bigint DEFAULT 0,
    regbyid integer NOT NULL,
    regdate timestamp without time zone DEFAULT now() NOT NULL,
    isbox boolean DEFAULT false,
    parentid bigint,
    deleted boolean DEFAULT false
);


ALTER TABLE contractsampletype OWNER TO lims;

--
-- Name: contractsampletypeid_seq; Type: SEQUENCE; Schema: public; Owner: lims
--

CREATE SEQUENCE contractsampletypeid_seq
    START WITH 100000000
    INCREMENT BY 1
    NO MINVALUE
    NO MAXVALUE
    CACHE 1;


ALTER TABLE contractsampletypeid_seq OWNER TO lims;

--
-- Name: contragent; Type: TABLE; Schema: public; Owner: lims
--

CREATE TABLE contragent (
    contragentid bigint NOT NULL,
    name text,
    idn character varying(255) NOT NULL,
    address text NOT NULL,
    phone character varying(255) NOT NULL,
    contact text NOT NULL,
    bankdata text NOT NULL,
    note text NOT NULL,
    contragenttypeid integer NOT NULL,
    email character varying(255),
    url character varying(255),
    companyid integer NOT NULL,
    type integer NOT NULL,
    regbyid integer,
    regdate timestamp without time zone DEFAULT now(),
    regionid integer,
    raionid integer,
    villageid integer,
    deleted boolean DEFAULT false NOT NULL,
    fname text,
    lname text,
    vat boolean DEFAULT false NOT NULL
);


ALTER TABLE contragent OWNER TO lims;

--
-- Name: contragentid_seq; Type: SEQUENCE; Schema: public; Owner: lims
--

CREATE SEQUENCE contragentid_seq
    START WITH 1
    INCREMENT BY 1
    NO MINVALUE
    NO MAXVALUE
    CACHE 1;


ALTER TABLE contragentid_seq OWNER TO lims;

--
-- Name: contragenttype; Type: TABLE; Schema: public; Owner: lims
--

CREATE TABLE contragenttype (
    contragenttypeid integer NOT NULL,
    name text NOT NULL
);


ALTER TABLE contragenttype OWNER TO lims;

--
-- Name: contragenttypeid_seq; Type: SEQUENCE; Schema: public; Owner: lims
--

CREATE SEQUENCE contragenttypeid_seq
    START WITH 1
    INCREMENT BY 1
    NO MINVALUE
    NO MAXVALUE
    CACHE 1;


ALTER TABLE contragenttypeid_seq OWNER TO lims;

--
-- Name: country; Type: TABLE; Schema: public; Owner: lims
--

CREATE TABLE country (
    countryid integer NOT NULL,
    code character varying(2) NOT NULL,
    nameen text NOT NULL,
    namege text NOT NULL
);


ALTER TABLE country OWNER TO lims;

--
-- Name: destroymethod; Type: TABLE; Schema: public; Owner: lims
--

CREATE TABLE destroymethod (
    destroymethodid integer NOT NULL,
    name text NOT NULL
);


ALTER TABLE destroymethod OWNER TO lims;

--
-- Name: destroymethodid_seq; Type: SEQUENCE; Schema: public; Owner: lims
--

CREATE SEQUENCE destroymethodid_seq
    START WITH 1
    INCREMENT BY 1
    NO MINVALUE
    NO MAXVALUE
    CACHE 1;


ALTER TABLE destroymethodid_seq OWNER TO lims;

--
-- Name: disclaimsampleitem; Type: TABLE; Schema: public; Owner: lims
--

CREATE TABLE disclaimsampleitem (
    disclaimsampleitemid bigint NOT NULL,
    contractsampleitemid bigint NOT NULL,
    reason text,
    regbyid integer NOT NULL,
    regdate timestamp without time zone DEFAULT now() NOT NULL
);


ALTER TABLE disclaimsampleitem OWNER TO lims;

--
-- Name: disclaimsampleitemid_seq; Type: SEQUENCE; Schema: public; Owner: lims
--

CREATE SEQUENCE disclaimsampleitemid_seq
    START WITH 1
    INCREMENT BY 1
    NO MINVALUE
    NO MAXVALUE
    CACHE 1;


ALTER TABLE disclaimsampleitemid_seq OWNER TO lims;

--
-- Name: document; Type: TABLE; Schema: public; Owner: lims
--

CREATE TABLE document (
    documentid bigint NOT NULL,
    name text NOT NULL,
    filename text NOT NULL,
    path character varying NOT NULL,
    url character varying NOT NULL,
    type character varying NOT NULL,
    size bigint NOT NULL,
    regdate timestamp without time zone DEFAULT now() NOT NULL,
    regbyid integer NOT NULL
);


ALTER TABLE document OWNER TO lims;

--
-- Name: documentid_seq; Type: SEQUENCE; Schema: public; Owner: lims
--

CREATE SEQUENCE documentid_seq
    START WITH 1
    INCREMENT BY 1
    NO MINVALUE
    NO MAXVALUE
    CACHE 1;


ALTER TABLE documentid_seq OWNER TO lims;

--
-- Name: institution; Type: TABLE; Schema: public; Owner: lims
--

CREATE TABLE institution (
    institutionid integer NOT NULL,
    name text NOT NULL,
    address text NOT NULL,
    code character varying(255),
    provider boolean DEFAULT false NOT NULL,
    headerlogo character varying(255),
    iso text,
    fullname text,
    phone text,
    url text,
    parentid integer,
    companyid integer NOT NULL
);


ALTER TABLE institution OWNER TO lims;

--
-- Name: institutionid_seq; Type: SEQUENCE; Schema: public; Owner: lims
--

CREATE SEQUENCE institutionid_seq
    START WITH 1
    INCREMENT BY 1
    NO MINVALUE
    NO MAXVALUE
    CACHE 1;


ALTER TABLE institutionid_seq OWNER TO lims;

--
-- Name: institutionstock; Type: TABLE; Schema: public; Owner: lims
--

CREATE TABLE institutionstock (
    institutionid integer NOT NULL,
    stockid integer NOT NULL
);


ALTER TABLE institutionstock OWNER TO lims;

--
-- Name: invoice; Type: TABLE; Schema: public; Owner: lims
--

CREATE TABLE invoice (
    invoiceid bigint NOT NULL,
    num character varying(255) NOT NULL,
    invoicedate date NOT NULL,
    price double precision NOT NULL,
    vat double precision NOT NULL,
    operid integer NOT NULL,
    contragentid bigint NOT NULL,
    regbyid integer NOT NULL,
    regdate timestamp without time zone DEFAULT now() NOT NULL,
    invoicetypeid integer NOT NULL,
    invoicesourcetypeid integer NOT NULL
);


ALTER TABLE invoice OWNER TO lims;

--
-- Name: invoiceid_seq; Type: SEQUENCE; Schema: public; Owner: lims
--

CREATE SEQUENCE invoiceid_seq
    START WITH 1
    INCREMENT BY 1
    NO MINVALUE
    NO MAXVALUE
    CACHE 1;


ALTER TABLE invoiceid_seq OWNER TO lims;

--
-- Name: invoicesourcetype; Type: TABLE; Schema: public; Owner: lims
--

CREATE TABLE invoicesourcetype (
    invoicesourcetypeid integer NOT NULL,
    name text NOT NULL
);


ALTER TABLE invoicesourcetype OWNER TO lims;

--
-- Name: invoicesourcetypeid_seq; Type: SEQUENCE; Schema: public; Owner: lims
--

CREATE SEQUENCE invoicesourcetypeid_seq
    START WITH 1
    INCREMENT BY 1
    NO MINVALUE
    NO MAXVALUE
    CACHE 1;


ALTER TABLE invoicesourcetypeid_seq OWNER TO lims;

--
-- Name: invoicetype; Type: TABLE; Schema: public; Owner: lims
--

CREATE TABLE invoicetype (
    invoicetypeid integer NOT NULL,
    name text NOT NULL
);


ALTER TABLE invoicetype OWNER TO lims;

--
-- Name: invoicetypeid_seq; Type: SEQUENCE; Schema: public; Owner: lims
--

CREATE SEQUENCE invoicetypeid_seq
    START WITH 1
    INCREMENT BY 1
    NO MINVALUE
    NO MAXVALUE
    CACHE 1;


ALTER TABLE invoicetypeid_seq OWNER TO lims;

--
-- Name: labtest; Type: TABLE; Schema: public; Owner: lims
--

CREATE TABLE labtest (
    labtestid integer NOT NULL,
    code character varying NOT NULL,
    name text NOT NULL,
    abbreviation character varying NOT NULL,
    grp boolean NOT NULL,
    ctr boolean NOT NULL,
    restypeid integer,
    unitsid integer,
    testcategoryid integer NOT NULL,
    description text NOT NULL,
    companyid integer NOT NULL,
    normmin double precision,
    normmax double precision,
    tnorm text,
    bnormval1 text,
    bnormval2 text,
    controlprocedure text
);


ALTER TABLE labtest OWNER TO lims;

--
-- Name: COLUMN labtest.code; Type: COMMENT; Schema: public; Owner: lims
--

COMMENT ON COLUMN labtest.code IS 'კოდი';


--
-- Name: COLUMN labtest.name; Type: COMMENT; Schema: public; Owner: lims
--

COMMENT ON COLUMN labtest.name IS 'დასახელება';


--
-- Name: COLUMN labtest.abbreviation; Type: COMMENT; Schema: public; Owner: lims
--

COMMENT ON COLUMN labtest.abbreviation IS 'აბრევიატურა';


--
-- Name: COLUMN labtest.grp; Type: COMMENT; Schema: public; Owner: lims
--

COMMENT ON COLUMN labtest.grp IS 'ჯგუფია';


--
-- Name: COLUMN labtest.ctr; Type: COMMENT; Schema: public; Owner: lims
--

COMMENT ON COLUMN labtest.ctr IS 'ხარისხის კონტროლია';


--
-- Name: COLUMN labtest.restypeid; Type: COMMENT; Schema: public; Owner: lims
--

COMMENT ON COLUMN labtest.restypeid IS 'შედეგის ტიპი';


--
-- Name: COLUMN labtest.unitsid; Type: COMMENT; Schema: public; Owner: lims
--

COMMENT ON COLUMN labtest.unitsid IS 'პასუხის ერთეული';


--
-- Name: COLUMN labtest.testcategoryid; Type: COMMENT; Schema: public; Owner: lims
--

COMMENT ON COLUMN labtest.testcategoryid IS 'კატეგორია';


--
-- Name: COLUMN labtest.description; Type: COMMENT; Schema: public; Owner: lims
--

COMMENT ON COLUMN labtest.description IS 'აღწერა';


--
-- Name: labtestanswer; Type: TABLE; Schema: public; Owner: lims
--

CREATE TABLE labtestanswer (
    labtestanswerid integer,
    labtestid integer,
    val text,
    norm boolean DEFAULT false NOT NULL
);


ALTER TABLE labtestanswer OWNER TO lims;

--
-- Name: labtestcontrol; Type: TABLE; Schema: public; Owner: lims
--

CREATE TABLE labtestcontrol (
    labtestid integer NOT NULL,
    controlid integer NOT NULL,
    schedule text
);


ALTER TABLE labtestcontrol OWNER TO lims;

--
-- Name: labtestcontroldocument; Type: TABLE; Schema: public; Owner: lims
--

CREATE TABLE labtestcontroldocument (
    labtestid integer NOT NULL,
    documentid bigint NOT NULL
);


ALTER TABLE labtestcontroldocument OWNER TO lims;

--
-- Name: labtestid_seq; Type: SEQUENCE; Schema: public; Owner: lims
--

CREATE SEQUENCE labtestid_seq
    START WITH 1
    INCREMENT BY 1
    NO MINVALUE
    NO MAXVALUE
    CACHE 1;


ALTER TABLE labtestid_seq OWNER TO lims;

--
-- Name: labtestinstitution; Type: TABLE; Schema: public; Owner: lims
--

CREATE TABLE labtestinstitution (
    labtestid integer NOT NULL,
    institutionid integer NOT NULL
);


ALTER TABLE labtestinstitution OWNER TO lims;

--
-- Name: labtestprod; Type: TABLE; Schema: public; Owner: lims
--

CREATE TABLE labtestprod (
    labtestid integer NOT NULL,
    productid bigint NOT NULL,
    qty double precision NOT NULL
);


ALTER TABLE labtestprod OWNER TO lims;

--
-- Name: labtestsampletype; Type: TABLE; Schema: public; Owner: lims
--

CREATE TABLE labtestsampletype (
    labtestid integer NOT NULL,
    sampletypeid integer NOT NULL
);


ALTER TABLE labtestsampletype OWNER TO lims;

--
-- Name: labteststandard; Type: TABLE; Schema: public; Owner: lims
--

CREATE TABLE labteststandard (
    labtestid integer NOT NULL,
    standardid integer NOT NULL
);


ALTER TABLE labteststandard OWNER TO lims;

--
-- Name: lang; Type: TABLE; Schema: public; Owner: lims
--

CREATE TABLE lang (
    langid integer NOT NULL,
    name character varying(255) NOT NULL,
    code character varying(5) NOT NULL,
    flag character varying(255) NOT NULL,
    basic boolean DEFAULT false NOT NULL
);


ALTER TABLE lang OWNER TO lims;

--
-- Name: menu; Type: TABLE; Schema: public; Owner: lims
--

CREATE TABLE menu (
    menuid integer NOT NULL,
    name text NOT NULL,
    file character varying(50) NOT NULL,
    parentid integer,
    ord integer NOT NULL,
    icon character varying(255),
    companyid integer
);


ALTER TABLE menu OWNER TO lims;

--
-- Name: menuid_seq; Type: SEQUENCE; Schema: public; Owner: lims
--

CREATE SEQUENCE menuid_seq
    START WITH 1
    INCREMENT BY 1
    NO MINVALUE
    NO MAXVALUE
    CACHE 1;


ALTER TABLE menuid_seq OWNER TO lims;

--
-- Name: messages; Type: TABLE; Schema: public; Owner: lims
--

CREATE TABLE messages (
    messagesid bigint NOT NULL,
    messagedate timestamp without time zone DEFAULT now() NOT NULL,
    personellid integer NOT NULL,
    content text NOT NULL,
    read boolean DEFAULT false NOT NULL,
    readdate timestamp without time zone,
    deleted boolean DEFAULT false NOT NULL,
    deletedate timestamp without time zone
);


ALTER TABLE messages OWNER TO lims;

--
-- Name: messagesid_seq; Type: SEQUENCE; Schema: public; Owner: lims
--

CREATE SEQUENCE messagesid_seq
    START WITH 1
    INCREMENT BY 1
    NO MINVALUE
    NO MAXVALUE
    CACHE 1;


ALTER TABLE messagesid_seq OWNER TO lims;

--
-- Name: oper; Type: TABLE; Schema: public; Owner: lims
--

CREATE TABLE oper (
    operid integer NOT NULL,
    name text NOT NULL,
    type integer NOT NULL
);


ALTER TABLE oper OWNER TO lims;

--
-- Name: operid_seq; Type: SEQUENCE; Schema: public; Owner: lims
--

CREATE SEQUENCE operid_seq
    START WITH 1
    INCREMENT BY 1
    NO MINVALUE
    NO MAXVALUE
    CACHE 1;


ALTER TABLE operid_seq OWNER TO lims;

--
-- Name: personell; Type: TABLE; Schema: public; Owner: lims
--

CREATE TABLE personell (
    personellid integer NOT NULL,
    fname text NOT NULL,
    lname text NOT NULL,
    phone character varying(50),
    personelltypeid integer NOT NULL,
    loginid character varying(255) NOT NULL,
    password character varying(255) NOT NULL,
    email character varying(255),
    address text,
    regdate timestamp without time zone DEFAULT now() NOT NULL,
    deleted boolean DEFAULT false NOT NULL,
    institutionid integer NOT NULL,
    signature character varying(255),
    limited boolean DEFAULT false NOT NULL,
    companyid integer,
    picture character varying(255),
    gender character varying(1) DEFAULT 'M'::character varying NOT NULL,
    options text
);


ALTER TABLE personell OWNER TO lims;

--
-- Name: personellid_seq; Type: SEQUENCE; Schema: public; Owner: lims
--

CREATE SEQUENCE personellid_seq
    START WITH 1
    INCREMENT BY 1
    NO MINVALUE
    NO MAXVALUE
    CACHE 1;


ALTER TABLE personellid_seq OWNER TO lims;

--
-- Name: personelltype; Type: TABLE; Schema: public; Owner: lims
--

CREATE TABLE personelltype (
    personelltypeid integer NOT NULL,
    name text NOT NULL,
    description text,
    code character varying(2) NOT NULL,
    companyid integer NOT NULL
);


ALTER TABLE personelltype OWNER TO lims;

--
-- Name: personelltypeid_seq; Type: SEQUENCE; Schema: public; Owner: lims
--

CREATE SEQUENCE personelltypeid_seq
    START WITH 1
    INCREMENT BY 1
    NO MINVALUE
    NO MAXVALUE
    CACHE 1;


ALTER TABLE personelltypeid_seq OWNER TO lims;

--
-- Name: plevel; Type: TABLE; Schema: public; Owner: lims
--

CREATE TABLE plevel (
    plevelid integer NOT NULL,
    personelltypeid integer NOT NULL,
    menuid integer NOT NULL,
    read boolean NOT NULL,
    write boolean NOT NULL,
    print boolean DEFAULT false NOT NULL,
    export boolean DEFAULT false NOT NULL
);


ALTER TABLE plevel OWNER TO lims;

--
-- Name: plevelid_seq; Type: SEQUENCE; Schema: public; Owner: lims
--

CREATE SEQUENCE plevelid_seq
    START WITH 1
    INCREMENT BY 1
    NO MINVALUE
    NO MAXVALUE
    CACHE 1;


ALTER TABLE plevelid_seq OWNER TO lims;

--
-- Name: price; Type: TABLE; Schema: public; Owner: lims
--

CREATE TABLE price (
    priceid integer NOT NULL,
    pricedate date NOT NULL,
    reason text NOT NULL,
    price double precision NOT NULL,
    labtestid integer NOT NULL
);


ALTER TABLE price OWNER TO lims;

--
-- Name: priceid_seq; Type: SEQUENCE; Schema: public; Owner: lims
--

CREATE SEQUENCE priceid_seq
    START WITH 1
    INCREMENT BY 1
    NO MINVALUE
    NO MAXVALUE
    CACHE 1;


ALTER TABLE priceid_seq OWNER TO lims;

--
-- Name: product; Type: TABLE; Schema: public; Owner: lims
--

CREATE TABLE product (
    productid bigint NOT NULL,
    code character varying(255),
    name text NOT NULL,
    punitid integer,
    limitqty double precision DEFAULT 0 NOT NULL,
    exp1 bigint,
    exp2 bigint,
    productgroupid integer NOT NULL
);


ALTER TABLE product OWNER TO lims;

--
-- Name: productgroup; Type: TABLE; Schema: public; Owner: lims
--

CREATE TABLE productgroup (
    productgroupid integer NOT NULL,
    parentid integer,
    name text NOT NULL,
    code character varying(255) NOT NULL,
    companyid integer NOT NULL
);


ALTER TABLE productgroup OWNER TO lims;

--
-- Name: productgroupid_seq; Type: SEQUENCE; Schema: public; Owner: lims
--

CREATE SEQUENCE productgroupid_seq
    START WITH 1
    INCREMENT BY 1
    NO MINVALUE
    NO MAXVALUE
    CACHE 1;


ALTER TABLE productgroupid_seq OWNER TO lims;

--
-- Name: productid_seq; Type: SEQUENCE; Schema: public; Owner: lims
--

CREATE SEQUENCE productid_seq
    START WITH 1
    INCREMENT BY 1
    NO MINVALUE
    NO MAXVALUE
    CACHE 1;


ALTER TABLE productid_seq OWNER TO lims;

--
-- Name: productunit; Type: TABLE; Schema: public; Owner: lims
--

CREATE TABLE productunit (
    productid bigint NOT NULL,
    punitid integer NOT NULL,
    amount double precision NOT NULL
);


ALTER TABLE productunit OWNER TO lims;

--
-- Name: punit; Type: TABLE; Schema: public; Owner: lims
--

CREATE TABLE punit (
    punitid integer NOT NULL,
    name text NOT NULL
);


ALTER TABLE punit OWNER TO lims;

--
-- Name: punitid_seq; Type: SEQUENCE; Schema: public; Owner: lims
--

CREATE SEQUENCE punitid_seq
    START WITH 1
    INCREMENT BY 1
    NO MINVALUE
    NO MAXVALUE
    CACHE 1;


ALTER TABLE punitid_seq OWNER TO lims;

--
-- Name: rejectreason; Type: TABLE; Schema: public; Owner: lims
--

CREATE TABLE rejectreason (
    rejectreasonid integer NOT NULL,
    name text NOT NULL
);


ALTER TABLE rejectreason OWNER TO lims;

--
-- Name: rejectreasonid_seq; Type: SEQUENCE; Schema: public; Owner: lims
--

CREATE SEQUENCE rejectreasonid_seq
    START WITH 1
    INCREMENT BY 1
    NO MINVALUE
    NO MAXVALUE
    CACHE 1;


ALTER TABLE rejectreasonid_seq OWNER TO lims;

--
-- Name: reseachstatushistory; Type: TABLE; Schema: public; Owner: lims
--

CREATE TABLE reseachstatushistory (
    reseachstatushistoryid bigint NOT NULL,
    sampleitemreseachid bigint NOT NULL,
    status integer,
    reason text,
    method text,
    statusdate timestamp without time zone,
    regbyid integer NOT NULL,
    regdate timestamp without time zone DEFAULT now() NOT NULL
);


ALTER TABLE reseachstatushistory OWNER TO lims;

--
-- Name: reseachstatushistoryid_seq; Type: SEQUENCE; Schema: public; Owner: lims
--

CREATE SEQUENCE reseachstatushistoryid_seq
    START WITH 1
    INCREMENT BY 1
    NO MINVALUE
    NO MAXVALUE
    CACHE 1;


ALTER TABLE reseachstatushistoryid_seq OWNER TO lims;

--
-- Name: restype; Type: TABLE; Schema: public; Owner: lims
--

CREATE TABLE restype (
    restypeid integer NOT NULL,
    name text NOT NULL
);


ALTER TABLE restype OWNER TO lims;

--
-- Name: restypeid_seq; Type: SEQUENCE; Schema: public; Owner: lims
--

CREATE SEQUENCE restypeid_seq
    START WITH 1
    INCREMENT BY 1
    NO MINVALUE
    NO MAXVALUE
    CACHE 1;


ALTER TABLE restypeid_seq OWNER TO lims;

--
-- Name: sampleitemreseach; Type: TABLE; Schema: public; Owner: lims
--

CREATE TABLE sampleitemreseach (
    sampleitemreseachid bigint NOT NULL,
    contractsampleitemid bigint,
    contractid bigint NOT NULL,
    labtestid integer NOT NULL,
    price double precision,
    regbyid integer NOT NULL,
    regdate timestamp without time zone DEFAULT now() NOT NULL,
    deleted boolean DEFAULT false,
    status integer DEFAULT 1,
    totalsubtest integer DEFAULT 0 NOT NULL,
    parenttest bigint,
    confirmation1id bigint,
    confirmation2id bigint,
    confirmation3id bigint,
    daynum integer DEFAULT 2,
    institutionid integer
);


ALTER TABLE sampleitemreseach OWNER TO lims;

--
-- Name: sampleitemreseachid_seq; Type: SEQUENCE; Schema: public; Owner: lims
--

CREATE SEQUENCE sampleitemreseachid_seq
    START WITH 1
    INCREMENT BY 1
    NO MINVALUE
    NO MAXVALUE
    CACHE 1;


ALTER TABLE sampleitemreseachid_seq OWNER TO lims;

--
-- Name: sampleitemstatushistory; Type: TABLE; Schema: public; Owner: lims
--

CREATE TABLE sampleitemstatushistory (
    sampleitemstatushistoryid bigint NOT NULL,
    contractsampleitemid bigint NOT NULL,
    status integer,
    reason text,
    method text,
    statusdate timestamp without time zone,
    regbyid integer NOT NULL,
    regdate timestamp without time zone DEFAULT now() NOT NULL
);


ALTER TABLE sampleitemstatushistory OWNER TO lims;

--
-- Name: sampleitemstatushistoryid_seq; Type: SEQUENCE; Schema: public; Owner: lims
--

CREATE SEQUENCE sampleitemstatushistoryid_seq
    START WITH 1
    INCREMENT BY 1
    NO MINVALUE
    NO MAXVALUE
    CACHE 1;


ALTER TABLE sampleitemstatushistoryid_seq OWNER TO lims;

--
-- Name: samplestatus; Type: TABLE; Schema: public; Owner: lims
--

CREATE TABLE samplestatus (
    samplestatusid integer NOT NULL,
    name text NOT NULL,
    companyid integer NOT NULL
);


ALTER TABLE samplestatus OWNER TO lims;

--
-- Name: sampletype; Type: TABLE; Schema: public; Owner: lims
--

CREATE TABLE sampletype (
    sampletypeid integer NOT NULL,
    name text NOT NULL,
    companyid integer NOT NULL
);


ALTER TABLE sampletype OWNER TO lims;

--
-- Name: sampletypeid_seq; Type: SEQUENCE; Schema: public; Owner: lims
--

CREATE SEQUENCE sampletypeid_seq
    START WITH 1
    INCREMENT BY 1
    NO MINVALUE
    NO MAXVALUE
    CACHE 1;


ALTER TABLE sampletypeid_seq OWNER TO lims;

--
-- Name: standard; Type: TABLE; Schema: public; Owner: lims
--

CREATE TABLE standard (
    standardid integer NOT NULL,
    name text NOT NULL,
    description text NOT NULL
);


ALTER TABLE standard OWNER TO lims;

--
-- Name: standardid_seq; Type: SEQUENCE; Schema: public; Owner: lims
--

CREATE SEQUENCE standardid_seq
    START WITH 1
    INCREMENT BY 1
    NO MINVALUE
    NO MAXVALUE
    CACHE 1;


ALTER TABLE standardid_seq OWNER TO lims;

--
-- Name: stock; Type: TABLE; Schema: public; Owner: lims
--

CREATE TABLE stock (
    stockid integer NOT NULL,
    parentid integer,
    name text NOT NULL,
    companyid integer NOT NULL
);


ALTER TABLE stock OWNER TO lims;

--
-- Name: stockid_seq; Type: SEQUENCE; Schema: public; Owner: lims
--

CREATE SEQUENCE stockid_seq
    START WITH 1
    INCREMENT BY 1
    NO MINVALUE
    NO MAXVALUE
    CACHE 1;


ALTER TABLE stockid_seq OWNER TO lims;

--
-- Name: stockmovement; Type: TABLE; Schema: public; Owner: lims
--

CREATE TABLE stockmovement (
    stockmovementid bigint NOT NULL,
    stockid integer NOT NULL,
    operdate timestamp without time zone NOT NULL,
    productid bigint NOT NULL,
    operid integer NOT NULL,
    quantity double precision NOT NULL,
    unitprice double precision NOT NULL,
    parentid bigint,
    curquantity double precision NOT NULL,
    mstockid integer,
    mcontragentid bigint,
    testresultid bigint,
    testresultquantity double precision,
    invoiceid bigint,
    note text,
    regbyid integer,
    regdate timestamp without time zone DEFAULT now() NOT NULL,
    expdate1 timestamp without time zone,
    expdate2 timestamp without time zone
);


ALTER TABLE stockmovement OWNER TO lims;

--
-- Name: stockmovementid_seq; Type: SEQUENCE; Schema: public; Owner: lims
--

CREATE SEQUENCE stockmovementid_seq
    START WITH 1
    INCREMENT BY 1
    NO MINVALUE
    NO MAXVALUE
    CACHE 1;


ALTER TABLE stockmovementid_seq OWNER TO lims;

--
-- Name: testcategory; Type: TABLE; Schema: public; Owner: lims
--

CREATE TABLE testcategory (
    testcategoryid integer NOT NULL,
    name text NOT NULL,
    companyid integer NOT NULL
);


ALTER TABLE testcategory OWNER TO lims;

--
-- Name: testcategoryid_seq; Type: SEQUENCE; Schema: public; Owner: lims
--

CREATE SEQUENCE testcategoryid_seq
    START WITH 1
    INCREMENT BY 1
    NO MINVALUE
    NO MAXVALUE
    CACHE 1;


ALTER TABLE testcategoryid_seq OWNER TO lims;

--
-- Name: testgroup; Type: TABLE; Schema: public; Owner: lims
--

CREATE TABLE testgroup (
    testgroupid integer NOT NULL,
    labtestid integer NOT NULL
);


ALTER TABLE testgroup OWNER TO lims;

--
-- Name: transitsampleitem; Type: TABLE; Schema: public; Owner: lims
--

CREATE TABLE transitsampleitem (
    transitsampleitemid bigint NOT NULL,
    contractsampleitemid bigint NOT NULL,
    locationid integer,
    outside boolean,
    transitdate date,
    transittime time without time zone,
    container text,
    receiver text,
    researcher text,
    personals text,
    regbyid integer NOT NULL,
    regdate timestamp without time zone DEFAULT now() NOT NULL,
    status integer DEFAULT 1
);


ALTER TABLE transitsampleitem OWNER TO lims;

--
-- Name: transitsampleitemid_seq; Type: SEQUENCE; Schema: public; Owner: lims
--

CREATE SEQUENCE transitsampleitemid_seq
    START WITH 1
    INCREMENT BY 1
    NO MINVALUE
    NO MAXVALUE
    CACHE 1;


ALTER TABLE transitsampleitemid_seq OWNER TO lims;

--
-- Name: trlib; Type: TABLE; Schema: public; Owner: lims
--

CREATE TABLE trlib (
    trlibid bigint NOT NULL,
    langid integer NOT NULL,
    phraseid bigint,
    phrase text
);


ALTER TABLE trlib OWNER TO lims;

--
-- Name: trlibid_seq; Type: SEQUENCE; Schema: public; Owner: lims
--

CREATE SEQUENCE trlibid_seq
    START WITH 1
    INCREMENT BY 1
    NO MINVALUE
    NO MAXVALUE
    CACHE 1;


ALTER TABLE trlibid_seq OWNER TO lims;

--
-- Name: tunit; Type: TABLE; Schema: public; Owner: lims
--

CREATE TABLE tunit (
    tunitid integer NOT NULL,
    countryid integer NOT NULL,
    name text NOT NULL,
    code character varying(10),
    punitid integer
);


ALTER TABLE tunit OWNER TO lims;

--
-- Name: units; Type: TABLE; Schema: public; Owner: lims
--

CREATE TABLE units (
    unitsid integer NOT NULL,
    name text NOT NULL
);


ALTER TABLE units OWNER TO lims;

--
-- Name: unitsid_seq; Type: SEQUENCE; Schema: public; Owner: lims
--

CREATE SEQUENCE unitsid_seq
    START WITH 1
    INCREMENT BY 1
    NO MINVALUE
    NO MAXVALUE
    CACHE 1;


ALTER TABLE unitsid_seq OWNER TO lims;

--
-- Name: v_contract_test; Type: VIEW; Schema: public; Owner: lims
--

CREATE VIEW v_contract_test AS
 SELECT DISTINCT labsam.labtestid,
    lab.name AS labtestname,
    sam.name AS samplename,
    sam.sampletypeid,
    consam.contractid
   FROM labtestsampletype labsam,
    labtest lab,
    sampletype sam,
    contractsampletype consam
  WHERE ((labsam.sampletypeid = sam.sampletypeid) AND (labsam.labtestid = lab.labtestid) AND (consam.sampletypeid = sam.sampletypeid) AND (consam.deleted = false));


ALTER TABLE v_contract_test OWNER TO lims;

--
-- Name: v_contract_testlist; Type: VIEW; Schema: public; Owner: lims
--

CREATE VIEW v_contract_testlist AS
 SELECT DISTINCT labsam.labtestid,
    lab.name AS labtestname,
    consam.contractid
   FROM labtestsampletype labsam,
    labtest lab,
    sampletype sam,
    contractsampletype consam
  WHERE ((labsam.sampletypeid = sam.sampletypeid) AND (labsam.labtestid = lab.labtestid) AND (consam.sampletypeid = sam.sampletypeid) AND (consam.deleted = false));


ALTER TABLE v_contract_testlist OWNER TO lims;

--
-- Name: v_lab_request; Type: VIEW; Schema: public; Owner: lims
--

CREATE VIEW v_lab_request AS
 SELECT lt.labtestid,
    lt.name AS labtestname,
    st.name AS samplename,
    sr.sampleitemreseachid,
    sr.parenttest,
    sr.totalsubtest,
    sr.contractsampleitemid,
    sr.status,
    cst.regdate
   FROM labtest lt,
    sampletype st,
    contractsampleitem csi,
    contractsampletype cst,
    sampleitemreseach sr
  WHERE ((lt.labtestid = sr.labtestid) AND (st.sampletypeid = cst.sampletypeid) AND (cst.contractsampletypeid = csi.contractsampletypeid) AND (csi.contractsampleitemid = sr.contractsampleitemid));


ALTER TABLE v_lab_request OWNER TO lims;

--
-- Name: v_lab_research; Type: VIEW; Schema: public; Owner: lims
--

CREATE VIEW v_lab_research AS
 SELECT lt.labtestid,
    lt.name AS labtestname,
    sr.contractsampleitemid,
    confirm1.confirm1date,
    confirm1.confirm1byid,
    confirm1.confirm1status,
    confirm1.confirm1person,
    confirm2.confirm2date,
    confirm2.confirm2byid,
    confirm2.confirm2status,
    confirm2.confirm2person,
    confirm3.confirm3date,
    confirm3.confirm3byid,
    confirm3.confirm3status,
    confirm3.confirm3person
   FROM labtest lt,
    (((sampleitemreseach sr
     LEFT JOIN ( SELECT confirmation.regdate AS confirm1date,
            confirmation.regbyid AS confirm1byid,
            confirmation.status AS confirm1status,
            confirmation.confirmationid,
            concat(personell.fname, ' ', personell.lname) AS confirm1person
           FROM confirmation,
            personell
          WHERE (confirmation.regbyid = personell.personellid)) confirm1 ON ((confirm1.confirmationid = sr.confirmation1id)))
     LEFT JOIN ( SELECT confirmation.regdate AS confirm2date,
            confirmation.regbyid AS confirm2byid,
            confirmation.status AS confirm2status,
            confirmation.confirmationid,
            concat(personell.fname, ' ', personell.lname) AS confirm2person
           FROM confirmation,
            personell
          WHERE (confirmation.regbyid = personell.personellid)) confirm2 ON ((confirm2.confirmationid = sr.confirmation2id)))
     LEFT JOIN ( SELECT confirmation.regdate AS confirm3date,
            confirmation.regbyid AS confirm3byid,
            confirmation.status AS confirm3status,
            confirmation.confirmationid,
            concat(personell.fname, ' ', personell.lname) AS confirm3person
           FROM confirmation,
            personell
          WHERE (confirmation.regbyid = personell.personellid)) confirm3 ON ((confirm3.confirmationid = sr.confirmation3id)))
  WHERE ((sr.labtestid = lt.labtestid) AND (sr.parenttest IS NULL));


ALTER TABLE v_lab_research OWNER TO lims;

--
-- Name: v_lab_sampleitem; Type: VIEW; Schema: public; Owner: lims
--

CREATE VIEW v_lab_sampleitem AS
 SELECT itm.contractsampleitemid AS barcode,
    itm.num1,
    itm.regdate,
    itm.status,
    sam.name AS sampletype,
    agn.name AS contragent,
    cnt.companyid
   FROM contractsampleitem itm,
    contractsampletype con,
    sampletype sam,
    contract cnt,
    contragent agn
  WHERE ((con.contractsampletypeid = itm.contractsampletypeid) AND (con.sampletypeid = sam.sampletypeid) AND (con.contractid = cnt.contractid) AND (cnt.contragentid = agn.contragentid) AND (cnt.deleted <> true) AND (agn.deleted <> true));


ALTER TABLE v_lab_sampleitem OWNER TO lims;

--
-- Data for Name: act; Type: TABLE DATA; Schema: public; Owner: lims
--

COPY act (actid, contractid, num, actdate, content, sampleamount, regbyid, regdate, docfile, regionid, raionid, villageid, deleted) FROM stdin;
5	1	12135	2017-07-29	საქართველოს სოფლის მეურნეობის სამინისტროს ლაბორატორიის ნიმუშების რეგისტრაციის და სტატისტიკური დამუშავების განყოფილების მთ.სპეციალისტი ნანა მელაძე ერთის მხრივ და მეორე მხრივ შ.პ.ს. ,,კავკასია 2“-ის წარმომადგენელი ემზარ ძამაშვილი ვადგენთ აქტს მასზედ, რომ ემზარ ძამაშვილმა ლაბორატორიაში შემოიტანა წრპ-ს (ცხვარი) სისხლის  სინჯი  957(ცხრაას ორმოცდა ჩვიდმეტი) ბრუცელოზზე და თურქულის არასტრუქტურულ ცილებზე გამოსაკვლევად.	12	5	2017-07-30 11:46:49.186045	\N	\N	\N	\N	\N
6	1	12136	2017-07-29	საქართველოს სოფლის მეურნეობის სამინისტროს ლაბორატორიის ნიმუშების რეგისტრაციის და სტატისტიკური დამუშავების განყოფილების მთ.სპეციალისტი ნანა მელაძე ერთის მხრივ და მეორე მხრივ შ.პ.ს. ,,კავკასია 2“-ის წარმომადგენელი ემზარ ძამაშვილი ვადგენთ აქტს მასზედ, რომ ემზარ ძამაშვილმა ლაბორატორიაში შემოიტანა წრპ-ს (ცხვარი) სისხლის  სინჯი  957(ცხრაას ორმოცდა ჩვიდმეტი) ბრუცელოზზე და თურქულის არასტრუქტურულ ცილებზე გამოსაკვლევად.	12	5	2017-07-30 11:59:02.952964	\N	\N	\N	\N	\N
8	7	111	2017-08-03	საქართველოს სოფლის მეურნეობის სამინისტროს ლაბორატორიის ნიმუშების რეგისტრაციის და სტატისტიკური დამუშავების განყოფილების მთ.სპეციალისტი ნანა მელაძე ერთის მხრივ და მეორე მხრივ შ.პ.ს. ,,კავკასია 2“-ის წარმომადგენელი ემზარ ძამაშვილი ვადგენთ აქტს მასზედ, რომ ემზარ ძამაშვილმა ლაბორატორიაში შემოიტანა წრპ-ს (ცხვარი) სისხლის  სინჯი  957(ცხრაას ორმოცდა ჩვიდმეტი) ბრუცელოზზე და თურქულის არასტრუქტურულ ცილებზე გამოსაკვლევად.	112	5	2017-08-01 22:41:12.171928	111.	\N	\N	\N	\N
10	20	აქტი1	2018-04-08	საქართველოს სოფლის მეურნეობის სამინისტროს ლაბორატორიის ნიმუშების რეგისტრაციის და სტატისტიკური დამუშავების განყოფილების მთ.სპეციალისტი ნანა მელაძე ერთის მხრივ და მეორე მხრივ შ.პ.ს. ,,კავკასია 2“-ის წარმომადგენელი ემზარ ძამაშვილი ვადგენთ აქტს მასზედ, რომ ემზარ ძამაშვილმა ლაბორატორიაში შემოიტანა წრპ-ს (ცხვარი) სისხლის  სინჯი  957(ცხრაას ორმოცდა ჩვიდმეტი) ბრუცელოზზე და თურქულის არასტრუქტურულ ცილებზე გამოსაკვლევად.	4	5	2017-08-04 09:59:29.708331	აქტი1.	\N	\N	\N	\N
9	7	97689	2017-08-02	საქართველოს სოფლის მეურნეობის სამინისტროს ლაბორატორიის ნიმუშების რეგისტრაციის და სტატისტიკური დამუშავების განყოფილების მთ.სპეციალისტი ნანა მელაძე ერთის მხრივ და მეორე მხრივ შ.პ.ს. ,,კავკასია 2“-ის წარმომადგენელი ემზარ ძამაშვილი ვადგენთ აქტს მასზედ, რომ ემზარ ძამაშვილმა ლაბორატორიაში შემოიტანა წრპ-ს (ცხვარი) სისხლის  სინჯი  957(ცხრაას ორმოცდა ჩვიდმეტი) ბრუცელოზზე და თურქულის არასტრუქტურულ ცილებზე გამოსაკვლევად.	1	5	2017-08-01 22:41:14.492434	97689.	2	20	166	\N
11	45	10/10001	2017-08-24	ტესტირება...	200	5	2017-08-24 00:50:02.489155	10/10001.	11	80	3333	f
12	45	10/10002	2017-08-24	ტესტირება...	200	5	2017-08-24 01:10:14.971688	\N	11	80	3333	f
13	64	1212	2018-01-09	საქართველოს სოფლის მეურნეობის სამინისტროს ლაბორატორიის ნიმუშების რეგისტრაციის და სტატისტიკური დამუშავების განყოფილების მთ.სპეციალისტი _______________ ერთის მხრივ და მეორე მხრივ __________________-ის წარმომადგენელი ___________________ ვადგენთ აქტს მასზედ, რომ _______________ ლაბორატორიაში შემოიტანა __________________________________________________________ გამოსაკვლევად.	2	5	2017-09-15 15:16:34.216653	\N	\N	\N	\N	f
14	61	2/1117/2	2017-09-15	საქართველოს სოფლის მეურნეობის სამინისტროს ლაბორატორიის ნიმუშების რეგისტრაციის და სტატისტიკური დამუშავების განყოფილების მთ.სპეციალისტი _______________ ერთის მხრივ და მეორე მხრივ __________________-ის წარმომადგენელი ___________________ ვადგენთ აქტს მასზედ, რომ _______________ ლაბორატორიაში შემოიტანა __________________________________________________________ გამოსაკვლევად.	12	5	2017-09-15 15:32:10.531885	2/1117/2.desktop	\N	\N	\N	f
15	61	2/1117/1	2017-09-15	საქართველოს სოფლის მეურნეობის სამინისტროს ლაბორატორიის ნიმუშების რეგისტრაციის და სტატისტიკური დამუშავების განყოფილების მთ.სპეციალისტი _______________ ერთის მხრივ და მეორე მხრივ __________________-ის წარმომადგენელი ___________________ ვადგენთ აქტს მასზედ, რომ _______________ ლაბორატორიაში შემოიტანა __________________________________________________________ გამოსაკვლევად.	10	5	2017-09-15 15:39:31.513603	2/1117/1.desktop	\N	\N	\N	f
16	65	123	2017-09-15	საქართველოს სოფლის მეურნეობის სამინისტროს ლაბორატორიის ნიმუშების რეგისტრაციის და სტატისტიკური დამუშავების განყოფილების მთ.სპეციალისტი jgfjhgfhg ერთის მხრივ და მეორე მხრივ lkjhgkjhjkhის წარმომადგენელი gglg ვადგენთ აქტს მასზედ, რომ hlhlhhlhh ლაბორატორიაში შემოიტანა glugugglglglgl გამოსაკვლევად.	3	5	2017-09-15 16:30:39.572585	\N	\N	\N	\N	f
17	61	2/1117/3	2017-09-15	საქართველოს სოფლის მეურნეობის სამინისტროს ლაბორატორიის ნიმუშების რეგისტრაციის და სტატისტიკური დამუშავების განყოფილების მთ.სპეციალისტი _______________ ერთის მხრივ და მეორე მხრივ __________________-ის წარმომადგენელი ___________________ ვადგენთ აქტს მასზედ, რომ _______________ ლაბორატორიაში შემოიტანა __________________________________________________________ გამოსაკვლევად.	10	5	2017-09-15 19:03:24.433637	desktop	\N	\N	\N	f
18	61	2/1117/9	2017-09-15	საქართველოს სოფლის მეურნეობის სამინისტროს ლაბორატორიის ნიმუშების რეგისტრაციის და სტატისტიკური დამუშავების განყოფილების მთ.სპეციალისტი _______________ ერთის მხრივ და მეორე მხრივ __________________-ის წარმომადგენელი ___________________ ვადგენთ აქტს მასზედ, რომ _______________ ლაბორატორიაში შემოიტანა __________________________________________________________ გამოსაკვლევად.	10	5	2017-09-15 20:00:39.544258	desktop	\N	\N	\N	f
19	61	2/1117/10	2017-09-15	საქართველოს სოფლის მეურნეობის სამინისტროს ლაბორატორიის ნიმუშების რეგისტრაციის და სტატისტიკური დამუშავების განყოფილების მთ.სპეციალისტი _______________ ერთის მხრივ და მეორე მხრივ __________________-ის წარმომადგენელი ___________________ ვადგენთ აქტს მასზედ, რომ _______________ ლაბორატორიაში შემოიტანა __________________________________________________________ გამოსაკვლევად.	10	5	2017-09-15 20:04:21.415233	desktop	\N	\N	\N	f
20	75	შ01	2017-09-20	საქართველოს სოფლის მეურნეობის სამინისტროს ლაბორატორიის ნიმუშების რეგისტრაციის და სტატისტიკური დამუშავების განყოფილების მთ.სპეციალისტი _______________ ერთის მხრივ და მეორე მხრივ __________________-ის წარმომადგენელი ___________________ ვადგენთ აქტს მასზედ, რომ _______________ ლაბორატორიაში შემოიტანა __________________________________________________________ გამოსაკვლევად.	1	5	2017-09-20 21:29:58.467891	\N	\N	\N	\N	f
21	78	A100/1	2017-09-20	საქართველოს სოფლის მეურნეობის სამინისტროს ლაბორატორიის ნიმუშების რეგისტრაციის და სტატისტიკური დამუშავების განყოფილების მთ.სპეციალისტი _______________ ერთის მხრივ და მეორე მხრივ __________________-ის წარმომადგენელი ___________________ ვადგენთ აქტს მასზედ, რომ _______________ ლაბორატორიაში შემოიტანა __________________________________________________________ გამოსაკვლევად.	12	5	2017-09-20 22:51:17.132777	\N	\N	\N	\N	f
22	78	A100/2	2017-09-21	საქართველოს სოფლის მეურნეობის სამინისტროს ლაბორატორიის ნიმუშების რეგისტრაციის და სტატისტიკური დამუშავების განყოფილების მთ.სპეციალისტი _______________ ერთის მხრივ და მეორე მხრივ __________________-ის წარმომადგენელი ___________________ ვადგენთ აქტს მასზედ, რომ _______________ ლაბორატორიაში შემოიტანა __________________________________________________________ გამოსაკვლევად.	12	5	2017-09-20 22:59:36.580718	\N	\N	\N	\N	f
\.


--
-- Name: actid_seq; Type: SEQUENCE SET; Schema: public; Owner: lims
--

SELECT pg_catalog.setval('actid_seq', 22, true);


--
-- Data for Name: appeal; Type: TABLE DATA; Schema: public; Owner: lims
--

COPY appeal (appealid, contractid, num, appealdate, path, samplenum, regbyid, regdate, regionid, raionid, villageid, deleted) FROM stdin;
7	45	10002	2017-08-24	10002.	100	5	2017-08-24 00:32:40.55503	2	20	166	f
6	45	10001	2017-08-21	10001.	50	5	2017-08-22 00:25:43.339397	2	20	166	t
8	40	09-10/8684	2018-03-09	09-10/8684.PDF	1	5	2017-09-15 13:51:55.719501	7	\N	\N	f
9	61	2/1117/1	2018-02-09	2/1117/1.desktop	10	5	2017-09-15 14:03:38.511932	1	\N	\N	f
10	61	2/1117/2	2018-01-09	2/1117/2.desktop	10	5	2017-09-15 14:33:44.148225	1	\N	\N	f
11	61	2/1117/3	2018-01-09	2/1117/3.desktop	10	5	2017-09-15 14:36:56.787829	1	\N	\N	f
13	61	2/1117/4	2018-01-09	desktop	10	5	2017-09-15 14:56:27.833722	1	\N	\N	f
14	65	123	2017-09-15		2	5	2017-09-15 16:28:34.956671	2	\N	\N	f
15	61	2/1117/6	2017-09-15	desktop	10	5	2017-09-15 19:23:46.859964	2	\N	\N	f
17	61	2/1117/9	2017-09-15	desktop	1	5	2017-09-15 19:38:10.140597	1	\N	\N	f
16	61	2/1117/8	2017-09-15		10	5	2017-09-15 19:32:44.152117	1	\N	\N	f
\.


--
-- Name: appealid_seq; Type: SEQUENCE SET; Schema: public; Owner: lims
--

SELECT pg_catalog.setval('appealid_seq', 17, true);


--
-- Data for Name: bill; Type: TABLE DATA; Schema: public; Owner: lims
--

COPY bill (billid, num, contractid, path, regdate, regbyid) FROM stdin;
1	შ01	75	documents/acts/bill3594936401460176603.jpeg	2017-09-20 21:28:07.7228	5
\.


--
-- Name: billid_seq; Type: SEQUENCE SET; Schema: public; Owner: lims
--

SELECT pg_catalog.setval('billid_seq', 1, true);


--
-- Data for Name: certificate; Type: TABLE DATA; Schema: public; Owner: lims
--

COPY certificate (certificateid, companyid, name, logo) FROM stdin;
1	2	ANAB	cert_1.png
2	2	ilac-MRA	cert_2.png
3	2	საკ	cert_3.png
\.


--
-- Name: certificateid_seq; Type: SEQUENCE SET; Schema: public; Owner: lims
--

SELECT pg_catalog.setval('certificateid_seq', 3, true);


--
-- Data for Name: company; Type: TABLE DATA; Schema: public; Owner: lims
--

COPY company (companyid, name, logo, url) FROM stdin;
1	დაავადებათა კონტროლისა და საზოგადოებრივი ჯანდაცვის ეროვნული ცენტრი	ncdc_logo.png	http://ncdc.ge
2	სოფლის მეურნეობის სამინისტროს ლაბორატორია	lma_logo.png	http://lma.gov.ge
\.


--
-- Name: companyid_seq; Type: SEQUENCE SET; Schema: public; Owner: lims
--

SELECT pg_catalog.setval('companyid_seq', 2, true);


--
-- Data for Name: conf; Type: TABLE DATA; Schema: public; Owner: lims
--

COPY conf (confid, name, val, companyid) FROM stdin;
1	AUTHTYPE	http://birthregistry.moh.gov.ge/Hmis/Hmis.UserManagement.Web/Services/UserManagementJsonWcf.svc	1
2	AUTHID	27ae6355-58d8-4475-a989-6cbb7957b21f	1
3	BARCODE	{"n":"0_4","url":"getbcode?fmt=gif&type=code128&msg=12345678901&mw=0.21mm","module_width":"0.21","scale":100}	2
\.


--
-- Name: confid_seq; Type: SEQUENCE SET; Schema: public; Owner: lims
--

SELECT pg_catalog.setval('confid_seq', 3, true);


--
-- Data for Name: confirmation; Type: TABLE DATA; Schema: public; Owner: lims
--

COPY confirmation (confirmationid, contractsampleitemid, status, regbyid, regdate) FROM stdin;
\.


--
-- Name: confirmationid_seq; Type: SEQUENCE SET; Schema: public; Owner: lims
--

SELECT pg_catalog.setval('confirmationid_seq', 1, false);


--
-- Data for Name: contract; Type: TABLE DATA; Schema: public; Owner: lims
--

COPY contract (contractid, companyid, contragentid, num, startdate, enddate, price, sampletypeid, contracttype, path, regbyid, regdate, ownerid, info, deleted, status, contractownerid, reminddate, remindtime, remindpid) FROM stdin;
1	2	285	121212	2017-07-28	2017-07-20	112	\N	2	\N	5	2017-07-30 09:59:56.061363	\N	\N	f	1	\N	\N	\N	\N
2	2	282	62005015044 ი.მ	2017-07-31	2017-07-31	8	\N	2	\N	5	2017-07-31 15:35:43.020986	\N	\N	f	1	\N	\N	\N	\N
19	2	285	11	2017-08-02	2017-08-03	22	\N	2	11.	5	2017-08-02 22:16:19.409003	\N	\N	f	1	\N	\N	\N	\N
20	2	286	112233	2017-08-03	2017-08-10	500	\N	2	112233.	5	2017-08-03 18:41:35.316563	\N	\N	f	1	\N	\N	\N	\N
30	2	286	112236	2017-08-09	2017-08-09	100	\N	2	112236.	5	2017-08-09 08:58:01.561093	\N	\N	f	1	\N	\N	\N	\N
29	2	286	020202	2017-08-09	2017-08-20	0	\N	1	112235.	5	2017-08-09 08:43:43.491014	\N	\N	f	1	\N	\N	\N	\N
38	2	287	252016	2017-08-09	2017-12-01	200000	\N	2	252016.pdf	5	2017-08-09 13:29:24.738697	\N	\N	f	1	\N	\N	\N	\N
39	2	287	252016	2017-08-09	2017-12-01	200000	\N	2	252016.pdf	5	2017-08-09 13:45:44.504499	\N	\N	f	1	\N	\N	\N	\N
40	2	287	252016	2017-08-09	2017-12-01	200000	\N	2	252016.pdf	5	2017-08-09 13:47:27.806129	\N	\N	f	1	\N	\N	\N	\N
41	2	288	1374	2017-08-09	2017-08-10	0	\N	1	\N	5	2017-08-09 13:52:32.010113	\N	\N	f	1	\N	\N	\N	\N
44	2	289	1/1000	2017-08-11	2017-08-11	0	\N	1	\N	5	2017-08-11 11:09:16.459984	\N		f	1	\N	\N	\N	\N
45	2	289	2/1112	2017-08-11	2017-08-11	0	\N	2	2/1112.	5	2017-08-11 12:24:07.790679	\N		f	1	\N	\N	\N	\N
43	2	288	555	2017-08-09	2017-08-31	540000	\N	2	555.	5	2017-08-09 14:04:16.852419	\N	\N	t	1	\N	\N	\N	\N
42	2	288	555	2017-08-09	2017-08-31	540000	\N	2	555.	5	2017-08-09 14:02:33.731894	\N	\N	t	1	\N	\N	\N	\N
7	2	285	11223345	2017-07-31	2017-07-31	0	\N	1	\N	5	2017-07-31 23:27:29.672029	\N	\N	t	1	\N	\N	\N	\N
32	2	286	2/10	2017-08-10	2017-08-10	0	\N	2	2/10.	5	2017-08-09 12:09:06.133198	\N	\N	t	1	\N	\N	\N	\N
28	2	286	112234	2017-08-09	2017-09-06	10000	\N	2	112234.	5	2017-08-09 08:32:14.31649	\N	\N	t	1	\N	\N	\N	\N
46	2	289	2/1113	2017-08-23	2017-08-23	0	\N	2	2/1113.	5	2017-08-23 09:48:31.30103	\N	ტესტი	f	1	\N	\N	\N	\N
47	2	290	1535	2017-09-11	2017-10-11	0	\N	1	\N	5	2017-09-11 12:02:32.380413	\N		f	1	\N	\N	\N	\N
48	2	292	21212	2017-09-12	2017-09-12	0	\N	1	\N	5	2017-09-12 10:47:23.453317	\N		f	1	\N	\N	\N	\N
49	2	290	321	2017-09-13	2017-09-17	0	\N	1	\N	5	2017-09-13 10:27:30.752856	\N		f	1	\N	\N	\N	\N
50	2	296	1	2017-09-13	2017-09-14	0	\N	2	1.	5	2017-09-13 11:32:51.64008	\N		f	1	\N	\N	\N	\N
51	2	297	321	2017-09-13	2017-09-14	0	\N	1	\N	5	2017-09-13 11:55:57.030771	\N		f	1	\N	\N	\N	\N
52	2	298	0102	2017-09-13	2017-09-16	0	\N	1	\N	5	2017-09-13 13:47:59.112425	\N		f	1	\N	\N	\N	\N
53	2	299	01022222222	2017-09-13	2017-09-17	0	\N	1	\N	5	2017-09-13 13:56:38.655452	\N		f	1	\N	\N	\N	\N
54	2	299	2222222	2017-09-13	2017-09-16	0	\N	1	\N	5	2017-09-13 15:00:48.083592	\N		f	1	\N	\N	\N	\N
55	2	300	213	2017-09-14	2017-09-24	0	\N	1	\N	5	2017-09-14 17:15:00.096963	\N		f	1	\N	\N	\N	\N
56	2	301	0102	2017-09-14	2017-09-15	0	\N	1	\N	5	2017-09-14 17:35:13.943154	\N		f	1	\N	\N	\N	\N
57	2	289	2/1115	2017-09-14	2017-09-15	1000	\N	2	2/1115.	5	2017-09-14 17:54:20.300071	\N		f	1	\N	\N	\N	\N
58	2	302	32222	2017-09-14	2017-09-20	0	\N	1	\N	5	2017-09-14 17:58:01.733228	\N		f	1	\N	\N	\N	\N
59	2	289	2/1116	2017-09-14	2017-09-14	111	\N	2	2/1116.	5	2017-09-14 18:04:20.644949	\N		f	1	\N	\N	\N	\N
60	2	303	1575	2017-09-14	2017-09-15	0	\N	1	\N	5	2017-09-14 18:12:32.775841	\N		f	1	\N	\N	\N	\N
61	2	289	2/1117	2017-09-15	2017-09-15	111111	\N	2	2/1117.	5	2017-09-14 18:18:31.507013	\N		f	1	\N	\N	\N	\N
62	2	305	1577	2017-09-15	2017-09-19	0	\N	1	\N	5	2017-09-15 13:24:00.836831	\N		f	1	\N	\N	\N	\N
63	2	306	1581	2017-09-15	2017-09-20	0	\N	1	\N	5	2017-09-15 14:45:50.717403	\N		f	1	\N	\N	\N	\N
64	2	298	2211	2017-09-15	2017-09-15	100000	\N	2	2211.	5	2017-09-15 15:13:00.104904	\N		f	1	\N	\N	\N	\N
79	2	312	01111111	2017-09-22	2018-01-01	1000	\N	2	01111111.	5	2017-09-21 21:28:19.684158	\N		f	1	\N	\N	\N	\N
65	2	307	042416	2017-09-15	2017-09-15	1000	\N	2	042416.	5	2017-09-15 16:03:49.162621	\N		f	1	\N	\N	\N	\N
68	2	307	0101	2017-09-17	2017-09-17	0	\N	2	0101.	5	2017-09-17 21:37:31.791361	\N		f	1	\N	\N	\N	\N
72	2	307	111	2017-09-17	2017-09-17	1000	\N	2	111.	5	2017-09-17 21:45:15.279109	\N		f	1	\N	\N	\N	\N
74	2	308	123	2017-09-18	2017-09-18	0	\N	1	\N	5	2017-09-18 13:33:47.466127	\N		f	1	\N	\N	\N	\N
75	2	309	შალვა001	2017-09-20	2017-09-22	0	\N	1	\N	5	2017-09-20 21:28:07.7228	\N		f	1	\N	\N	\N	\N
76	2	309	10101	2017-09-20	2017-09-20	0	\N	1	\N	5	2017-09-20 21:46:18.643747	\N		f	1	\N	\N	\N	\N
77	2	309	0102000	2017-09-20	2017-09-21	0	\N	1	\N	5	2017-09-20 21:52:00.523766	\N		f	1	\N	\N	\N	\N
78	2	311	1x100001	2017-09-20	2017-09-21	0	\N	1	\N	5	2017-09-20 22:50:41.153168	\N		f	1	\N	2017-09-21	13:00:00	5
82	2	311	2x100002	2017-09-21	2017-09-21	30000	\N	2	2x100002.	5	2017-09-21 22:05:21.425855	\N		f	1	\N	\N	\N	\N
83	2	311	2x100001	2017-09-21	2017-09-22	34000	\N	2	2x100001.	5	2017-09-21 22:07:59.959599	\N		f	1	\N	\N	\N	\N
\.


--
-- Data for Name: contractanalysis; Type: TABLE DATA; Schema: public; Owner: lims
--

COPY contractanalysis (contractanalysisid, contractid, sampletypeid, labtestid, institutionid, price, enddays, regbyid, regdate, deleted, status) FROM stdin;
11	47	41	189	11	0	2	5	2017-09-11 13:17:06.948432	f	1
12	47	127	189	11	10	2	5	2017-09-11 13:23:37.053601	f	1
16	51	1	80	3	0	2	5	2017-09-13 11:56:13.14509	f	1
17	51	1	81	3	0	2	5	2017-09-13 11:57:33.148831	f	1
15	46	4	70	3	0	2	5	2017-09-13 11:39:58.093953	f	1
20	53	127	190	3	0	2	5	2017-09-13 14:08:27.05407	f	1
21	53	66	190	3	0	2	5	2017-09-13 14:45:22.436441	f	1
22	53	87	334	3	0	2	5	2017-09-13 15:03:01.479184	f	1
23	53	87	1	3	0	2	5	2017-09-13 15:07:15.342262	f	1
26	46	2	115	5	0	2	5	2017-09-13 20:42:23.694948	f	1
\.


--
-- Name: contractanalysisid_seq; Type: SEQUENCE SET; Schema: public; Owner: lims
--

SELECT pg_catalog.setval('contractanalysisid_seq', 27, true);


--
-- Name: contractid_seq; Type: SEQUENCE SET; Schema: public; Owner: lims
--

SELECT pg_catalog.setval('contractid_seq', 83, true);


--
-- Data for Name: contractlabtest; Type: TABLE DATA; Schema: public; Owner: lims
--

COPY contractlabtest (contractlabtestid, contractid, labtestid, maxprice, maxcnt, regbyid, regdate, minday, maxday, info, sampletypeid) FROM stdin;
1	18	30	22	22	5	2017-08-02 22:15:58.277464	\N	\N	\N	\N
2	19	30	22	22	5	2017-08-02 22:16:19.409003	\N	\N	\N	\N
3	19	24	33	33	5	2017-08-02 22:16:19.409003	\N	\N	\N	\N
4	20	22	5000	5000	5	2017-08-03 18:41:35.316563	\N	\N	\N	\N
5	20	20	1000	1000	5	2017-08-03 18:41:35.316563	\N	\N	\N	\N
19	28	18	2000	30	5	2017-08-09 08:32:14.31649	\N	\N	\N	\N
20	28	21	1000	20	5	2017-08-09 08:32:14.31649	\N	\N	\N	\N
21	29	22	100	2	5	2017-08-09 08:43:43.491014	\N	\N	\N	\N
22	30	30	1000	10	5	2017-08-09 08:58:01.561093	\N	\N	\N	\N
23	32	30	100	2000	5	2017-08-09 12:09:52.598197	\N	\N	\N	\N
34	38	23	20000	400	5	2017-08-09 13:29:24.738697	\N	\N	\N	\N
35	38	24	574560	164160	5	2017-08-09 13:29:24.738697	\N	\N	\N	\N
36	39	23	20000	400	5	2017-08-09 13:45:44.504499	\N	\N	\N	\N
37	39	24	574560	164160	5	2017-08-09 13:45:44.504499	\N	\N	\N	\N
38	40	23	20000	400	5	2017-08-09 13:47:27.806129	\N	\N	\N	\N
39	40	24	574560	164160	5	2017-08-09 13:47:27.806129	\N	\N	\N	\N
40	42	25	260000	20000	5	2017-08-09 14:02:33.731894	\N	\N	\N	\N
41	42	30	280000	80000	5	2017-08-09 14:02:33.731894	\N	\N	\N	\N
42	43	25	260000	20000	5	2017-08-09 14:04:16.852419	\N	\N	\N	\N
43	43	30	280000	80000	5	2017-08-09 14:04:16.852419	\N	\N	\N	\N
45	45	1	1212	1212	5	2017-08-11 12:58:55.207548	12	12	1212	2
44	45	1	111	111	5	2017-08-11 12:24:07.790679	1	2	123	1
46	46	1	12	12	5	2017-08-23 11:14:05.648161	12	12	12	1
47	57	1	1000	2000	5	2017-09-14 17:54:20.300071	3	5		0
48	64	359	0	0	5	2017-09-15 15:13:00.104904	0	0		0
49	64	1	0	0	5	2017-09-15 15:13:00.104904	0	0		0
50	65	357	1000	200	5	2017-09-17 17:24:29.426299	0	0		0
51	72	359	1000	0	5	2017-09-17 21:45:15.279109	0	0		0
55	82	\N	20000	4000	5	2017-09-21 22:05:21.425855	2	5		0
56	82	\N	10000	2000	5	2017-09-21 22:05:21.425855	2	5		0
57	83	1	12000	1000	5	2017-09-21 22:07:59.959599	2	3		0
58	83	359	22000	2000	5	2017-09-21 22:07:59.959599	2	3		0
59	79	\N	1000	1000	5	2017-09-22 14:13:36.938044	365	366		0
\.


--
-- Name: contractlabtestid_seq; Type: SEQUENCE SET; Schema: public; Owner: lims
--

SELECT pg_catalog.setval('contractlabtestid_seq', 59, true);


--
-- Data for Name: contractowner; Type: TABLE DATA; Schema: public; Owner: lims
--

COPY contractowner (contractownerid, companyid, fname, lname, idn, regionid, raionid, villageid, address, regbyid, regdate, deleted) FROM stdin;
\.


--
-- Name: contractownerid_seq; Type: SEQUENCE SET; Schema: public; Owner: lims
--

SELECT pg_catalog.setval('contractownerid_seq', 1, false);


--
-- Data for Name: contractsampleitem; Type: TABLE DATA; Schema: public; Owner: lims
--

COPY contractsampleitem (contractsampleitemid, contractsampletypeid, barcode, num1, num2, regbyid, regdate, disclaim, status, parentid, deleted) FROM stdin;
100000450	100000230	100000450	\N	\N	5	2017-09-17 21:37:37.404923	f	1	\N	f
100000453	100000232	100000453	\N	\N	5	2017-09-18 16:51:30.279913	f	1	\N	f
100000456	100000235	100000456	\N	\N	5	2017-09-19 10:49:05.105149	f	1	\N	f
100000459	100000238	100000459			5	2017-09-19 14:13:01.220508	f	1	\N	f
100000462	100000240	100000462	\N	\N	5	2017-09-19 14:51:20.600383	f	1	\N	f
100000465	100000241	100000465	\N	\N	5	2017-09-19 14:52:12.027709	f	1	\N	f
100000468	100000245	100000468	\N	\N	5	2017-09-20 13:54:07.191067	f	1	\N	f
100000471	100000248	100000471	\N	\N	5	2017-09-20 21:46:24.924538	f	1	\N	f
100000472	100000247	100000472	\N	\N	5	2017-09-20 21:46:24.923415	f	1	\N	f
100000475	100000250	100000475	\N	\N	5	2017-09-20 21:52:38.885708	f	1	5	f
100000478	100000254	100000478	\N	\N	5	2017-09-20 23:09:19.013677	f	1	5	f
100000481	100000257	100000481	\N	\N	5	2017-09-21 00:25:14.869472	f	1	11	f
100000484	100000260	100000484	\N	\N	5	2017-09-21 21:27:38.566868	f	1	\N	f
100000487	100000266	100000487	\N	\N	5	2017-09-21 22:09:47.444123	f	1	\N	f
100000490	100000267	100000490	3	\N	5	2017-09-21 23:09:27.77339	f	1	\N	f
100000496	100000272	100000496	\N	\N	5	2017-09-22 15:07:08.651366	f	1	4	f
100000265	100000085	100000265	125	\N	5	2017-08-21 15:26:06.727163	f	1	\N	f
100000262	100000085	100000262	123	123	5	2017-08-21 15:24:21.297276	f	1	\N	f
100000263	100000085	100000263	1240	1240	5	2017-08-21 15:24:28.703184	t	1	\N	f
100000268	100000089	100000268	\N	\N	5	2017-08-25 16:22:04.792899	f	1	\N	f
100000241	100000084	100000241	\N	\N	5	2017-08-20 15:03:49.983335	f	1	\N	f
100000249	100000087	100000249			5	2017-08-21 08:43:43.603341	f	1	\N	f
100000479	100000255	100000479	\N	\N	5	2017-09-20 23:09:24.753851	f	1	11	f
100000451	100000231	100000451			5	2017-09-18 14:35:35.449262	f	1	\N	f
100000485	100000262	100000485	\N	\N	5	2017-09-21 21:28:33.668599	f	1	\N	f
100000250	100000087	100000250	\N	\N	5	2017-08-21 08:44:23.236776	f	1	\N	f
100000457	100000236	100000457	\N	\N	5	2017-09-19 10:49:30.271923	f	1	5	f
100000476	100000251	100000476	\N	\N	5	2017-09-20 21:56:30.677274	f	1	\N	f
100000473	100000249	100000473		01	5	2017-09-20 21:52:08.988068	f	1	3	f
100000454	100000233	100000454	\N	\N	5	2017-09-18 17:28:00.337278	f	1	5	f
100000251	100000087	100000251	\N	\N	5	2017-08-21 08:44:23.236776	f	1	\N	f
100000252	100000087	100000252	\N	\N	5	2017-08-21 08:44:23.236776	f	1	\N	f
100000253	100000087	100000253	\N	\N	5	2017-08-21 08:44:23.236776	f	1	\N	f
100000466	100000243	100000466	\N	\N	5	2017-09-19 16:25:56.291579	f	1	\N	f
100000469	100000246	100000469			5	2017-09-20 21:28:31.481208	f	1	3	f
100000488	100000267	100000488	1	\N	5	2017-09-21 23:08:10.050421	f	1	\N	f
100000254	100000087	100000254	\N	\N	5	2017-08-21 08:44:23.236776	f	1	\N	f
100000497	100000273	100000497	\N	\N	5	2017-09-22 15:24:24.718046	f	1	11	f
100000482	100000258	100000482	\N	\N	5	2017-09-21 01:00:43.021285	f	1	11	f
100000491	100000269	100000491	\N	\N	5	2017-09-22 15:00:41.476476	f	1	\N	f
100000255	100000087	100000255	\N	\N	5	2017-08-21 08:44:23.236776	f	1	\N	f
100000494	100000271	100000494			5	2017-09-22 15:06:47.96186	f	1	4	f
100000256	100000087	100000256	\N	\N	5	2017-08-21 08:44:23.236776	f	1	\N	f
100000257	100000087	100000257	\N	\N	5	2017-08-21 08:44:23.236776	f	1	\N	f
100000258	100000087	100000258	\N	\N	5	2017-08-21 08:44:23.236776	f	1	\N	f
100000267	100000088	100000267	\N	\N	5	2017-08-25 16:21:52.272686	f	3	\N	f
100000306	100000127	100000306	\N	\N	5	2017-09-11 13:39:48.372795	f	1	\N	f
100000305	100000126	100000305	\N	\N	5	2017-09-11 13:39:48.372937	f	1	\N	f
100000307	100000125	100000307	\N	\N	5	2017-09-11 13:39:48.365558	f	1	\N	f
100000309	100000129	100000309	\N	\N	5	2017-09-11 13:39:48.397625	f	1	\N	f
100000308	100000128	100000308	\N	\N	5	2017-09-11 13:39:48.372736	f	1	\N	f
100000269	100000090	100000269	\N	\N	5	2017-08-26 16:20:47.400426	f	1	5	f
100000403	100000199	100000403	\N	\N	5	2017-09-14 19:17:09.285433	f	1	5	f
100000270	100000091	100000270	\N	\N	5	2017-08-26 16:20:47.401658	f	2	5	f
100000394	100000190	100000394	\N	\N	5	2017-09-14 17:59:53.857738	f	1	\N	f
100000374	100000184	100000374	\N	\N	5	2017-09-14 13:02:33.395613	f	1	\N	f
100000373	100000184	100000373			5	2017-09-14 10:19:06.741206	f	1	3	f
100000334	100000154	100000334	\N	\N	5	2017-09-13 10:27:42.758865	f	1	\N	f
100000335	100000155	100000335	\N	\N	5	2017-09-13 10:28:43.621733	f	1	\N	f
100000375	100000184	100000375	\N	\N	5	2017-09-14 13:06:22.598092	f	1	\N	f
100000376	100000184	100000376	\N	\N	5	2017-09-14 13:06:22.598092	f	1	\N	f
100000377	100000184	100000377	\N	\N	5	2017-09-14 13:06:22.598092	f	1	\N	f
100000378	100000184	100000378	\N	\N	5	2017-09-14 13:06:22.598092	f	1	\N	f
100000379	100000184	100000379	\N	\N	5	2017-09-14 13:06:22.598092	f	1	\N	f
100000380	100000184	100000380	\N	\N	5	2017-09-14 13:06:22.598092	f	1	\N	f
100000285	100000106	100000285	\N	\N	5	2017-09-11 13:23:11.37033	f	1	\N	f
100000381	100000184	100000381	\N	\N	5	2017-09-14 13:06:22.598092	f	1	\N	f
100000382	100000085	100000382	678	\N	5	2017-09-14 13:17:56.535172	f	1	\N	f
100000290	100000110	100000290	\N	\N	5	2017-09-11 13:34:52.259435	f	1	\N	f
100000293	100000113	100000293	\N	\N	5	2017-09-11 13:34:52.273362	f	1	\N	f
100000295	100000112	100000295	\N	\N	5	2017-09-11 13:34:52.273362	f	1	\N	f
100000296	100000116	100000296	\N	\N	5	2017-09-11 13:34:52.287759	f	1	\N	f
100000298	100000117	100000298	\N	\N	5	2017-09-11 13:37:03.754478	f	1	\N	f
100000297	100000118	100000297	\N	\N	5	2017-09-11 13:37:03.754529	f	1	\N	f
100000395	100000191	100000395	\N	\N	5	2017-09-14 18:04:58.166266	f	1	\N	f
100000299	100000119	100000299	\N	\N	5	2017-09-11 13:37:03.788899	f	1	\N	f
100000301	100000121	100000301	\N	\N	5	2017-09-11 13:37:03.79009	f	1	\N	f
100000302	100000124	100000302	\N	\N	5	2017-09-11 13:37:03.792724	f	1	\N	f
100000303	100000123	100000303	\N	\N	5	2017-09-11 13:37:03.789096	f	1	\N	f
100000304	100000122	100000304	\N	\N	5	2017-09-11 13:37:03.788805	f	1	\N	f
100000324	100000144	100000324	\N	\N	5	2017-09-12 10:47:29.876374	f	1	\N	f
100000386	100000187	100000386	\N	\N	5	2017-09-14 17:21:13.560088	f	1	5	f
100000326	100000146	100000326	\N	\N	5	2017-09-12 19:30:34.767362	f	1	\N	f
100000327	100000147	100000327	\N	\N	5	2017-09-12 19:30:34.780902	f	1	\N	f
100000388	100000188	100000388			5	2017-09-14 17:35:17.833937	f	1	\N	f
100000389	100000188	100000389	\N	\N	5	2017-09-14 17:46:29.667133	f	1	\N	f
100000356	100000175	100000356	\N	\N	5	2017-09-13 15:01:15.225165	f	1	\N	f
100000390	100000188	100000390	\N	\N	5	2017-09-14 17:46:29.667133	f	1	\N	f
100000338	100000158	100000338	\N	\N	5	2017-09-13 10:44:00.260719	f	1	\N	f
100000339	100000159	100000339	\N	\N	5	2017-09-13 10:44:00.272007	f	1	\N	f
100000341	100000161	100000341	\N	\N	5	2017-09-13 11:42:53.715072	f	1	\N	f
100000342	100000162	100000342	\N	\N	5	2017-09-13 11:56:01.873405	f	1	\N	f
100000391	100000188	100000391	\N	\N	5	2017-09-14 17:46:29.667133	f	1	\N	f
100000358	100000176	100000358	\N	\N	5	2017-09-13 15:01:15.239449	f	1	\N	f
100000344	100000164	100000344	\N	\N	5	2017-09-13 12:25:40.042109	f	1	\N	f
100000345	100000165	100000345	\N	\N	5	2017-09-13 12:28:34.85634	f	1	\N	f
100000357	100000177	100000357	\N	\N	5	2017-09-13 15:01:15.240594	f	1	\N	f
100000392	100000188	100000392	\N	\N	5	2017-09-14 17:46:29.667133	f	1	\N	f
100000359	100000178	100000359	\N	\N	5	2017-09-13 15:01:54.276675	f	1	\N	f
100000348	100000168	100000348			5	2017-09-13 14:00:33.017714	f	1	\N	f
100000349	100000168	100000349	\N	\N	5	2017-09-13 14:04:14.376867	f	1	\N	f
100000332	100000152	100000332	\N	\N	5	2017-09-12 21:22:06.829549	f	1	5	f
100000400	100000197	100000400	\N	\N	5	2017-09-14 18:13:21.583772	f	1	3	f
100000393	100000189	100000393	\N	\N	5	2017-09-14 17:58:18.886748	f	1	5	f
100000397	100000193	100000397	\N	\N	5	2017-09-14 18:05:14.446606	f	1	\N	f
100000399	100000195	100000399	\N	\N	5	2017-09-14 18:06:48.472206	f	1	\N	f
100000405	100000200	100000405	\N	\N	5	2017-09-14 19:17:27.453347	f	1	\N	f
100000402	100000198	100000402	\N	\N	5	2017-09-14 18:15:23.397506	f	1	\N	f
100000404	100000200	100000404			5	2017-09-14 19:17:15.797436	f	1	3	f
100000406	100000200	100000406	\N	\N	5	2017-09-14 19:17:27.453347	f	1	\N	f
100000407	100000200	100000407	\N	\N	5	2017-09-14 19:17:27.453347	f	1	\N	f
100000408	100000200	100000408	\N	\N	5	2017-09-14 19:17:27.453347	f	1	\N	f
100000409	100000200	100000409	\N	\N	5	2017-09-14 19:17:27.453347	f	1	\N	f
100000410	100000200	100000410	\N	\N	5	2017-09-14 19:17:27.453347	f	1	\N	f
100000411	100000200	100000411	\N	\N	5	2017-09-14 19:17:27.453347	f	1	\N	f
100000412	100000200	100000412	\N	\N	5	2017-09-14 19:17:27.453347	f	1	\N	f
100000413	100000200	100000413	\N	\N	5	2017-09-14 19:17:27.453347	f	1	\N	f
100000449	100000229	100000449	\N	\N	5	2017-09-15 16:52:50.856008	f	1	\N	f
100000416	100000203	100000416	\N	\N	5	2017-09-14 22:04:17.894671	f	1	\N	f
100000417	100000204	100000417	\N	\N	5	2017-09-14 22:04:45.510651	f	1	\N	f
100000418	100000205	100000418	\N	\N	5	2017-09-14 23:38:00.639518	f	1	\N	f
100000420	100000207	100000420	\N	\N	5	2017-09-15 13:24:18.006283	f	1	5	f
100000421	100000208	100000421	\N	\N	5	2017-09-15 13:42:57.789993	f	1	\N	f
100000422	100000209	100000422	\N	\N	5	2017-09-15 13:53:55.170303	f	1	\N	f
100000424	100000211	100000424	\N	\N	5	2017-09-15 13:53:55.169886	f	1	\N	f
100000415	100000202	100000415	\N	\N	5	2017-09-14 22:00:10.017984	f	1	5	f
100000425	100000214	100000425	\N	\N	5	2017-09-15 13:54:27.335464	f	1	\N	f
100000427	100000213	100000427	\N	\N	5	2017-09-15 13:54:27.334925	f	1	\N	f
100000428	100000215	100000428	\N	\N	5	2017-09-15 13:55:19.916455	f	1	\N	f
100000429	100000216	100000429	\N	\N	5	2017-09-15 13:55:19.916592	f	1	\N	f
100000430	100000217	100000430	\N	\N	5	2017-09-15 13:55:19.916598	f	1	\N	f
100000423	100000210	100000423	\N	\N	5	2017-09-15 13:53:55.169886	f	1	5	f
100000426	100000212	100000426	\N	\N	5	2017-09-15 13:54:27.335104	f	1	3	f
100000431	100000218	100000431	\N	\N	5	2017-09-15 14:46:25.666232	f	1	3	f
100000435	100000222	100000435	\N	\N	5	2017-09-15 16:15:30.636542	f	1	\N	f
100000433	100000220	100000433			5	2017-09-15 16:15:06.223647	f	1	\N	f
100000434	100000221	100000434	\N	\N	5	2017-09-15 16:15:30.635513	f	1	3	f
100000432	100000219	100000432	\N	\N	5	2017-09-15 16:15:06.209246	f	1	3	f
100000436	100000220	100000436	\N	\N	5	2017-09-15 16:15:55.105051	f	1	5	f
100000444	100000223	100000444	\N	\N	5	2017-09-15 16:50:50.15905	f	1	\N	f
100000446	100000225	100000446	\N	\N	5	2017-09-15 16:52:50.771277	f	1	\N	f
100000445	100000226	100000445	\N	\N	5	2017-09-15 16:52:50.784943	f	1	\N	f
100000447	100000227	100000447	\N	\N	5	2017-09-15 16:52:50.79947	f	1	\N	f
100000448	100000228	100000448	\N	\N	5	2017-09-15 16:52:50.80959	f	1	\N	f
100000452	100000231	100000452	\N	\N	5	2017-09-18 14:35:42.040698	f	1	\N	f
100000455	100000234	100000455	\N	\N	5	2017-09-19 10:47:51.111108	f	1	\N	f
100000458	100000237	100000458	\N	\N	5	2017-09-19 14:12:34.96636	f	1	\N	f
100000461	100000239	100000461	\N	\N	5	2017-09-19 14:50:38.385549	f	1	\N	f
100000464	100000242	100000464	\N	\N	5	2017-09-19 14:51:52.216704	f	1	\N	f
100000467	100000244	100000467	\N	\N	5	2017-09-20 13:53:54.106443	f	1	\N	f
100000470	100000246	100000470	\N	\N	5	2017-09-20 21:34:23.013979	f	1	3	f
100000495	100000271	100000495	\N	\N	5	2017-09-22 15:06:54.238904	f	1	4	f
100000474	100000249	100000474			5	2017-09-20 21:52:16.392017	f	1	3	f
100000477	100000252	100000477	\N	\N	5	2017-09-20 22:02:53.610309	f	1	\N	f
100000489	100000267	100000489	2	\N	5	2017-09-21 23:09:23.976805	f	1	\N	f
100000480	100000256	100000480	\N	\N	5	2017-09-20 23:09:28.82781	f	1	5	f
100000483	100000259	100000483	\N	\N	5	2017-09-21 01:02:39.749869	f	1	11	f
100000419	100000206	100000419	\N	\N	5	2017-09-15 08:08:25.32177	f	1	1	f
100000414	100000201	100000414	\N	\N	5	2017-09-14 21:52:14.347757	f	1	1	f
100000492	100000270	100000492	\N	\N	5	2017-09-22 15:01:20.069296	f	1	\N	f
100000498	100000274	100000498	\N	\N	5	2017-09-22 15:24:28.79043	f	1	\N	f
100000486	100000264	100000486	\N	\N	5	2017-09-21 22:08:40.803937	f	1	4	f
\.


--
-- Name: contractsampleitemid_seq; Type: SEQUENCE SET; Schema: public; Owner: lims
--

SELECT pg_catalog.setval('contractsampleitemid_seq', 100000498, true);


--
-- Data for Name: contractsampletype; Type: TABLE DATA; Schema: public; Owner: lims
--

COPY contractsampletype (contractsampletypeid, contractid, sampletypeid, boxnum, quantity, regbyid, regdate, isbox, parentid, deleted) FROM stdin;
100000207	62	86		1	5	2017-09-15 13:24:18.006283	f	\N	f
100000200	61	3		10	5	2017-09-14 19:17:15.797436	f	\N	t
100000205	61	6		1	5	2017-09-14 23:38:00.639518	f	\N	t
100000084	45	\N	1/10	1	5	2017-08-20 15:03:49.983335	t	\N	f
100000086	45	3	1/10	100	5	2017-08-20 15:04:06.775796	t	100000084	f
100000087	45	4		10	5	2017-08-21 08:43:43.603341	f	\N	f
100000210	40	15		1	5	2017-09-15 13:53:55.169886	f	\N	t
100000085	45	2	1/10	10	5	2017-08-20 15:03:49.983335	t	100000084	f
100000088	43	2		1	5	2017-08-25 16:21:52.272686	f	\N	f
100000245	72	4		1	5	2017-09-20 13:54:07.191067	f	\N	f
100000209	40	15		1	5	2017-09-15 13:53:55.170303	f	\N	t
100000202	61	6		1	5	2017-09-14 22:00:10.017984	f	\N	t
100000247	76	4		1	5	2017-09-20 21:46:24.923415	f	\N	f
100000213	40	127		1	5	2017-09-15 13:54:27.334925	f	\N	t
100000216	40	41		1	5	2017-09-15 13:55:19.916592	f	\N	f
100000249	77	4		2	5	2017-09-20 21:52:08.988068	f	\N	f
100000212	40	127		1	5	2017-09-15 13:54:27.335104	f	\N	t
100000218	63	130		1	5	2017-09-15 14:46:25.666232	f	\N	f
100000251	77	2		1	5	2017-09-20 21:56:30.677274	f	\N	f
100000222	65	2		1	5	2017-09-15 16:15:30.636542	f	\N	t
100000256	78	3		1	5	2017-09-20 23:09:28.82781	f	\N	t
100000254	78	2		1	5	2017-09-20 23:09:19.013677	f	\N	t
100000258	78	2		1	5	2017-09-21 01:00:43.021285	f	\N	f
100000260	76	\N	12345	1	5	2017-09-21 21:27:38.566868	t	\N	f
100000261	76	1	12345	500	5	2017-09-21 21:27:38.566868	t	100000260	f
100000264	83	\N	10001	1	5	2017-09-21 22:08:40.803937	t	\N	f
100000265	83	2	10001	50	5	2017-09-21 22:08:40.803937	t	100000264	f
100000089	43	2		1	5	2017-08-25 16:22:04.792899	f	\N	f
100000091	46	2		1	5	2017-08-26 16:20:47.401658	f	\N	f
100000090	46	2		1	5	2017-08-26 16:20:47.400426	f	\N	f
100000162	51	1		1	5	2017-09-13 11:56:01.873405	f	\N	f
100000268	83	3	10002	100	5	2017-09-21 22:10:28.46256	t	100000266	f
100000203	57	2		1	5	2017-09-14 22:04:17.894671	f	\N	f
100000204	57	4		1	5	2017-09-14 22:04:45.510651	f	\N	f
100000270	74	14		1	5	2017-09-22 15:01:20.069296	f	\N	t
100000206	61	1		1	5	2017-09-15 08:08:25.32177	f	\N	f
100000220	65	1		2	5	2017-09-15 16:15:06.223647	f	\N	f
100000225	65	1		1	5	2017-09-15 16:52:50.771277	f	\N	f
100000106	47	127		1	5	2017-09-11 13:23:11.37033	f	\N	f
100000184	52	1		9	5	2017-09-14 10:19:06.741206	f	\N	f
100000227	65	1		1	5	2017-09-15 16:52:50.79947	f	\N	f
100000110	47	127		1	5	2017-09-11 13:34:52.259435	f	\N	f
100000229	65	1		1	5	2017-09-15 16:52:50.856008	f	\N	f
100000113	47	127		1	5	2017-09-11 13:34:52.273362	f	\N	f
100000187	55	74		1	5	2017-09-14 17:16:41.960934	f	\N	f
100000112	47	127		1	5	2017-09-11 13:34:52.273362	f	\N	f
100000116	47	127		1	5	2017-09-11 13:34:52.287759	f	\N	f
100000117	47	4		1	5	2017-09-11 13:37:03.754478	f	\N	f
100000118	47	4		1	5	2017-09-11 13:37:03.754529	f	\N	f
100000241	74	3		1	5	2017-09-19 14:51:50.548686	f	\N	t
100000119	47	4		1	5	2017-09-11 13:37:03.788899	f	\N	f
100000124	47	4		1	5	2017-09-11 13:37:03.792724	f	\N	f
100000123	47	4		1	5	2017-09-11 13:37:03.789096	f	\N	f
100000231	74	7		2	5	2017-09-18 14:35:35.449262	f	\N	t
100000233	74	3		1	5	2017-09-18 17:28:00.337278	f	\N	t
100000235	74	1		1	5	2017-09-19 10:49:05.105149	f	\N	t
100000237	74	4		1	5	2017-09-19 14:12:34.96636	f	\N	t
100000239	65	3		1	5	2017-09-19 14:50:38.385549	f	\N	f
100000243	74	1		1	5	2017-09-19 16:25:56.291579	f	\N	t
100000272	74	16		1	5	2017-09-22 15:07:08.651366	f	\N	f
100000274	79	3		1	5	2017-09-22 15:24:28.79043	f	\N	f
100000121	47	4		1	5	2017-09-11 13:37:03.79009	f	\N	f
100000122	47	4		1	5	2017-09-11 13:37:03.788805	f	\N	f
100000125	47	127		1	5	2017-09-11 13:39:48.365558	f	\N	f
100000127	47	127		1	5	2017-09-11 13:39:48.372795	f	\N	f
100000126	47	127		1	5	2017-09-11 13:39:48.372937	f	\N	f
100000128	47	127		1	5	2017-09-11 13:39:48.372736	f	\N	f
100000129	47	127		1	5	2017-09-11 13:39:48.397625	f	\N	f
100000188	56	3		5	5	2017-09-14 17:35:17.833937	f	\N	f
100000189	58	1		1	5	2017-09-14 17:58:18.886748	f	\N	f
100000190	57	1		1	5	2017-09-14 17:59:53.857738	f	\N	f
100000191	59	2		1	5	2017-09-14 18:04:58.166266	f	\N	f
100000193	59	3		1	5	2017-09-14 18:05:14.446606	f	\N	f
100000195	59	3		1	5	2017-09-14 18:06:48.472206	f	\N	f
100000197	60	1		1	5	2017-09-14 18:13:21.583772	f	\N	f
100000198	59	1		1	5	2017-09-14 18:15:23.397506	f	\N	f
100000144	48	1		1	5	2017-09-12 10:47:29.876374	f	\N	f
100000201	61	4		1	5	2017-09-14 21:52:14.347757	f	\N	f
100000146	47	3		1	5	2017-09-12 19:30:34.767362	f	\N	f
100000147	47	3		1	5	2017-09-12 19:30:34.780902	f	\N	f
100000152	46	3		1	5	2017-09-12 21:22:06.829549	f	\N	f
100000154	49	89		1	5	2017-09-13 10:27:42.758865	f	\N	f
100000155	49	127		1	5	2017-09-13 10:28:43.621733	f	\N	f
100000158	48	1		1	5	2017-09-13 10:44:00.260719	f	\N	f
100000159	48	1		1	5	2017-09-13 10:44:00.272007	f	\N	f
100000161	46	4		1	5	2017-09-13 11:42:53.715072	f	\N	f
100000164	46	2		1	5	2017-09-13 12:25:40.042109	f	\N	f
100000165	46	3		1	5	2017-09-13 12:28:34.85634	f	\N	f
100000168	53	127		1	5	2017-09-13 14:00:33.017714	f	\N	f
100000175	54	87		1	5	2017-09-13 15:01:15.225165	f	\N	f
100000176	54	87		1	5	2017-09-13 15:01:15.239449	f	\N	f
100000177	54	87		1	5	2017-09-13 15:01:15.240594	f	\N	f
100000178	53	87		1	5	2017-09-13 15:01:54.276675	f	\N	f
100000250	77	7		1	5	2017-09-20 21:52:38.885708	f	\N	f
100000252	77	\N	010101	1	5	2017-09-20 22:02:53.610309	t	\N	f
100000211	40	15		1	5	2017-09-15 13:53:55.169886	f	\N	t
100000253	77	1	010101	20	5	2017-09-20 22:02:53.610309	t	100000252	f
100000255	78	1		1	5	2017-09-20 23:09:24.753851	f	\N	f
100000214	40	127		1	5	2017-09-15 13:54:27.335464	f	\N	t
100000257	78	4		1	5	2017-09-21 00:25:14.869472	f	\N	f
100000259	78	85		1	5	2017-09-21 01:02:39.749869	f	\N	f
100000215	40	41		1	5	2017-09-15 13:55:19.916455	f	\N	t
100000263	79	2	12345	56	5	2017-09-21 21:28:33.668599	t	100000262	f
100000217	40	41		1	5	2017-09-15 13:55:19.916598	f	\N	t
100000208	61	12		1	5	2017-09-15 13:42:57.789993	f	\N	t
100000266	83	\N	10002	1	5	2017-09-21 22:09:47.444123	t	\N	f
100000221	65	2		1	5	2017-09-15 16:15:30.635513	f	\N	t
100000267	83	1	10002	50	5	2017-09-21 22:09:47.444123	t	100000266	f
100000219	65	1		1	5	2017-09-15 16:15:06.209246	f	\N	t
100000223	65	\N	1222	1	5	2017-09-15 16:50:50.15905	t	\N	f
100000224	65	4	1222	111	5	2017-09-15 16:50:50.15905	t	100000223	f
100000226	65	1		1	5	2017-09-15 16:52:50.784943	f	\N	f
100000228	65	1		1	5	2017-09-15 16:52:50.80959	f	\N	f
100000230	68	2		1	5	2017-09-17 21:37:37.404923	f	\N	f
100000234	74	1		1	5	2017-09-19 10:47:51.111108	f	\N	t
100000232	74	1		1	5	2017-09-18 16:51:30.279913	f	\N	t
100000236	74	2		1	5	2017-09-19 10:49:30.271923	f	\N	t
100000240	65	3		1	5	2017-09-19 14:51:20.600383	f	\N	f
100000262	79	\N	12345	1	5	2017-09-21 21:28:33.668599	t	\N	t
100000238	74	3		1	5	2017-09-19 14:13:01.220508	f	\N	t
100000242	74	3		1	5	2017-09-19 14:51:52.216704	f	\N	t
100000244	72	2		1	5	2017-09-20 13:53:54.106443	f	\N	f
100000199	61	2		1	5	2017-09-14 19:17:09.285433	f	\N	t
100000246	75	6		2	5	2017-09-20 21:28:31.481208	f	\N	f
100000248	76	4		1	5	2017-09-20 21:46:24.924538	f	\N	f
100000269	79	1		1	5	2017-09-22 15:00:41.476476	f	\N	t
100000271	74	114		2	5	2017-09-22 15:06:47.96186	f	\N	f
100000273	79	1		1	5	2017-09-22 15:24:24.718046	f	\N	f
\.


--
-- Name: contractsampletypeid_seq; Type: SEQUENCE SET; Schema: public; Owner: lims
--

SELECT pg_catalog.setval('contractsampletypeid_seq', 100000274, true);


--
-- Data for Name: contragent; Type: TABLE DATA; Schema: public; Owner: lims
--

COPY contragent (contragentid, name, idn, address, phone, contact, bankdata, note, contragenttypeid, email, url, companyid, type, regbyid, regdate, regionid, raionid, villageid, deleted, fname, lname, vat) FROM stdin;
1	შპს ,,ვესტი 2008"	 204546884	ქ.თბილისი.მარშალ გელოვანის გამზირი #3	598555214	ლაშა მწითური			3			2	2	\N	\N	\N	\N	\N	f	\N	\N	f
3	შ.პ.ს. ,,აჩი"	 429322342	ქ.დუშეთი.დ.აღმაშენებლის ქუჩა #3.	558442411	ვლადიმერ კარიაული			3			2	2	\N	\N	\N	\N	\N	f	\N	\N	f
4	ი.მ..ემა ლემონჯავა	 510010235	ქ.წალენჯიხა მებონიას ქუჩა #7	577323674 	ემა ლემონჯავა			2			2	2	\N	\N	\N	\N	\N	f	\N	\N	f
5	ი მ. " ლევან ჭანიაშვილი "	01001101800	დაბა თიანეთი რუსთაველის ქ # 14	574087730 	ლევან ჭანიაშვილი			2			2	2	\N	\N	\N	\N	\N	f	\N	\N	f
6	ი. მ. ' გოჩა  გოგიჩაიშვილი "	010080247	ქ. თბილისი არაყიშვილია 1 ჩიხი # 8	591244422 	გოჩა გოგიჩაიშვილი			2			2	2	\N	\N	\N	\N	\N	f	\N	\N	f
7	შ.პ.ს. ,,ქეიჯი კორპორაცია"	01008030992	ქ.თბილისი.ყიფშიძის ქუჩა #6.	595360507 	გიგა ღამბაშიძე			3			2	2	\N	\N	\N	\N	\N	f	\N	\N	f
8	შპს "ქობულეთური ტრეიდინგი"	01008046053	ქ.თბილისი ხორაშაულის 25	577450578	ლევან მელაძრე			3			2	2	\N	\N	\N	\N	\N	f	\N	\N	f
9	ი.მ.,,აგიგათ მაშოვი"	01010005500	ქ.თბილისი. ისან-სამგორის მუნიციპალიტეტი აწყურის ქუჩა #47	593261535 	აგიგათ მაშოვი			2			2	2	\N	\N	\N	\N	\N	f	\N	\N	f
10	სურსათი	010101010101	თბილსის	14142141414	ლადო დოლიძე			9			2	2	\N	\N	\N	\N	\N	f	\N	\N	f
11	ი. მ. " ჭიჭიკო ხურცილავა "	010110559	ქ. თბილისი ვაზიზ უბანი მე _ 2 მკ მე - 12 კორპ ბ 26	577645265 	ჭიჭიკო ხურცილავა			2			2	2	\N	\N	\N	\N	\N	f	\N	\N	f
12	ი.მ.ჭიჭიკო ხურცილავა	01011055921	ქ.თილისი ვაზის უბანი. მე-2-ე მ.რ. მე-12-ე კორპ. ბ#26	577645265 	ჭიჭიკო ხურცილავა			2			2	2	\N	\N	\N	\N	\N	f	\N	\N	f
13	ი. მ. " ელისო ჟონჟოლაძე "	01011062275	ქ. თბილისი კანდელაკის ქ. # 6	558200075 	ელისო ჟონჟოლაძე			2			2	2	\N	\N	\N	\N	\N	f	\N	\N	f
14	ი.მ. ,,ჰარნოლდი ბარამია"	01015011889	ქ.თბილისი.კოტე აფხაზის ქუჩა #6.	558527675 	ჰარნოლდი ბარამია			2			2	2	\N	\N	\N	\N	\N	f	\N	\N	f
15	შ.პ.ს. ,,ვეტსანჰიგ-ეკოლოგია"	01015019127	ქ.თბილისი.ორბელიანის ქუჩა #29.	558000560 	ზურაბ მამაცაშვილი			3			2	2	\N	\N	\N	\N	\N	f	\N	\N	f
16	ი.მ. ხათუნა ასატუროვი	01019068427	ქ.თბილისი ქ.წამებულის ქუჩა #40	568947744 	ხათუნა ასატუროვი			2			2	2	\N	\N	\N	\N	\N	f	\N	\N	f
17	სურსათი	010203020102	ნიკოლაძის #49	215485555	ნიკოლაძე ნიკო			9			2	2	\N	\N	\N	\N	\N	f	\N	\N	f
18	ი.მ.,, ზაურ მახნიაშვილი	01021005069	დმანისის მუნიციპალიტეტი სოფელი კარაბულახი	593139792 	ზაური მახნიაშვილი			2			2	2	\N	\N	\N	\N	\N	f	\N	\N	f
19	მ.მ. ,,დოდო მხეიძე"	01022011660	ქ.თბილისი  ხორავას ქუჩა #1	595402939 	დოდო მხეიძე			2			2	2	\N	\N	\N	\N	\N	f	\N	\N	f
20	ი.მ. ნინო ბერძენიშვილი	010250216	ქ.თბილისი წერეთლის გამზირი #12	577221246 	ნინო ბერძენიშვილი			2			2	2	\N	\N	\N	\N	\N	f	\N	\N	f
21	ი.მ. ,,ჯემალ ნამგალაძე"	01025022180	ქ.თბილისი.ჩუბინაშვილის ქ.#68.	577504455 	ჯემალ ნამგალაძე			2			2	2	\N	\N	\N	\N	\N	f	\N	\N	f
22	ი.მ. ,,ეკა ასლანიდი"	01026010564		592955559 	ეკა ასლანიდი			2			2	2	\N	\N	\N	\N	\N	f	\N	\N	f
23	ი.მ. ვლადიმერ ლურსმანასვილი	01027057356	ქ.თბილისი.ნავთლუღის ქუჩა #5/7.ბინა #24.	599964066 	ვლადიმერ ლურსმანაშვილი			2			2	2	\N	\N	\N	\N	\N	f	\N	\N	f
24	ი.მ. "გულნარა ჯაფოშვილი	010300036	ქ. თბილისი დ/ მასივი მე -3 კვ კორ 1	599438131 	გულნარა ჯაფოშვილი			2			2	2	\N	\N	\N	\N	\N	f	\N	\N	f
25	ი. მ. " გულნარა ჯაფოშვილი "	01030003656	ქ. თბილისი დ / მასივი მე 3 მიკ კორპ 1 	599438131 	გულნარა ჯაფოშვილი			2			2	2	\N	\N	\N	\N	\N	f	\N	\N	f
26	ი.მ "მარინე მაისურაძე" 	01030009584	ქ. თბილისი ნუცუბიძის ქუჩა #155	593006368 	მარინე მაისურაძე			2			2	2	\N	\N	\N	\N	\N	f	\N	\N	f
27	ი.მ. ,,ივანე აბდუშელიშვილი"	01034003509	ქ.თბილისი.ზაზიაშვილის ქუჩა #13.	555558181 	ივანე აბდუშელიშვილი			2			2	2	\N	\N	\N	\N	\N	f	\N	\N	f
28	ნიკროა	020202020202	კოლას ქ.7		კოლია კოლიაძე			3			2	2	\N	\N	\N	\N	\N	f	\N	\N	f
29	ი.მ. " ცირა ზურაბაშვილი "	05001008068	ქ. თბილისი გლდავის მე - 5 მიკრ. მე - 4 კორ მიმდებარე ტერიტორია	599224680 	ცირა ზურაბაშვილი			2			2	2	\N	\N	\N	\N	\N	f	\N	\N	f
30	შპა " ბმბ "	100010012	ბოლნისის მუნიც. სოფ. რატევანი	599532311 	მიხეილ საკოფაშვილი			3			2	2	\N	\N	\N	\N	\N	f	\N	\N	f
31	კოოპერატივი ,,დისველი"	10001008464	ბოლნისის მუნიციპალიტეტი.სოფელი დისველი	599219211 	გიორგი დემურაშვილი			8			2	2	\N	\N	\N	\N	\N	f	\N	\N	f
32	ი.მ. ,,ლაგულაშვილი ლევანი"	10001245028	ქ.თბილისი.მამა გაბრიელ სალოსის ქუჩა #1.	597717070 	ლევანი ლაგულაშვილი			2			2	2	\N	\N	\N	\N	\N	f	\N	\N	f
33	შსს	111111111			 			9			2	2	\N	\N	\N	\N	\N	f	\N	\N	f
34	ი.მ.  ,,ივანე ხარატიშვილი"	12001011023	გარდაბანის მუნიციპალიტეტი სოფელი კუმისი	577959949 	ივანე ხარატიშვილი			2			2	2	\N	\N	\N	\N	\N	f	\N	\N	f
35	ი.მ. ,,ზურაბ მერაბიშვილი"	12001066125	გარდაბნის მუნიციპალიტეტი.სოფელი თელეთი	555882002 	ზურაბი მერაბიშვილი			2			2	2	\N	\N	\N	\N	\N	f	\N	\N	f
36	ი.მ "ნიკოლოზ ტოკლიკიშვილი"	14001001601	დედოფლისწყარო მუნ. სოფ. სამკერვალო	599195702 	ნიკოლოზ ტოკლიკიშვილი			2			2	2	\N	\N	\N	\N	\N	f	\N	\N	f
37	ი.მ.,, ნათია მუჯირიშვილი	150010184	დმანისის მუნიციპალიტეტი  სოფ.ოროზმანი	593340810 	ნათია მუჯირიშვილი			2			2	2	\N	\N	\N	\N	\N	f	\N	\N	f
38	ი.მ.დუდაური დავითი	16001000881	ქ.დუშეთი რუსთაველის ქუჩა #23	599427827 	დავითი დუდაური			2			2	2	\N	\N	\N	\N	\N	f	\N	\N	f
39	ი.მ.იოსებ ლოსეურაშვილი	16001006342	ქ.დუშეთი დ.აღმაშნებლის ქუჩა #45	591503307 	იოსებ ლოსეურაშვილი			2			2	2	\N	\N	\N	\N	\N	f	\N	\N	f
40	შ.პ.ს. ,,შატონ ზეგაანი"	2 27717557	ქ.თბილისი კოსტავას ქუჩა #39-39	596225552	დავითი ლაშიაშვილი			3			2	2	\N	\N	\N	\N	\N	f	\N	\N	f
41	ი.მ "პეტრე კაკონაშვილი"	20001021180	თელავის მუნ. სოფ ვარდისუბანი	599552636 	პეტრე კაკონაშვილი			2			2	2	\N	\N	\N	\N	\N	f	\N	\N	f
42	შ.პ.ს. ,, სამება 2008"	200256784	ქ.თბილისი თემქის დასახლება მე-3-ე მ.რ. მე-5-ე კვ.	599730191 	მანანა ბურდული			3			2	2	\N	\N	\N	\N	\N	f	\N	\N	f
43	შპს ,,დიფონი"	200261938	დუშეთის მუნიციპალიტეტი.სოფელი აბანოსხევი	598555214	ლაშა მწითური			3			2	2	\N	\N	\N	\N	\N	f	\N	\N	f
44	შ.პ.ს. ,,ჩვენი ფერმერი"	200265220	ქ.თბილისი.ქავთარაძის ქუჩა #11	599043508 	მანანა აბულაშვილი			3			2	2	\N	\N	\N	\N	\N	f	\N	\N	f
45	შ.პ.ს. ,,ოკეანე"	200265239		599043508 	მანანა აბულაშვილი			3			2	2	\N	\N	\N	\N	\N	f	\N	\N	f
46	შ.პ.ს. ,,ემლენი	200276030	ქ.თბილისი  ქერჩის ქუჩა #21	571309191 	ემზარი ტაბაღუა			3			2	2	\N	\N	\N	\N	\N	f	\N	\N	f
47	შ.პ.ს. ,,ტელეკომპანია იმედი"	202188612	ქ.თბილისი ლუბლიანას ქუჩა#5	595625664	გიორგი ცხადაძე			3			2	2	\N	\N	\N	\N	\N	f	\N	\N	f
48	შპს' ვესტინვესტი "	202311104	ქ. თბილისი გ. ლირთქიფანიძის ქ #13ა	2 710119	დავით ჩოკოშვილი			3			2	2	\N	\N	\N	\N	\N	f	\N	\N	f
49	შპს "იმპერვეტი "	202384115	ქ. თბილისი. წერეთლის გამზ. #142		მიხეილ თეთრუაშვილი			3			2	2	\N	\N	\N	\N	\N	f	\N	\N	f
50	შ.პ.ს. ,,ნამდვილი პროდუქტები"	202432518	ქ.თბილისი გუდაუთის ქუჩა #7	577422422	თევდორე გარიშვილი			3			2	2	\N	\N	\N	\N	\N	f	\N	\N	f
51	შ.პ.ს. ,,ვესტ დიზაინი"	202436827	მცხეთის მუნიციპალიტეტი  სოფ.ძეგვი	599266060 	პაატა ჯაჯანიძე			3			2	2	\N	\N	\N	\N	\N	f	\N	\N	f
52	შ.პ.ს. ,,ლამპარი 2008"	202440466		599188875 	თამილა მელითაური			3			2	2	\N	\N	\N	\N	\N	f	\N	\N	f
53	შპს "აგროსისტემები "	203842342	ქ. მარნეული იალღუჯა	599269805	ვახტანგ გასვიანი			3			2	2	\N	\N	\N	\N	\N	f	\N	\N	f
54	სახალხო უნივერსიტეტთან გერმანული ასოციაციის საქართველოს ფილიალი ,,თბილისის პროექტთა ბიური"	204444716	ქ.თბილისი ყიფშიძის ქუჩა #20	595330193 	ავთანდილი ტაბაშიძე			3			2	2	\N	\N	\N	\N	\N	f	\N	\N	f
55	შ.პ.ს. ,,ნობლექსი"	204471561	ქ.თბილისი.კახეთის გზატკეცილი #51მ/ტერ.	595131541	ბადრი მანველიშვილი			3			2	2	\N	\N	\N	\N	\N	f	\N	\N	f
56	შ.პ.ს. ,,შინდისი  XXI "	204514542	ქ.თბილისი  შინდისი	599533662 	მამუკა ტყეშელაშვილი			3			2	2	\N	\N	\N	\N	\N	f	\N	\N	f
57	შპს "დილის პროდუქტი "	204516194	ქ. თბილისი გორგასლის 115	599355244	გიორგი ჩიკვაიძე			3			2	2	\N	\N	\N	\N	\N	f	\N	\N	f
58	შ.პ.ს "ვესტი 2008"	204546884	ქ. თბილისი მარშალ გელოვანის გამზირი N3	598555214 	ლაშა მწითური			3			2	2	\N	\N	\N	\N	\N	f	\N	\N	f
59	შპს " სპან ფიშინგ ინდუსტრის "	204564373	ქ. თბილისი მოსაშვილის #1	595889040	ალბერტ ვოლფი			3			2	2	\N	\N	\N	\N	\N	f	\N	\N	f
60	შ.პ.ს. ,,გუდაური სქი რესორტ"	204576066	ყაზბეგის მუნიციპალიტეტი.დაბა გუდაური	591111951 	ივანე ქავთარაძე			3			2	2	\N	\N	\N	\N	\N	f	\N	\N	f
61	ააიპ 192 - რე საბავშო ბაგა - ბაღი	204861042	ქ. თბილისი ნუცუბიძის მე-4 ფერდ. 	595708878	ანანო ლომსაძე			5			2	2	\N	\N	\N	\N	\N	f	\N	\N	f
90	ი. მ. " თეიმურაზ მაისურაძე'	22001005370	ქ. თბილისი ჭოველძის ქ. 4	593377154 	თეომურაზ მაისურაზე			2			2	2	\N	\N	\N	\N	\N	f	\N	\N	f
62	საქართველოს ფინანსთა სამინისტროს სამეგრელო ზემო-სვანეთის საგამოძიებო სამსახურის საგამოძიებო  სამმართველო	204862078	ქ.თბილისი გორგასლის ქუჩა #16	2261334   	ვლადიმერი ქორთუა			9			2	2	\N	\N	\N	\N	\N	f	\N	\N	f
63	ს.ს. ,,შატო მუხრანი"	205000381	მცხეთის მუნიციპალიტეტი სოფელი მუხრანი	599552921 	გოჩა  ცინცაძე			4			2	2	\N	\N	\N	\N	\N	f	\N	\N	f
64	შპს " ამრა + "	205114683	ქ. თბილისი სანდროეულის # 1	574401074	მაია თოლორაია			3			2	2	\N	\N	\N	\N	\N	f	\N	\N	f
65	შ.პ.ს.,,ელფი"	205122302	ქ.თბილისი მირინ მეფის ქუჩა #68	595128939 	გრიგოლი ქემერტელიძე			3			2	2	\N	\N	\N	\N	\N	f	\N	\N	f
66	შ.პ.ს. ,,ჩაბას ჯაზ-როკ კაფე"	205219654	ქ.თბილისი.ვაშლოვანის ქ.#3.	599564087 	ასმათ ტყაბლაძე			3			2	2	\N	\N	\N	\N	\N	f	\N	\N	f
67	შ.პ.ს.  ,,რონის "	205244519	ქ.თბილისი ვაჟა ფშაველას გამზირი #5	551260388 	ბიჭიკო ყურაშვილი			3			2	2	\N	\N	\N	\N	\N	f	\N	\N	f
68	შ.პ.ს. ,,სანგრუპ"	205288650	ქ.თბილისი.მიცკევიჩის ქუჩა #4.	592050275 	დავით ქამხაძე			3			2	2	\N	\N	\N	\N	\N	f	\N	\N	f
69	სოფლის მეურრნეობის სამინისტროს კვლევითი ცენტრი	205309655	ქ.თბილისი.მარშალ გელოვანის გამზირი #6.	597401375	ომარი ლონდარიძე			9			2	2	\N	\N	\N	\N	\N	f	\N	\N	f
70	შპს კარდიოლოგიური კლინიკა " გული "	206048533	ქ. თბილისი ქეთევან წამებულის # 12 ბ 38	577751690 	აკაკი ასათიანი			3			2	2	\N	\N	\N	\N	\N	f	\N	\N	f
71	შპს "მიტერა "	206187874	საგარეჯო კახეთის გზატკეცილი 4	593578157	ნანა მათიაშვილი			3			2	2	\N	\N	\N	\N	\N	f	\N	\N	f
72	შპს ,,სამგორი 07"	206301599	ქ.თბილისი აბუსერიძე ტბელის ქუჩა #13	599850906	ბესიკი ფანჩულიძე			3			2	2	\N	\N	\N	\N	\N	f	\N	\N	f
73	შპს 'ნუტრიმაქსი "	206330709	ქ. თბილისი რუსთაველის გამზ #68	577785757 	სალომე ლებანიძე			3			2	2	\N	\N	\N	\N	\N	f	\N	\N	f
74	ააიპ საბავშვო ბაგა-ბაღი N50	209470578	ქ. თბილისი მშვიდობის ქ. N 3	555714400	ნატო უღრელიძე			5			2	2	\N	\N	\N	\N	\N	f	\N	\N	f
75	ააიპ 107-ე საბავშვო ბაგა ბაღი	209472505	ქ.თბილისი გლდანი. მე-6-ე მ.რ.	555691949	მაია ჭაღიაშვილი			5			2	2	\N	\N	\N	\N	\N	f	\N	\N	f
76	ააიპ #41-ე საბავშვო ბაგა ბაღი 	209472578	ქ.თბილისი მშვიდობის ქუჩა #3	555714400	ნატო უღრელიძე			5			2	2	\N	\N	\N	\N	\N	f	\N	\N	f
77	ააიპ 208-ე საბავშვო ბაგა- ბაღი	211351366	ქ.თბილისი  დ.აღმაშენებლის  XIIკმ	577180597	თამარი მარღიშვილი			5			2	2	\N	\N	\N	\N	\N	f	\N	\N	f
78	ააიპ 212-ე საბავშვო ბაგა ბაღი	211351721	ქ.თილისი მე-3-ე მ/რ. მე19-ე კორპუსის მიმდებარე	557636530	იამზე შნგელია			5			2	2	\N	\N	\N	\N	\N	f	\N	\N	f
79	ააიპ ქ.თბილისის 197 საბავშო ბაგა-ბაღი	211351776	ქ. თბილისი დ/დიღომი 1მკ გიორგი პწინვალის #5	599870109	ხათუნა წერეთელი			5			2	2	\N	\N	\N	\N	\N	f	\N	\N	f
80	ააიპ 198 საბავშო ბაგა _ბაღი	211351883	ქ. თბილისი დ / დიღომი იოანე პეტრიძის #15ა	599870110	ინგა ბაიაჯანი			5			2	2	\N	\N	\N	\N	\N	f	\N	\N	f
81	ააიპ # 197 - ე საბავშო ბაგა - ბაღი	211361776	ქ. თბილისი დ / დიღომი გ. ბრწყინვალის # 5	551355410	თინათინ ბარბაქაძე			5			2	2	\N	\N	\N	\N	\N	f	\N	\N	f
82	ააიპ 52-ე საბავშო ბაღი	211362130	ქ. თბილისი იოსებიძის ქ #62	597607050	თინა თუშიშვილი			5			2	2	\N	\N	\N	\N	\N	f	\N	\N	f
83	ააიპ 213-ე საბავშვო ბაგა ბაღი	211362149	ქ.თბილისი დიდი დიღომი მე3-ე მ.რ. მე-5-ე კორპუსის მიმდებარე	597138590 	მაია ჩიკვილაძე			5			2	2	\N	\N	\N	\N	\N	f	\N	\N	f
84	ააიპ 70ე საბავშვო ბაგა ბაღი	211362158	ქ.თბილისი ვაშლიჯვრის დასახლება გოძიაშვილის II შესახვევი #10	577113274	ლილი  გოცირიძე			5			2	2	\N	\N	\N	\N	\N	f	\N	\N	f
85	ააიპ #63-ე საბავშვო ბაგა ბაღი ,,ბატი-ბუტა"	211362256	ქ.თბილისი ნუცუბიძის ქუჩა #42	555747478	თამარ ციცქიშვილი			5			2	2	\N	\N	\N	\N	\N	f	\N	\N	f
86	საქ. შსს ქ. თბილისის პოლიციის დეპარტამრნტის ისანი  სამგორის სამართველოს 7 განყოფილება	211369179	ქ.თბილისი დიღმის მას. 2 კვ. კ ჩალაძის #1	322414274 	თამარ ჟუჟუნაშვილი			9			2	2	\N	\N	\N	\N	\N	f	\N	\N	f
87	შპს " ფაზისი "	212925254	ქ.  რუსთავი აკაკი შანიძის ქ. #19	571000637 	თეიმურაზ ბუხულეიშვილი			3			2	2	\N	\N	\N	\N	\N	f	\N	\N	f
88	საწარმოო ამხანაგობა ,,იმერეთი"	21436233	ქ.ხონი.დავით აღმაშენებლის ქუჩა #113.	574939955 	გოჩა ჩიხრაძე			10			2	2	\N	\N	\N	\N	\N	f	\N	\N	f
89	ააიპ იმედის ექოსთან არსებული მარტოხელა  ხანდაზმულთა პანსიონატი	216400302	ქ.რუსთავი 8 მ.კ. 34-ე ბ/ბაღის შენობა	591910359	რამაზ ჯანიაშვილი			5			2	2	\N	\N	\N	\N	\N	f	\N	\N	f
91	ი. მ. "ზურაბ სომხიშილი "	22001009101	თეთრიწყაროსმუნიც. სოფ. ვაშლოვანი	59901313  	ზურარ სომხიშვილი			2			2	2	\N	\N	\N	\N	\N	f	\N	\N	f
92	შ.პ.ს. ,,სავანეთი 99"	225372708	ბოლნისის მუნიციპალიტეტი სიფელი სავანეთი		კახი ჩონიაძე			3			2	2	\N	\N	\N	\N	\N	f	\N	\N	f
93	შპს' თათია "	226521065	გარდაბნის მუნიც. სოფ. სართიჭალა	555222222 	ზურაბ მჭედლიშვილი			3			2	2	\N	\N	\N	\N	\N	f	\N	\N	f
94	შ.პ.ს.,,პოულტრი ჯორჯია"	226530448	ქთბილისი მეფრინველის ქუჩა #1	595959017 	ზურაბი ჭუჭულაშვილი			3			2	2	\N	\N	\N	\N	\N	f	\N	\N	f
95	ი.მ. არჩილ პატაშური	23001002748		592442228 	არჩილი პატაშური			2			2	2	\N	\N	\N	\N	\N	f	\N	\N	f
96	ი.მ "ლევან ბუთხუზაშვილი"	23001003279	ქ. ახმეტა ხეთაგუროვის ქ #17	568706200 	ლევან  ბუთხუზაშვილი			2			2	2	\N	\N	\N	\N	\N	f	\N	\N	f
97	ი.მ ,,ზვიად ჯაბანიშვილი"	23001004131	დაბა თიანეთი ლაშარის ქუჩა #58	597336500 	ზვიად ჯაბანიშვილი			2			2	2	\N	\N	\N	\N	\N	f	\N	\N	f
98	შპს "ჯორჯიან მანგანიზი	230085797	ქ. თბილისი მიცკევიჩის 27ბ	599030005	ირაკლი ნოზაძე			3			2	2	\N	\N	\N	\N	\N	f	\N	\N	f
99	შპს ორბი 2006	231265742	ახმეტის მუნიციპალიტეტი სოფ ქისტაური	551660066	გოგა მაზიაშვილი			3			2	2	\N	\N	\N	\N	\N	f	\N	\N	f
100	შ.პ.ს. ,,იბერკომპანი"	231963818	ქ.თბილისი ჭავჭავაძის გამზირი #37 ,,ლ"	577221105	გიორგი გამგონეიშვილი			3			2	2	\N	\N	\N	\N	\N	f	\N	\N	f
101	ააიპ საბავშვო ბაგა-ბაღის გაერთიანება	232388421	თიანეთი რუსთაველის #67	591260056	თამარი აქიმიშვილი			5			2	2	\N	\N	\N	\N	\N	f	\N	\N	f
102	შპს " გიორგი და კომპანია "	232540970	ქ. კასპი მაჩაბლის ქ 12	599105595	თამაზ ნიპარიშვილი			3			2	2	\N	\N	\N	\N	\N	f	\N	\N	f
103	ს.პ.ს. ,,სათბური ალბი"	232578485	კასპის მუნიციპალიტეტი.სოფელი დოესი	551439776 	ალექსანდრე ზუბიაშვილი			6			2	2	\N	\N	\N	\N	\N	f	\N	\N	f
104	შპს : ლაშარელა "	234160724	მარნეული სულხან საბას ქ. # 13	579797777	თორნიკე ლაშხი			3			2	2	\N	\N	\N	\N	\N	f	\N	\N	f
105	ააიპ.მარნეულის მუნც. ბაგა-ბაღის გაერთიანება	234233344	მარნეულის მუნიციპალიტეტი.სოფელი ყიზილაჯილო	593366661 	ზაურ  კარამოვი			5			2	2	\N	\N	\N	\N	\N	f	\N	\N	f
106	შპს  ,,ალბატროს+	236081967	ქ.მცხეთა ნატახტარი. ნარეკვავი	551328311	ნიკოლოზ  დარსაველიძე			3			2	2	\N	\N	\N	\N	\N	f	\N	\N	f
107	შ.პ.ს '' კავკასია - 2"	238153305	საგარეჯოს რნ-ი სოფ. იორმუღანლო	599903141	ემზარ ძამაშვილი			3			2	2	\N	\N	\N	\N	\N	f	\N	\N	f
108	ი.მ ,,ნიზაამ შარიფოვი"	24001000396	კასპის მუნ. სოფ. მიქელწყარო (ახტალა) 	599262768 	ნიზაამ შარიფოვი			2			2	2	\N	\N	\N	\N	\N	f	\N	\N	f
109	შ.პ.ს.,,სტეფანწმინდა 2008"	241499623	ყაზბეგი  დაბა  გუდაური	599545151 	გოგი ქუშაშვილი			3			2	2	\N	\N	\N	\N	\N	f	\N	\N	f
110	ი. მ. " რამაზ მარტოლეკი "	31001008656	მცხეთის მუნიც. სოფ. მისაქციელი	599434058 	რამაზ მარტოლეკი			2			2	2	\N	\N	\N	\N	\N	f	\N	\N	f
111	ი.მ. ,,ამირან აბუაშვილი"	31001011554	ქ.თბილისი.ფეიქრების #14	599503422	ამირან  აბუაშვილი			2			2	2	\N	\N	\N	\N	\N	f	\N	\N	f
112	ი.მ. სურენ კირაკოსიანი	32001000367	ნინოწმინდის მუნიციპალიტეტ სოფელი დილიფი	568106171 	სურენ კირაკოსიანი			2			2	2	\N	\N	\N	\N	\N	f	\N	\N	f
113	ი.მ. მარიეტა ოვსეპიანი	32001000458	ნინოწმინდის მუნიციპალიტეტი.სოფელი პეშტია	558675004 	მარიეტა  ოვსეპიანი			2			2	2	\N	\N	\N	\N	\N	f	\N	\N	f
114	ი. მ. " აზატ კიურელიან "	320010010	ნინოწმინდის მუნიც. სოფ. გორელივკა		აზატ კიურელიან			2			2	2	\N	\N	\N	\N	\N	f	\N	\N	f
115	ი.მ "აზატ კიურელიან"	32001001031	ნინოწმინდა სოფ. გორელოვკა		აზატ კიურელიან			2			2	2	\N	\N	\N	\N	\N	f	\N	\N	f
116	კოოპერატივი  " შირ - ანთ "	320010173	ნინოწმინდის მუნიც/ სოფ. ჯიგრაშენი 	595551234 	შირაზ ხოდიკიან			8			2	2	\N	\N	\N	\N	\N	f	\N	\N	f
117	ი.მ. ჰრაჰრატ კრმაჯიანი	320010188	ნინოწმინდის მუნიციპალიტეტი სოფელი პატარა გონდურა	599786699 	ჰრაჰრატ კრმაჯიანი			2			2	2	\N	\N	\N	\N	\N	f	\N	\N	f
118	ი.მ "ჰრაჰრატ კრმაჯიანი"	32001018859	ნინოწმინდის მუნიციპალიტეტი სოფ.პატარა გონდურა	599786699 	ჰრაჰრატ კრმაჯიანი			2			2	2	\N	\N	\N	\N	\N	f	\N	\N	f
119	ი. მ. "  ილია კოხტაშვილი "	36001008947	ქ საგარეჯო ცხვედაძისქ. #1	555301918 	ილია კოხტაშვილი			2			2	2	\N	\N	\N	\N	\N	f	\N	\N	f
120	ი.მ. ,,სტეფნაძე ლალი"	38001023194	ქ.მცხეთა აღმაშენებლის ქუჩა #71	557616725 	ლალი სტეფნაძე			2			2	2	\N	\N	\N	\N	\N	f	\N	\N	f
121	ი.მ. ,,ნინო სართანია"	39901046899	ქ.თბილისი დადიანის ქუჩა #261	551933093 	ნინო სართანია			2			2	2	\N	\N	\N	\N	\N	f	\N	\N	f
122	შპს " ფარავანი აგრო მშენ სერვისი "	4  36684520	ნინიწმინდის მუნიც. სოფ. ფარვანი	591889187 	ვეფხია ლომაშვილი			3			2	2	\N	\N	\N	\N	\N	f	\N	\N	f
123	შპს ,,ხემსი"	4 04455344	ქ.თბილისი კოტე აფხაზის ქ#30	593933438 	ნათია გაგაძე			3			2	2	\N	\N	\N	\N	\N	f	\N	\N	f
124	შპს  ' შესკილი "	400006587	ქ. თბილისი დ / დიღომი პეტრიძის ქ #9	593590918	რომეო ფილფანი			3			2	2	\N	\N	\N	\N	\N	f	\N	\N	f
125	ი.მ. ,,მიხეილ ხატიაშვილი"	40001001396	სიღნაღის მუნიციპალიტეტი სოფელი ანაგა	595959921 	მიხეილი ხატიაშვილი			2			2	2	\N	\N	\N	\N	\N	f	\N	\N	f
126	შ.პ.ს. ,,ჯანსაღი კვება"	400014113	ქ.თბილისი აეროდრომის ქუჩა #14	555657525	ჟანა გაგუა			3			2	2	\N	\N	\N	\N	\N	f	\N	\N	f
127	შ.პ.ს. ,,ნატურალი"	400014827	ქ.თილისი გლდანი ,,აა" მ/რ. კორპ#48-ის მ/ტერიტორია	555240710	კახაბერ კუჭაშვილი			3			2	2	\N	\N	\N	\N	\N	f	\N	\N	f
128	კერძო საბავშვო ბაგა ბაღი ,,ბაია"	400019252	ქ.თბილისი ცოტნე დადიანის ქუჩა #34	558634880 	ნატო ჩარკვიანი			3			2	2	\N	\N	\N	\N	\N	f	\N	\N	f
129	შპს " FOOD 7 "	400074735	ქ. თბილისი მუხიანის საცხოვრებელი რაიონი	59200211  	ლევან გოსაძე			3			2	2	\N	\N	\N	\N	\N	f	\N	\N	f
130	შ.პ.ს. ,,არიკი"	400097532	ქ.თბილისი დ. გამრეკელის ქუჩა #2	592081086	მორტეზა ხანუკი			3			2	2	\N	\N	\N	\N	\N	f	\N	\N	f
131	შპს" სანდო 2012 "	400112123	ქ. თბილისი გლდანის მე -5 მიკ. 191 სკოლის მიმდებარე ტერიტორია	555780306 	კახა წერეთელი			3			2	2	\N	\N	\N	\N	\N	f	\N	\N	f
132	შპს " ვორლდ ფუდი "	400114005	ქ. თბილისი. ვაზისუბანი მე -4 მიკ1 კვ მე - 14კორპ მიმდებარე ტერიტორია	577774454 	ლასა მეგრელიშვილი			3			2	2	\N	\N	\N	\N	\N	f	\N	\N	f
133	შ.პ.ს. ,,ნიკორა"	400132183	ქ.თბილისი.ქავთარაძის ქუჩა #11.	595043508 	მანანა აბულაშვილი			3			2	2	\N	\N	\N	\N	\N	f	\N	\N	f
134	შ.პ.ს. ,,ხაჭაპურის სახლი"	400133271	ქ.თბილისი მესხიშვილის ქუჩა #12	597383884	ვასილი მაჭარაშვილი			3			2	2	\N	\N	\N	\N	\N	f	\N	\N	f
135	შპს 'კასკო - 2015 "	400141627	ქ. თბილისი. გაგრის ქ. # 2	595224004 	გიორგი ბეროშვილი			3			2	2	\N	\N	\N	\N	\N	f	\N	\N	f
136	შ.პ.ს. ,,ალტურასი"	400144982	ქ.თბილისი ც.დადიანის ქ.#141 ბინა#47	577415130	ვალერიან მეზურნიშვილი			3			2	2	\N	\N	\N	\N	\N	f	\N	\N	f
137	შპს " სიხარული "	400150082	ქ. თბილისი 1 მკრ კარტოგრაფიული ფაბრიკის მიმდებარე ტერიტორია	555180618 	ნატო ტაბატაძე			3			2	2	\N	\N	\N	\N	\N	f	\N	\N	f
138	შპს " არგო "	400151009	ქ. თბილისი თემქა მე - 2 მიკ 21 კორ ბ 35	558180810 	მამუკა ჩაგელიშვილი			3			2	2	\N	\N	\N	\N	\N	f	\N	\N	f
139	შპს ' პაკლინე ჯორჯია "	400188275	ქ. თბილისი ლეჩხუმის მე 2 შესახ 9ა	555136635	ტეეტ ლიჰკი			3			2	2	\N	\N	\N	\N	\N	f	\N	\N	f
140	შპს"აზალი +"	401469776	ქ. თბილისი თევდორე თვდლის 27	595089073	მელანო დარჩია 			3			2	2	\N	\N	\N	\N	\N	f	\N	\N	f
141	შპს ,,ლიდერფუდ+"	401953686	ქ. მცხეთა ნარეკვავის დასახლება საავტომობილო გზის 27-ე კმ.	599501744 	ემზარი ზარიაშვილი			3			2	2	\N	\N	\N	\N	\N	f	\N	\N	f
142	შპს "აგრო პროდუქტი "	401960320	ქ.თბილისი ქართლის ქ. #13	577227788	იოსებ სხირტლაძე			3			2	2	\N	\N	\N	\N	\N	f	\N	\N	f
143	შპს " ბერთა მთა "	401983868	ქ. თბილისი რუსთაველის გამზ # 12		ზურაბ მარსაგიშვილი			3			2	2	\N	\N	\N	\N	\N	f	\N	\N	f
144	შპს  " ფუტკარა "	401988284	ქ. თბილისი წერეთლის გამზ. #142	598626254	გოჩა თეთრუაშვილი			3			2	2	\N	\N	\N	\N	\N	f	\N	\N	f
145	შპს " ვაკის პელმენი "	402017919	ქ. თბილისი მოსეშვილის ქ. # 2	596707050	მამუკა გოროზია			3			2	2	\N	\N	\N	\N	\N	f	\N	\N	f
146	შპს " გრინდოგი '	402038022	ქ. ტბილისი წნეტის ქ. #140	577030510	ლასა არესიძე			3			2	2	\N	\N	\N	\N	\N	f	\N	\N	f
147	შპს "ლაგუელ"	404386841	ქ. თბილისი შარდენის ქუჩა #1	593192511	ელეონორა შენგელია			3			2	2	\N	\N	\N	\N	\N	f	\N	\N	f
148	შპსვაგრო მაქსი	404395882		599760948	ეთერი ქირია			3			2	2	\N	\N	\N	\N	\N	f	\N	\N	f
149	შ.პ.ს. ,,ვეტსანჰიგ-ეკოლოგია"	404397461	ქ.თბილისი ორბელიანის ქუჩა #29	558000560 	ზურაბ მაცაცაშვილი			3			2	2	\N	\N	\N	\N	\N	f	\N	\N	f
150	შპს' ფუდ მენეჯმენტ გრუპ "	404427624	ქ. თბილისი წყალსადენისქ. 20	574400401	დავით კაპანაძე			3			2	2	\N	\N	\N	\N	\N	f	\N	\N	f
151	შ.პ.ს. ,,გიორგი"	404429285	მცხეთის მუნიციპალიტეტი მუნიციპალიტეტი	555474793	გიორგი სამხარაძე			3			2	2	\N	\N	\N	\N	\N	f	\N	\N	f
152	სპს " ჯორჯიან იმპორტ სერვის	404453916	ქ. თბილისი ამაღლების შესახვევი #1	577747433	დავით მაისურაძე			6			2	2	\N	\N	\N	\N	\N	f	\N	\N	f
153	შპს "ახალი + "	404469776	ქ. თბილისი თევდორე მღვდლის # 27	595089073	მელანო დარჩიძე			3			2	2	\N	\N	\N	\N	\N	f	\N	\N	f
154	შ.პ.ს. ,,ახალი ჯგუფი"	404471923	მცხეთის მუნიციპალიტეტი.სოფელი წიწამური	597004351 	ლაურა ვეფხვაძე			3			2	2	\N	\N	\N	\N	\N	f	\N	\N	f
155	შ.პ.ს. ,,წმინდა გიორგის სახელობის საერთაშორისო სკოლა"	404510739	ქ.თბილისი ჭავჭავაძის გამზირი#82	599291810 	ლევანი ჩოფიკაშვილი			3			2	2	\N	\N	\N	\N	\N	f	\N	\N	f
156	შ.პ.ს. ,,კრწანისი" სკოლა კრწანისი ,,მარჯი"	404512611	ქ. თბილისი.კრწანისის ქ.#38.	555327951	მაია ხუნდაძე			3			2	2	\N	\N	\N	\N	\N	f	\N	\N	f
157	შ.პ.ს. ,,მით ბოქს გრუპ+	404520924	ქ.თბილისი ყიფშიძის ქუჩა #9ბ.	599098880 	ნათია ჩემია 			3			2	2	\N	\N	\N	\N	\N	f	\N	\N	f
158	შ.პ.ს. ,,მადლიანი 2016"	404520997	ქ.თბილისი დავითაშვილის ქუჩა #29	599994212	გია ბალანჩივაძე			3			2	2	\N	\N	\N	\N	\N	f	\N	\N	f
159	შ.პ.ს. ,,დეასი"	404521120	ქ.თბილისი.ლადო ასათიანის ქუჩა #58.ბინა #16.	571514342 	ზაზა ჩიჩუა			3			2	2	\N	\N	\N	\N	\N	f	\N	\N	f
160	შ.პ.ს. ,,ასპრია სიიდს ჯორჯია"	404871251	ქ.თბილისი.ო.ჭილაძის ქ. #166.კორპ.#6.ბინა #7ა.	571115356 	ნანა გაბრავა			3			2	2	\N	\N	\N	\N	\N	f	\N	\N	f
161	შპს "ჩვენებურები "	404874800		593711555	ირმა ბუცენბერლინსკი			3			2	2	\N	\N	\N	\N	\N	f	\N	\N	f
162	შ.პ.ს. ,,რედ კაფე"	404875328	ქ.თბილისი.ვაჟა-ფშაველას #71.	577222740 	კობა ბალანჩივაძე			3			2	2	\N	\N	\N	\N	\N	f	\N	\N	f
163	შ.პ.ს. ,,ასორტი ვერე"	404880474	ქ.თბილისი მხატვრის ქუჩა #8	599216644	ჭაბუკი ცომაია			3			2	2	\N	\N	\N	\N	\N	f	\N	\N	f
164	შ.პ.ს.,,აისბერგ თბილისი"	404888895	ქ.თბილისი გაგრის ქუჩა #2	551268811 	თეიმურაზი რამიშვილი			3			2	2	\N	\N	\N	\N	\N	f	\N	\N	f
165	შპს ,,იუჯი ბაღი"	404889894	ქ.თბილისი ალექსიძის ქუჩა #8	591006023 	ჯარჯი ჭიკაიძე			3			2	2	\N	\N	\N	\N	\N	f	\N	\N	f
166	შპს "IORI - G"	404899972	საგარეჯოს მუნიც. სოფ. იორმუღანლო	579393131	სულეიმანი ჯეირანოვი			3			2	2	\N	\N	\N	\N	\N	f	\N	\N	f
167	შპს ბრიტანულ-ქართული საბავშვო ბაღი ABC2	404903592	ქ.თბილისი ნადირაძის ქუჩა #28	          	ნინო გოცაძე			3			2	2	\N	\N	\N	\N	\N	f	\N	\N	f
168	შ.პ.ს.,,მარცვლეულის ლოგისტიკის კომპანია"	404904458	ქ.თბილისი დიღომი ახმეტელის ქუჩა #10ა	551657777 	დავითი ინასარიძე			3			2	2	\N	\N	\N	\N	\N	f	\N	\N	f
169	შპს 'ელფუდი"	404941541	ქ.თბილისი ჩაჩავას ნაკ.2-4-6-8-10	599268787	დავით მაისურაძე			3			2	2	\N	\N	\N	\N	\N	f	\N	\N	f
170	სპს " ანბანილა + "	404949419	ქ. თბილისი. მიცკევიჩის ქ. # 60	599183928 	ქეთინო წულიასვილი			6			2	2	\N	\N	\N	\N	\N	f	\N	\N	f
171	შ.პ.ს. ,,ვაზიანი 2012"	404952048	ქ.თბილისი მცხეთის ქუჩა #47	599577171	თამაზი იმნაძე			3			2	2	\N	\N	\N	\N	\N	f	\N	\N	f
172	შპს 'Fast Food "	404953118	ქ. თბილისი შარტავას ქ. # 2	კვიტაშვიი 597515515 	თორნიკე			3			2	2	\N	\N	\N	\N	\N	f	\N	\N	f
173	შ.პ.ს. ,,იფქლი პირველი"	404955198	ქ.თბილისი.გოძიაშვილის #22/24.	555594124 	მირზა ლობჟანიძე			3			2	2	\N	\N	\N	\N	\N	f	\N	\N	f
174	შპს " მიშა და კომპანია "	404955401	ქ. თბილისი ა. წერეთლის 110გ 155 საჯარო სკოლის ბუფეთი	559911110	მიშა ჩხეიძე			3			2	2	\N	\N	\N	\N	\N	f	\N	\N	f
175	ააიპ საბავშო ბაგა - ბაღი" იმედი საბურთალო "	404956188	ქ. თბილისი ბახტრიონოს ქ. #8	555366162	ნინო ყულიასვილი			5			2	2	\N	\N	\N	\N	\N	f	\N	\N	f
176	შპს " აგრალური უნივერსიტეტი საცდელი ბაზა"	404962242	ქ. თბილისი. დ. აღმაშენებლის ხეივანი # 240	595690986	თეიმურაზ გოგორიშვილი			3			2	2	\N	\N	\N	\N	\N	f	\N	\N	f
177	შპს " მით ენდ ფოულტრი "	404965882	გარდაბნის მუნიც. სპფ. ახალი სამგორი	599680659	ბერდია გაგაძე			3			2	2	\N	\N	\N	\N	\N	f	\N	\N	f
178	შ.პ.ს. ,,ამბრი"	404973150	ქ.თბილისი.კრწანისის ქუჩა #17ბ	599722200 	პაატა ვასენკო			3			2	2	\N	\N	\N	\N	\N	f	\N	\N	f
179	შპს " წესი "	405015273	ქ. თბილისი ფალიაშვილის ქ/ # 59	593114478	გიორგი კივილაძე			3			2	2	\N	\N	\N	\N	\N	f	\N	\N	f
180	საქველმოქმედო ფონდი ,,საქართველოს კარიტასი	405033501	გარდაბანის მუნიციპალიტეტი სოფელი  მარტყოფი	591229708	კობა კაკაბაძე			9			2	2	\N	\N	\N	\N	\N	f	\N	\N	f
181	შპს "პანიკა "	405034421	ქ. თბილისი დ აღმაშენებლის ხეივანი მე 13 კლ	599570003	პაატა გეგეჩკორი			3			2	2	\N	\N	\N	\N	\N	f	\N	\N	f
182	შპს " ალუბლები"	4050422957	ქ. თბილისი. თ. აბულაძის ქ. # 16	599508030	ნათია გურგენიძე			3			2	2	\N	\N	\N	\N	\N	f	\N	\N	f
183	შპს "ლისიტესტი "	40504386	ქ. თბილისი ლისის ტბის მიმდებარე ტერიტორია	555189805	ზურაბ კვანტალიანი			3			2	2	\N	\N	\N	\N	\N	f	\N	\N	f
184	შ.პ.ს. ,,აიბი აგრო"	405057218	ქ.თბილისი მცხეთის ქუჩა #8 ბინა #106	579705100 	თორნიკე ჟღენტი			3			2	2	\N	\N	\N	\N	\N	f	\N	\N	f
185	შპს აგროლაინი	405101580	ქ. თბილისი ფანასკერტელის 19 ბ 130	599568883	ივანე ქელბაქია			3			2	2	\N	\N	\N	\N	\N	f	\N	\N	f
186	შპს "ვანილა ქეიქ "	405110446	ქ. თბილისი პეტრიწის ქ. #8	598192223	გიორგი მარგიშვილი			3			2	2	\N	\N	\N	\N	\N	f	\N	\N	f
187	შპს   ,,G& GROUP"	405124477	ქ.თბილისის დ. თავდადებულის ქუჩა #29	599721070	ლუკა ალექსიშვილი			3			2	2	\N	\N	\N	\N	\N	f	\N	\N	f
188	შპს "ასპრია სიიდს "	405133289	ქ. თბილისი ოთარ ჭილაძის ქ. 166 კორპ 6 ბ 7ა	57115356	ნანა გაბრავა			3			2	2	\N	\N	\N	\N	\N	f	\N	\N	f
189	შ.პ.ს "ანი და ნიკა"	405137579	ქ. თბილისი ცინცა\\ზის ქ. N 77	593392496	ნინო ჯამასპიშვილი			3			2	2	\N	\N	\N	\N	\N	f	\N	\N	f
190	შპს " ჩიზი"	405139924	ქ. თბილისი გლდანი ვეკუას ქ. # 10	577959038	ავთანდი ხუცკივაძე			3			2	2	\N	\N	\N	\N	\N	f	\N	\N	f
191	შპს " სოლო პალას "	405149192	ქ. თბილისი ინგოროყვას  ქ. #5	577434332 	გრიგოლ მოდებაძე			3			2	2	\N	\N	\N	\N	\N	f	\N	\N	f
192	შპს ,,ქართული ფერმა"	405156940	ქ.თბილისი  უშაკოვის ქუჩა #3	577611188 	გიორგი იშხნელი			3			2	2	\N	\N	\N	\N	\N	f	\N	\N	f
193	შ.პ.ს.,, ვუდინტერნეიშნალ"	405159947	ქ.თბილისი  კავსაძის ქუჩა #10	579500303	გიორგი მურღულია			3			2	2	\N	\N	\N	\N	\N	f	\N	\N	f
194	შ.პ.ს.,,ქეიჯი კორპორაცია"	405164138	ქ.თბილისი.ყიფშიძის ქუჩა #6.	599607050 	გიგა ღამბაშიძე			3			2	2	\N	\N	\N	\N	\N	f	\N	\N	f
195	შპს ,,NOCERE'	405172539	ქთილისი  ს.ცინცაძის ქუჩა #43 ბინა #12ა	593931606 	გივი ნათენაძე			3			2	2	\N	\N	\N	\N	\N	f	\N	\N	f
196	შპს " ფირინი "	405174127	ქ. თბილისი ჭავჭავაძის #54	555375729 	ლევენთ ბუჰარალიოღლუ			3			2	2	\N	\N	\N	\N	\N	f	\N	\N	f
197	 შ.პ.ს. ,,იმერი"	405187738	ქ.ტყიბული ბარათაშვილის ქუჩა #25	599850906 	ეთერი ჩიკვაიძე			3			2	2	\N	\N	\N	\N	\N	f	\N	\N	f
198	შპს ,,NIARTVIZION"	406035570	ქ.თბილისი ვარკეთილის დასახლება IVმ/რ 419-ის მიმდებარე ტერიტორია	568889000	ზაზა ანთაძე			3			2	2	\N	\N	\N	\N	\N	f	\N	\N	f
199	შ.პ.ს. GEO UKRAVIT	406065225	ქ.თბილისი 	593195757 	რევაზი ქოქიაშვილი			3			2	2	\N	\N	\N	\N	\N	f	\N	\N	f
200	შპს "GOLDEN GRAINS "	406080306	. თბილისი აღმაშენებლის ხეივანი მე -9 კმ 3 სარ	577518887	თემური მაზიაშვილი			3			2	2	\N	\N	\N	\N	\N	f	\N	\N	f
201	შპს " GPG გრუპი "	406083651	ქ. თბილსი. გულუას ქ.# 3 	599261374	ვლადიმერ გულუაშვილი			3			2	2	\N	\N	\N	\N	\N	f	\N	\N	f
202	შპს " თბილისის სამეფო სასტუმროები "	406120228	ქ. თბილისი პეტრიაშვილის ქ. # 42	597117090 	მარინე  ბორაშვილი			3			2	2	\N	\N	\N	\N	\N	f	\N	\N	f
203	შ.პ.ს. ,,საქართველოს აგრარული გაერთიანება"	406121833	ქ.თბილისი  მოსკოვის გამზირი კორპ#38 ბინა #181.	599293833 	ვალერი გორგიშვილი			3			2	2	\N	\N	\N	\N	\N	f	\N	\N	f
204	შპს "შენენა "	406128836	ქ. თბილისიბსაარბიურკერის მოედანი 2	597944551	გიორგი გელაშვილი			3			2	2	\N	\N	\N	\N	\N	f	\N	\N	f
205	შპს "შენანა "	4061288836		597944551	გიორგი გელაშვილი			3			2	2	\N	\N	\N	\N	\N	f	\N	\N	f
206	შ.პ.ს "სანთელი"	406148850	ქ.თბილისი ვარკეთილის დასახლება 3-ე რიგი, კორპ.6, ბ. 76	571831515	თორნიკე ღავთაძე			3			2	2	\N	\N	\N	\N	\N	f	\N	\N	f
207	სპს ;ანტრე ბატონო "	406162717	ქ. თბილისი ჩვიდმეტი შინდისელი გმირის ქ 5	597101180	ალექსანდრე მესხი			6			2	2	\N	\N	\N	\N	\N	f	\N	\N	f
208	შპს " დოლჩე ვიტა "	406180421	ქ. თბილისი ხომვლელის ქ. #11	599908837	ივანე მერაბიშვილი			3			2	2	\N	\N	\N	\N	\N	f	\N	\N	f
209	შ.პ.ს. ,,ელიფ"	406182312	ქ.თბილისი სადგურის ქუჩა #57ა		გელა თაბუკაშვილი			3			2	2	\N	\N	\N	\N	\N	f	\N	\N	f
210	შ.პ.ს.,,სახე-დარი"	406186773		599537185 	თემური ლომიძე			3			2	2	\N	\N	\N	\N	\N	f	\N	\N	f
211	შ.პ.ს. ,,მილკი"	406203852	ქ.თბილისი. კრწანისის ქუჩა #16.კორპუსი #3.	555444372 	საბა ელიავა			3			2	2	\N	\N	\N	\N	\N	f	\N	\N	f
212	შპს " ექსტრა მითი "	412670550	ქ. ქუთაისი ხუნდაძის ქ. # 40	599463520	ალეკო ჭაბაშვილი			3			2	2	\N	\N	\N	\N	\N	f	\N	\N	f
213	შპს " ჯიმ "	412690253	ქ. თბილისი უზნაძის ქ. 49	595291330	ლერი უდესიანი			3			2	2	\N	\N	\N	\N	\N	f	\N	\N	f
214	ს.პ.ს. ,,ქობულეთური ტრეიდინგი"	412693606	ქ.თბილისი.დ.ბაქრაძის ქუჩა #2.	577532253	გიორგი ფიფია			6			2	2	\N	\N	\N	\N	\N	f	\N	\N	f
215	შპს "ა. ვ. ხორცის მაღაზია "	412714843	ქ. თბილისი ვაჟა ფშაველას მე -2კვ 11ბ კორ	599287288 	ივანე გორგოძე			3			2	2	\N	\N	\N	\N	\N	f	\N	\N	f
216	შ.პ.ს. ,,მიშა"	416328502	გარდაბნის მუნიციპალიტეტი.სოფელი აღთაკლია	659931365 4	მიშა სირბილაძე			3			2	2	\N	\N	\N	\N	\N	f	\N	\N	f
217	შ.პ.ს. ,,ქართული თევზი"	417875320	გორის მუნციპალიტეტი სოფ. თორტიზა	598999590 	თემური ბერიძე			3			2	2	\N	\N	\N	\N	\N	f	\N	\N	f
218	შ.პ.ს. ,,კომპლექსაგრო"	417878602	ქარელის მუნიციპალიტეტი.სოფელი ბებნისი.	599516373 	გიორგი ჭონიშვილი			3			2	2	\N	\N	\N	\N	\N	f	\N	\N	f
219	შ.პ.ს. ,,გორი"	417882982		571115520	გრიგოლი ნადირაძე			3			2	2	\N	\N	\N	\N	\N	f	\N	\N	f
220	კოოპერატივი ,,ახალი ძევერა"	417886023	გორის მუნიციპალიტეტი სოფელი ძევერა 	599504778 	რამაზი გიორგობიანი			8			2	2	\N	\N	\N	\N	\N	f	\N	\N	f
221	რკ  ,,ქიწნისი"	417889379	გორის მუნიციპალიტეტი სოფ. ქიწნისი	568127799 	აკაკი იოსებაშვილი			9			2	2	\N	\N	\N	\N	\N	f	\N	\N	f
222	სპს " ფერმა 008 "	417889431	კასპის მუმიც/ სოფ. ფერმა	571737446	ნინო ვეფხვაძე			6			2	2	\N	\N	\N	\N	\N	f	\N	\N	f
223	შ.პ.ს. ,,ვაგმამწარა"	419986331	ზუგდიდის მუნიციპალიტეტი სოფელი ახალ აბასთუმანი	592595758 	თემური გუნავა			3			2	2	\N	\N	\N	\N	\N	f	\N	\N	f
224	შ.პ.ს. ,,აბაშის მერძევეობის ფერმა"	422431032	ქ.თბილისი.კოსტავას ქუჩა #37-39.	591027171	ტარიელი ლომდარეიშვილი			3			2	2	\N	\N	\N	\N	\N	f	\N	\N	f
225	შ.პ.ს. ,,ინა"	422431791	ქ.თბილისი.გოგოლაურის ქუჩა #5	571737476 	ინა ვეფხვაძე			3			2	2	\N	\N	\N	\N	\N	f	\N	\N	f
226	შპს ,,ფაზისი"	422431853	ქ.თბილისი გლდანის ხევი 2	595923443 	გიგა კუჭუხიძე			3			2	2	\N	\N	\N	\N	\N	f	\N	\N	f
227	შ.პ.ს. ,,ბმბ"	425357071	ბოლნისის მუნიციპალიტეტი სოფელი რატევანი	599532311 	მიხეილი ავქოფაშვილი			3			2	2	\N	\N	\N	\N	\N	f	\N	\N	f
228	ააიპ ,,ბოლნისის მუნიციპალიტეტის ბოლნისის სათნოების სახლი"	425357696	ქ.ბოლნისი ს.ს.ორბელიანის ქუჩა #102ბ	599859836 	მარია გუროვანიდი			5			2	2	\N	\N	\N	\N	\N	f	\N	\N	f
229	კოოპერატივი ,,დისველი"	425359444	ბოლნისის მუნიციპალიტეტი სოფელი დისველი	599219211 	გიორგი დემურაშვილი			8			2	2	\N	\N	\N	\N	\N	f	\N	\N	f
230	სს აბდენლკი	425361823	ბოლნისის მუნიციპალიტეტი სოფ აკაუეთა	577998102	თენგიზი მურნაძე			4			2	2	\N	\N	\N	\N	\N	f	\N	\N	f
231	კოოპერატივი " დაბა წაღვერი "	426111165	ბორჯომის მუნიც. სოფ. დაბა	595940012 	ირმა მაღრაძე			8			2	2	\N	\N	\N	\N	\N	f	\N	\N	f
232	შ.პ.ს. ,,დადუ"	426112084	ქ.თბილისი.გოგოლაურის ქუჩა #5	571737476 	ნინო ვეფხვაძე			3			2	2	\N	\N	\N	\N	\N	f	\N	\N	f
233	შპს " პროფი პლიუსი "	426520482	გარდაბნის მუნიც. სოფ. თელეთი	59141060  	გრიგოლ სამხარაძე			3			2	2	\N	\N	\N	\N	\N	f	\N	\N	f
234	შ.პ.ს. ,,ზენა"	426521971	გარდაბნის მუნიციპალიტეტი,სოფელი კრწანისი	599609393 	რუსლანი ნაჭყებია			3			2	2	\N	\N	\N	\N	\N	f	\N	\N	f
235	კოოპერატივი " რკრამაზანი "	426522961	გარგაბნის მუნიც. სოფ. ქესალო	591259572 	მიხეილ ცარციძე			8			2	2	\N	\N	\N	\N	\N	f	\N	\N	f
236	შ.პ.ს. ,,თელეთის ყველის სახლი"	426529483	გარდაბნის მუნიციპალიტეტი.სოფელი ზემო თელეთი	596452323 	ანა მიქაძე-ჩიკვაიძე			3			2	2	\N	\N	\N	\N	\N	f	\N	\N	f
237	შ.პ.ს. ,,თელეთის ყველის სახლი"	426529486	გარდაბნის მუნიციპალიტეტი.სოფეი ზემო თელეთი	596452323 	ანა მიქაძე-ჩიკვაიძე			3			2	2	\N	\N	\N	\N	\N	f	\N	\N	f
238	სასოფლო-სამეურნეო კოოპერატივი ,,გილე"	427720004	ქ.გურჯაანი თავისუფლების ქუჩა #80ა	579608844 	იზოლდა ქიტესაშვილი			9			2	2	\N	\N	\N	\N	\N	f	\N	\N	f
239	შპს " მარცვალი "	427729149	გურჯაანის მუნიც. სოფ ახაშენი	598691633	ნიკა მაისურაძე			3			2	2	\N	\N	\N	\N	\N	f	\N	\N	f
240	შპს " მარცვალი"	4277291633	გურჯაანია მუნიც სოფ ახაშენი	598691633	ნიკა მაისურაძე			3			2	2	\N	\N	\N	\N	\N	f	\N	\N	f
241	შპს ,,მოდებაძე და კომპანია"	428518026	ქ.დედოფლისწყარო  გამარჯვების ქუჩა #81	597059352	ზაზა ცოფურიშვილი			3			2	2	\N	\N	\N	\N	\N	f	\N	\N	f
242	შპს "შირაქი"	428518678	დედოფლისწყაროს მუნიც. სოფ/ არხილოს კალო	595060202	გივი ქავთარაძე			3			2	2	\N	\N	\N	\N	\N	f	\N	\N	f
243	შპს ' დედოფლისწყაროს ნობათი "	428518945	დედოფლისწყაროს მუნც სოფ. ხორნაბუჯი		ვანო ბენაშვილი			3			2	2	\N	\N	\N	\N	\N	f	\N	\N	f
244	შპს " ლეანკა "	428520567	დედოფლისწყარო ჰერეთის  მე -2 ჩიხი	555511969 	ქეთინო ჩალახრშვილი			3			2	2	\N	\N	\N	\N	\N	f	\N	\N	f
245	შპს " ამაღლება "	428881123	დმანისის მუნიც. სოფ. განთიადი	599752700 	გიორგი  დევნოზაშვილი			3			2	2	\N	\N	\N	\N	\N	f	\N	\N	f
246	შპს ,,ოჩი"	428881463	ქ.დმანისი 9 აპრილის ქუჩა #52	599856848	ჯოტო ნონიაშვილი			3			2	2	\N	\N	\N	\N	\N	f	\N	\N	f
247	შ.პ.ს ,,აჩი"	429322342	ქ.დუშეთი დ.აღმაშენებლის ქუჩა #3 	558442411	ვლადიმერი კარიაულუ			3			2	2	\N	\N	\N	\N	\N	f	\N	\N	f
248	შპს " ალალი - 2015 "	430799086	მარნეული ჯავახიშვილის ქ # 12	595606030	ლევან ხაღულაშვილი			3			2	2	\N	\N	\N	\N	\N	f	\N	\N	f
249	შპს " მულტიფაუერ ჯორჯია	431165419	ქ. თბილისი ფალიაშვილის ქ. #9 ბ # 20	577283332 	გიორგი ოთარაშვილი			3			2	2	\N	\N	\N	\N	\N	f	\N	\N	f
250	შპს " მუზეუმი "	431173534	ქ. თბილისი. ორბელიანისქ # 8 - 10	592366505	ზურაბ მაისურაძე			3			2	2	\N	\N	\N	\N	\N	f	\N	\N	f
251	რ.კ. ,,მთია"	432385402	თიანეთის მუნიციპალიტეტი.სოფელი ხევსურთსოფელი	551601027 	ავთანდილ პავლიაშვილი			9			2	2	\N	\N	\N	\N	\N	f	\N	\N	f
252	შ.პ.ს. ,,ფერმა"	432539050	კასპის მუნიციპალიტეტი.სოფელი ფერმა	571737476 	ნინო ვეეფხვაძე			3			2	2	\N	\N	\N	\N	\N	f	\N	\N	f
253	შპს" კოწახურა "	432540805	ქ. კასპი ცემ. ქარხნის მიმდებარე ტერიტორია	599105595	თამაზ ნიპარიშვილი			3			2	2	\N	\N	\N	\N	\N	f	\N	\N	f
254	შ.პ.ს. ,,სოფლის წყალი"	432542395	ქ.კასპი კოსტავას ქუჩა #18	597173417 	ზურაბი ბახტაძე			3			2	2	\N	\N	\N	\N	\N	f	\N	\N	f
255	შ.პ.ს. ,,GMN ხორცპროდუქტი"	433103722	ქ.თბილისი.წყალტუბოს ქუჩა მე-2 კორპ. მე-3 სად. ბინა #70	579011772 	მაია ვეფხვაძე			3			2	2	\N	\N	\N	\N	\N	f	\N	\N	f
256	შპს " შულა + ხორცპროდუქტი "	434163503	მარნეულის მუნიც სოფ შულავერი	599551732	ზაზა ჭოხონელიძე			3			2	2	\N	\N	\N	\N	\N	f	\N	\N	f
257	შპს ' ექსკლუზუვი "	434164762	ქ. მარნეული 26 მაისის ქუჩა	599499955	ვუგარ ზეინალოვი			3			2	2	\N	\N	\N	\N	\N	f	\N	\N	f
258	სასოფლო სამერნუო კოოპერატივი " ჩემი ოჯახი "	434168090	მარნეულის მუნიც სოფ ალგეთი	557393904	გაბილ სულეიმანოვი			9			2	2	\N	\N	\N	\N	\N	f	\N	\N	f
259	შ.პ.ს. ,,სირენ"	434169632	მარნეულის მუნიციპალიტეტი სოფ.საბირქენდი	577007012 	გასანალი გასანოვი			3			2	2	\N	\N	\N	\N	\N	f	\N	\N	f
260	შპს  "ბლუბერი "	435432226	ოზურგეთის მუნიც. სოფ. დაბა ნარუჯა	577080609 	მამია ჯანაშია			3			2	2	\N	\N	\N	\N	\N	f	\N	\N	f
261	შპს " ჯეო კუბი 2010 "	436033221	ქ, მცხეთა აღმაშენებლის ქ. # 101	595995796 	ლაშა ლაშხაური 			3			2	2	\N	\N	\N	\N	\N	f	\N	\N	f
262	შ.პ.ს. ,,ციხისძირი - 2014"	436035915	მცხეთის მუნიციპალიტეტი.სოფელი ციხისძირი.	599536849 	რამაზ მუხტაროღლი			3			2	2	\N	\N	\N	\N	\N	f	\N	\N	f
263	კოოპერატივი " შირ - ანთ"	436684526	ნინოწმინდის მუნიც. სოფ ჯივრაშენი	595551234 	შირევ ხოდიკინ			8			2	2	\N	\N	\N	\N	\N	f	\N	\N	f
264	შპს " ფარავანი აგრო მშენ სერვისი "	436684580	ნინოწმინდის მუნიციპალიტეტი სოფ. ფარვანი	591889187 	ვეფხვია ლომაშვილი			3			2	2	\N	\N	\N	\N	\N	f	\N	\N	f
265	შ.პ.ს. ,,მატადორი"	438107647	საგარეჯო.კახეთის გზატკეცილი #7	558306796 	იოსებ კოხტაშვილი			3			2	2	\N	\N	\N	\N	\N	f	\N	\N	f
266	კოოპერატივი ,,ჯოღო"	439864032	ქარელის მუნიციპალიტეტი.სოფელი ქვენატკოცა	599925036 	გიორგი თედიაშვილი			8			2	2	\N	\N	\N	\N	\N	f	\N	\N	f
267	შ.პ.ს.,,ნიკა"	440388830	ქ.წნორი მშვიდობის ქუჩა	555341034	ლია ბაგალაშვილი			3			2	2	\N	\N	\N	\N	\N	f	\N	\N	f
268	შპს "ქიზიქი "	440390202	ქ. თბილისი ბერი გაბრიელის გამზ 155	551183009	გიორგი შეითნიშვილი			3			2	2	\N	\N	\N	\N	\N	f	\N	\N	f
269	შპს ,,საბაკონსტრაქშენი"	440886098	ქ.თბილისი მიქელაძის ქუჩა #9	577012587 	დავითი ფარასტაშვილი			3			2	2	\N	\N	\N	\N	\N	f	\N	\N	f
270	შპს  ,,ყვარლის ბაგა"	441554051	ქ.ყვარელი ჭავჭავაძის ქუჩა #7	595300970	ნათია გარგულია 			3			2	2	\N	\N	\N	\N	\N	f	\N	\N	f
271	სპს " ჩოპ შოპ "	441557879	ქ. თბილისი ევგენი მიქელაძის ქ. #9	555662276 	გიორგი ჩქვანავა			6			2	2	\N	\N	\N	\N	\N	f	\N	\N	f
272	შპს "ენ გრუპ "	445444957	ქ. თბილისი მოსკოვის გამ. # 8	577101271	ლაშა ბარბაქაძე			3			2	2	\N	\N	\N	\N	\N	f	\N	\N	f
273	შპს ,,იუნიფიშ ჯი"	445454124	ქ. თბილისი პეკინის ქუჩა #5	577109010 	ოთარი ფხაკაძე			3			2	2	\N	\N	\N	\N	\N	f	\N	\N	f
274	ი. მ. " ლევანი მახათაძე"	45001007023	ყვარლის მუნიც. სოფ. ახალსოფელი	592039350 	ლევანი მახათაძე			2			2	2	\N	\N	\N	\N	\N	f	\N	\N	f
275	შპს "მშვინდა "	454406303	ქ. თბილისი სოფ. ტაბახმელა	595730077 	ნიკოლოზ ბოშოშვილი			3			2	2	\N	\N	\N	\N	\N	f	\N	\N	f
276	შ.პ.ს. ,,შვნაბადა"	454406651	ქ.თბილისი ჯანჯღავას ქუჩა #62	591215153 	თამარი სუბელიანი			3			2	2	\N	\N	\N	\N	\N	f	\N	\N	f
277	ააიპ 198-ე საბავშვო ბაგა ბაღი	460010011	ქ.თბილისი დიდი დიღომი იოანე პეტრიწის ქუჩა #15ა.	599870110	ინგა ბაიაჯანი			5			2	2	\N	\N	\N	\N	\N	f	\N	\N	f
278	შპს " ზეი "	466033383	მცხეთის მუნიციპალიტეტი სოფ მუხრანი		გიორგი ზარიაშვილი			3			2	2	\N	\N	\N	\N	\N	f	\N	\N	f
279	მ.მ. ,,მამუკა ბუხნიაშვილი"	56001015822	ქ.თბილისი.წინამძღვრიშვილის ქუჩა #184.	551176200 	მამუკა ბუხნიაშვილი			2			2	2	\N	\N	\N	\N	\N	f	\N	\N	f
280	ი.მ.   ,, ირინე ფესტვენიძე"	600010295	ქ.თბილისი ცქიტიშვილის ქუჩა #11.სსიპ მე-8-ე საჯარო სკოლა	555434533 	ირინა ფესტვენიძე			2			2	2	\N	\N	\N	\N	\N	f	\N	\N	f
281	ი. მ. " ნინო ბაღდავაძე"	60001035764	ქ. თბილისი  მე 3 -ხეივნის ქ.  10	577507676 	ნინო ბაღდავაძე			2			2	2	\N	\N	\N	\N	\N	f	\N	\N	f
282	ი.მ. ,,გიგა კემულარია	60002003344	ქ.ქუთაისი. კლდიაშვილის ქუჩა #24.	599314317 	გიგა კემულარია			2			2	2	\N	\N	\N	\N	\N	f	\N	\N	f
283	ი.მ "დარეჯან პაპავა"	62005015044	ქ.წალენჯიხა დაბა ჯვარი სოხუმის ქ.#7	555485878 	დარეჯან პაპავა			2			2	2	\N	\N	\N	\N	\N	f	\N	\N	f
286	ტესტირება	1122222333	ტესტირება	599604305	ტესტირება	ტესტირება	ტესტირება	1	gt@tulix.com	ტესტირება	2	2	5	2017-08-03 18:38:41.885096	\N	\N	\N	f	\N	\N	f
287	სურსათის ეროვნული სააგენტო	205142200	მარ	02020202				9			2	2	5	2017-08-09 13:14:11.384805	\N	\N	\N	f	\N	\N	f
288	არჩილ მაკარაშვილი	01026007872	პპპპ	595959595				1			2	2	5	2017-08-09 13:50:47.477059	\N	\N	\N	f	\N	\N	f
289	ა.ბ.ც.დ	121212	123					1			2	2	5	2017-08-11 09:45:47.987304	11	80	3333	f	\N	\N	f
285	ა.ბ.	1212123232	ტესტირება	599604305	ტესტი32	ტესტი33	ტესტი34	1	gt@tulix.com	ტესტი31	2	2	5	2017-07-27 22:35:53.779338	\N	\N	\N	t	\N	\N	f
290	ლია ანჯაფარიძე	01001038223		571207900	ლია ანჯაფარიძე			1			2	2	5	2017-09-11 11:59:33.185226	1	14	91	f	\N	\N	f
291	test	358945794579						1			2	2	5	2017-09-11 13:12:09.422794	1	\N	\N	f	\N	\N	f
292	test 1	0102222222222						1			2	2	5	2017-09-12 10:47:02.79811	4	28	600	f	\N	\N	f
293	ტესტი123	12122111222	121212	12121	1212	1212	1212	1	1212	12121	2	2	5	2017-09-13 10:32:11.60202	1	15	100	f	\N	\N	f
294	12	1212						1			2	2	5	2017-09-13 10:51:50.422585	11	80	3333	f	\N	\N	f
295	1 2	3						1			2	2	5	2017-09-13 11:26:55.489369	\N	\N	\N	f	1	2	f
296	12 34	121						1			2	2	5	2017-09-13 11:28:20.308626	2	\N	\N	f	12	34	f
297	das das	4324324						1			2	2	5	2017-09-13 11:55:42.473485	11	78	3239	f	das	das	f
298	კავკასია 2	0101002600	გელოვანის 2					3			2	2	5	2017-09-13 13:42:08.539647	4	28	600	f			f
299	ნანა ტაბატაძე	01026008787						1			2	2	5	2017-09-13 13:54:57.146467	2	20	168	f	ნანა	ტაბატაძე	f
300	ანა როგავა	02026000171						1			2	2	5	2017-09-14 17:11:05.788572	5	36	953	f	ანა	როგავა	f
301	ira 123	0101002						1			2	2	5	2017-09-14 17:34:58.097863	11	81	3404	f	ira	123	f
302	ghjk lkj	789	nhh					1			2	2	5	2017-09-14 17:56:28.262375	11	80	3333	f	ghjk	lkj	f
303	ლევანი სიკიაშვილი	22001010033		551085959				1			2	2	5	2017-09-14 18:11:25.601896	9	\N	\N	f	ლევანი	სიკიაშვილი	f
304	სდადა სდადა	444444444444						1			2	2	5	2017-09-15 11:29:59.971596	5	38	1028	f	სდადა	სდადა	f
305	,,ეს თი  გრუპი"	01026011131	ჟღენტის ქუჩა #3	555555355	ალექსანდრე კურცხალია			3			2	2	5	2017-09-15 13:22:49.004944	1	16	101	f			f
306	კუკური	01030003259	ქ. კასპი. ჭავჭავაძის ქუჩა #20.	599503336				2			2	2	5	2017-09-15 14:45:25.159591	10	75	3056	f			f
307	Dato Jorj	123456						1			2	2	5	2017-09-15 15:57:40.245674	9	66	2444	f	Dato	Jorj	f
308	ანდრია ჯაფარიძე	01026000151	ლუბლიანას 4	599878787				1			2	2	5	2017-09-18 11:10:14.609434	2	20	166	f	ანდრია	ჯაფარიძე	t
309	შალვა ნათელაშვილი	923084763769	მთავარი ქუჩა N1					1			2	2	5	2017-09-20 21:26:28.561758	6	47	1662	f	შალვა	ნათელაშვილი	t
310	1A 2L	11223344556						1			2	2	5	2017-09-20 22:22:05.461838	\N	\N	\N	f	1A	2L	t
311	11F 11L	1						1			2	2	5	2017-09-20 22:42:56.682241	11	80	3333	f	11F	11L	t
312	სეს	0100002000200						9			2	2	5	2017-09-22 14:12:25.812592	1	\N	\N	f			t
\.


--
-- Name: contragentid_seq; Type: SEQUENCE SET; Schema: public; Owner: lims
--

SELECT pg_catalog.setval('contragentid_seq', 312, true);


--
-- Data for Name: contragenttype; Type: TABLE DATA; Schema: public; Owner: lims
--

COPY contragenttype (contragenttypeid, name) FROM stdin;
1	ფიზიკური პირი
2	ინდივიდუალური მეწარმე
3	შეზღუდული პასუხისმგებლობის საზოგადოება (შ.პ.ს.)
4	სააქციო საზოგადოება (ს.ს.)
5	არასამეწარმეო (არაკომერციული) იურიდიული პირი
6	სოლიდარული პასუხისმგებლობის საზოგადოება
7	კომანდიტური საზოგადოება
8	კოოპერატივი
9	ადმინისტრაციული ორგანო (საჯარო სამართლის იურიდიული პირი)
10	ამხანაგობა
11	არარეგისტრირებული კავშირი (გაერთიანება)
\.


--
-- Name: contragenttypeid_seq; Type: SEQUENCE SET; Schema: public; Owner: lims
--

SELECT pg_catalog.setval('contragenttypeid_seq', 11, true);


--
-- Data for Name: country; Type: TABLE DATA; Schema: public; Owner: lims
--

COPY country (countryid, code, nameen, namege) FROM stdin;
1	AD	Andorra	ანდორა
2	AE	United Arab Emirates	არაბთა გაერთიანებული საამიროები
3	AF	Afghanistan	ავღანეთი
4	AG	Antigua & Barbuda	ანტიგუა და ბარბუდა
5	AI	Anguilla	ანგუილა
6	AL	Albania	ალბანეთი
7	AM	Armenia	სომხეთი
9	AO	Angola	ანგოლა
10	AQ	Antarctica	ანტარქტიდა
11	AR	Argentina	არგენტინა
12	AS	American Samoa	ამერიკის სამოა
13	AT	Austria	ავსტრია
14	AU	Australia	ავსტრალია
15	AW	Aruba	არუბა
16	AZ	Azerbaijan	აზერბაიჯანი
17	BA	Bosnia and Herzegovina	ბოსნია და ჰერცოგოვინა
18	BB	Barbados	ბარბადოსი
19	BD	Bangladesh	ბანგლადეში
20	BE	Belgium	ბელგია
21	BF	Burkina Faso	ბურკინა ფასო
22	BG	Bulgaria	ბულგარეთი
23	BH	Bahrain	ბაჰრეინი
24	BI	Burundi	ბურუნდი
25	BJ	Benin	ბენინი
26	BM	Bermuda	ბურმუდა
27	BN	Brunei Darussalam	ბრუნეი
28	BO	Bolivia	ბოლივია
29	BR	Brazil	ბრაზილია
30	BS	Bahama	ბაჰამა
31	BT	Bhutan	ბუტანი
32	BV	Bouvet Island	ბუვე (კუნძული)
33	BW	Botswana	ბოსტვანა
34	BY	Belarus	ბელოდუსი
35	BZ	Belize	ბელიზე
36	CA	Canada	კანადა
37	CC	Cocos (Keeling) Islands	ქოქოსის კუნძულები
38	CF	Central African Republic	ცენტრალური აფრიკის რესპუბლიკა
39	CG	Congo	კონგო
40	CH	Switzerland	შვეიცარია
41	CI	Côte D'ivoire (Ivory Coast)	კოტ-დ'ივუარი
42	CK	Cook Iislands	კუკის კუნძულები
43	CL	Chile	ჩილე
44	CM	Cameroon	კამერუნი
45	CN	China	ჩინეთი
46	CO	Colombia	კოლუმბია
47	CR	Costa Rica	კოსტა რიკა
48	CU	Cuba	კუბა
49	CV	Cape Verde	კაბო-ვერდე
50	CX	Christmas Island	შობის კუნძულები
51	CY	Cyprus	კვიპროსი
52	CZ	Czech Republic	ჩეხეთი
53	DE	Germany	გერმანია
54	DJ	Djibouti	ჯიბუტი
55	DK	Denmark	დანია
56	DM	Dominica	დომინიკა
57	DO	Dominican Republic	დომინიკის რესპუბლიკა
58	DZ	Algeria	ალგერია
59	EC	Ecuador	ეკვადორი
60	EE	Estonia	ესტონეთი
61	EG	Egypt	ეგვიპტე
62	EH	Western Sahara	დასავლეთ საჰარა
63	ER	Eritrea	ერითრია
64	ES	Spain	ესპანეთი
65	ET	Ethiopia	ეთიოპია
66	FI	Finland	ფინეთი
67	FJ	Fiji	ფიჯი
68	FK	Falkland Islands (Malvinas)	ფოლკლენდის კუნძულები
69	FM	Micronesia	მიკრონეზია
70	FO	Faroe Islands	ფარერის კუნძულები
71	FR	France	საფრანგეთი
72	FX	France, Metropolitan	საფრანგეთი, მეტროპოლია
73	GA	Gabon	გაბონი
74	GB	United Kingdom (Great Britain)	დიდი ბრიტანეთი
75	GD	Grenada	გრენადა
76	GE	Georgia	საქართველო
77	GF	French Guiana	საფრანგეთის გვიანა
78	GH	Ghana	განა
79	GI	Gibraltar	გიბრალტარი
80	GL	Greenland	გრელანდია
81	GM	Gambia	გამბია
82	GN	Guinea	გვინეა
83	GP	Guadeloupe	გვადელუპე
84	GQ	Equatorial Guinea	ეკვატორული გვინეა
85	GR	Greece	საბერძნეთი
86	GS	South Georgia and the South Sandwich Islands	სამხრეთ ჯორჯია
87	GT	Guatemala	გვატემალა
88	GU	Guam	გუამი
89	GW	Guinea-Bissau	გვინეა-ბისაუ
90	GY	Guyana	გაიანა
91	HK	Hong Kong	ჰონკონგი
92	HM	Heard & McDonald Islands	ჰერდი და მაკდონალდის კუნძულები
93	HN	Honduras	ჰონდურასი
94	HR	Croatia	ხორვატია
95	HT	Haiti	ჰაიტი
96	HU	Hungary	უნგრეთი
97	ID	Indonesia	ინდონეზია
98	IE	Ireland	ირლანდია
99	IL	Israel	ისრაელი
100	IN	India	ინდოეთი
101	IO	British Indian Ocean Territory	ბრიტანეთის ინდოეთის ოკეანის ტერიტორია
102	IQ	Iraq	ერაყი
103	IR	Islamic Republic of Iran	ირანის ისლამური რესპუბლიკა
104	IS	Iceland	ისლანდია
105	IT	Italy	იტალია
106	JM	Jamaica	იამაიკა
107	JO	Jordan	იაორდანია
108	JP	Japan	იაპონია
109	KE	Kenya	კენია
110	KG	Kyrgyzstan	ყირგიზეთი
111	KH	Cambodia	კამბოჯა
112	KI	Kiribati	კირიბატი
113	KM	Comoros	კომორის კუნძულები
114	KP	Korea, Democratic People's Republic of	კორეის სახალხო დემოკრატიული რესპუბლიკა
115	KR	Korea, Republic of	კორეის რესპუბლიკა
116	KW	Kuwait	ქუვეითი
117	KY	Cayman Islands	კაიმანის კუნძულები
118	KZ	Kazakhstan	ყაზახეთი
119	LA	Lao People's Democratic Republic	ლაოსი
120	LB	Lebanon	ლიბანი
121	LI	Liechtenstein	ლიხტენშტეინი
122	LK	Sri Lanka	შრილანკა
123	LR	Liberia	ლიბერია
124	LS	Lesotho	ლესოტო
125	LT	Lithuania	ლიტვა
126	LU	Luxembourg	ლუქსემბურგი
127	LV	Latvia	ლატვია
128	MA	Morocco	მაროკო
129	MC	Monaco	მონაკო
130	MD	Moldova, Republic of 	მოლდოვა
131	MG	Madagascar	მადაგასკარი
132	MH	Marshall Islands	მარშალის კუნძულები
133	ML	Mali	მალი
134	MN	Mongolia	მონღოლეთი
135	MM	Myanmar	მიანმარი
136	MO	Macau	მაკაუ
137	MP	Northern Mariana Islands	ჩრდილოეთ მარიანის კუნძულები
138	MR	Mauritania	მავრიტანია
139	MS	Monserrat	მონსერატი
140	MT	Malta	მალტა
141	MV	Maldives	მალდივა
142	MW	Malawi	მალავი
143	MX	Mexico	მექსიკა
144	MY	Malaysia	მალაიზია
145	MZ	Mozambique	მოზამბიკი
146	NA	Namibia	ნამიბია
147	NC	New Caledonia	ახალი კალედონია
148	NE	Niger	ნიგერი
149	NF	Norfolk Island	ნორფოლკის კუნძული
150	NG	Nigeria	ნიგერია
151	NI	Nicaragua	ნიკარაგუა
152	NL	Netherlands	ჰოლანდია
153	NO	Norway	ნორვეგია
154	NP	Nepal	ნეპალი
155	NR	Nauru	ნაურუ
156	NU	Niue	ნიუე
157	NZ	New Zealand	ახალი ზელანდია
158	OM	Oman	ომანი
159	PA	Panama	პანამა
160	PE	Peru	პერუ
161	PF	French Polynesia	საფრანგეთის პოლინეზია
162	PG	Papua New Guinea	პაპუა ახალი გვინეა
163	PH	Philippines	ფილიპინები
164	PK	Pakistan	პაკისტანი
165	PL	Poland	პოლონეთი
166	PR	Puerto Rico	პუერტო რიკო
167	PT	Portugal	პორტუგალია
168	PW	Palau	პალაუ
169	PY	Paraguay	პარაგვაი
170	QA	Qatar	კატარი
171	RO	Romania	რუმინეთი
172	RU	Russian Federation	რუსეთის ფედერაცია
173	RW	Rwanda	რუანდა
174	SA	Saudi Arabia	საუდის არაბეთი
175	SB	Solomon Islands	სოლომონის კუნძულები
176	SD	Sudan	სუდანი
177	SE	Sweden	შვეცია
178	SG	Singapore	სინგაპური
179	SH	St. Helena	წმინდა ელენეს კუნძული
180	SI	Slovenia	სლოვენია
181	SK	Slovakia	სლოვაკია
182	SL	Sierra Leone	სერა ლეონე
183	SM	San Marino	სან მარინო
184	SN	Senegal	სენეგალი
185	SO	Somalia	სომალი
186	SR	Suriname	სურინამი
187	SV	El Salvador	ელ სალვადორი
188	SY	Syrian Arab Republic	სირიის არაბული რესპუბლიკა
189	SZ	Swaziland	სვაზილენდი
190	TD	Chad	ჩადი
191	TF	French Southern Territories	საფრანგეთის სამხრეთული ტერიტორიები
192	TG	Togo	ტოგო
193	TH	Thailand	ტაილანდი
194	TJ	Tajikistan	ტაჯიკეთი
195	TK	Tokelau	ტოკელაუ
196	TM	Turkmenistan	თურქმენეთი
197	TN	Tunisia	ტუნისი
198	TO	Tonga	ტონგა
199	TP	East Timor	აღმოსავლეთ ტიმორი
201	TT	Trinidad & Tobago	ტრინიდად და ტაბაგო
202	TV	Tuvalu	ტუვალუ
203	TW	Taiwan, Province of China	ტაივანი, ჩინეთის პროვინცია
204	TZ	Tanzania, United Republic of	ტანზანიის გაერთიანებული რესპუბლიკა
205	UA	Ukraine	უკრაინა
206	UG	Uganda	უგანდა
207	US	United States of America	ამერიკის შეერთებული შტატები
208	UY	Uruguay	ურუგვაი
209	UZ	Uzbekistan	უზბეკეთი
210	VA	Vatican City State (Holy See)	ვატიკანი
211	VE	Venezuela	ვენესუელა
212	VG	British Virgin Islands	ბირტანეთის ვირჯინიის კუნძულები
213	VN	Viet Nam	ვიეტნამი
214	VU	Vanuatu	ვანუატუ
215	WS	Samoa	სამოა
216	YE	Yemen	იემენი
217	YT	Mayotte	მაიოტე
218	YU	Yugoslavia	იუგოსლავია
219	ZA	South Africa	სამხრეთ აფრიკა
220	ZM	Zambia	ზამბია
221	ZR	Zaire	ზაირი
222	ZW	Zimbabwe	ზიმბაბვე
200	TR	Turkey	თურქეთი
8	AN	Netherlands Antilles	ჰოლანდიის ანტილები
\.


--
-- Data for Name: destroymethod; Type: TABLE DATA; Schema: public; Owner: lims
--

COPY destroymethod (destroymethodid, name) FROM stdin;
1	სხვა
\.


--
-- Name: destroymethodid_seq; Type: SEQUENCE SET; Schema: public; Owner: lims
--

SELECT pg_catalog.setval('destroymethodid_seq', 1, false);


--
-- Data for Name: disclaimsampleitem; Type: TABLE DATA; Schema: public; Owner: lims
--

COPY disclaimsampleitem (disclaimsampleitemid, contractsampleitemid, reason, regbyid, regdate) FROM stdin;
11	100000263	testi	5	2017-08-21 16:02:53.206766
\.


--
-- Name: disclaimsampleitemid_seq; Type: SEQUENCE SET; Schema: public; Owner: lims
--

SELECT pg_catalog.setval('disclaimsampleitemid_seq', 11, true);


--
-- Data for Name: document; Type: TABLE DATA; Schema: public; Owner: lims
--

COPY document (documentid, name, filename, path, url, type, size, regdate, regbyid) FROM stdin;
\.


--
-- Name: documentid_seq; Type: SEQUENCE SET; Schema: public; Owner: lims
--

SELECT pg_catalog.setval('documentid_seq', 1, false);


--
-- Data for Name: institution; Type: TABLE DATA; Schema: public; Owner: lims
--

COPY institution (institutionid, name, address, code, provider, headerlogo, iso, fullname, phone, url, parentid, companyid) FROM stdin;
0	ტექნიკური მომსახურება		01	f	\N	\N	\N	\N	\N	\N	1
1	ნიმუშების რეგისტრაციის და სტატისტიკური დამუშავების განყოფილება		\N	f	\N	\N	\N	\N	\N	\N	2
2	სურსათის კვლევის დეპარტამენტი		\N	f	\N	\N	\N	\N	\N	\N	2
3	მიკრობიოლოგიური კვლევების ლაბორატორია		\N	f	\N	\N	\N	\N	\N	2	2
4	ზოგადი ქიმიის ლაბორატორია		\N	f	\N	\N	\N	\N	\N	2	2
5	ინსტრუმენტული კვლევების ლაბორატორია		\N	f	\N	\N	\N	\N	\N	2	2
6	მცენარეთა მავნე ორგანიზმების დიაგნოსტიკის დეპარტამენტი		\N	f	\N	\N	\N	\N	\N	\N	2
7	ენტომოლოგიის ლაბორატორია		\N	f	\N	\N	\N	\N	\N	6	2
8	ფიტოპათოლოგიის ლაბორატორია		\N	f	\N	\N	\N	\N	\N	6	2
9	მოლეკულური ბიოლოგიის ლაბორატორია		\N	f	\N	\N	\N	\N	\N	6	2
10	ცხოველთა დაავადებების დიაგნოსტიკის დეპარტამენტი		\N	f	\N	\N	\N	\N	\N	\N	2
11	პათ.მორფოლოგიური კვლევების და პარაზიტოლოგიის ლაბორატორია		\N	f	\N	\N	\N	\N	\N	10	2
12	ვივარიუმი		\N	f	\N	\N	\N	\N	\N	10	2
13	ბაქტერიოლოგიის ლაბორატორია		\N	f	\N	\N	\N	\N	\N	10	2
14	ვირუსოლოგიისა და მოლეკულური ბიოლოგიის ლაბორატორია		\N	f	\N	\N	\N	\N	\N	10	2
15	ცოფის დიაგნოსტიკის ლაბორატორია		\N	f	\N	\N	\N	\N	\N	10	2
16	ქუთაისის ზონალური დიაგნოსტიკური ლაბორატორია		\N	f	\N	\N	\N	\N	\N	\N	2
17	მიკრობიოლოგიის განყოფილება		\N	f	\N	\N	\N	\N	\N	16	2
18	მასალების მიმღები და პათანატომიური განყოფილება		\N	f	\N	\N	\N	\N	\N	16	2
19	ახალციხის ზონალური დიაგნოსტიკური ლაბორატორია		\N	f	\N	\N	\N	\N	\N	\N	2
20	მიკრობიოლოგიის განყოფილება		\N	f	\N	\N	\N	\N	\N	19	2
21	მასალების მიმღები და პათანატომიური განყოფილება		\N	f	\N	\N	\N	\N	\N	19	2
22	გურჯაანის ლაბორატორია		\N	f	\N	\N	\N	\N	\N	\N	2
23	დუშეთის ლაბორატორია		\N	f	\N	\N	\N	\N	\N	\N	2
24	მარნეულის ლაბორატორია		\N	f	\N	\N	\N	\N	\N	\N	2
25	გორის ლაბორატორია		\N	f	\N	\N	\N	\N	\N	\N	2
26	ამბროლაურის ლაბორატორია		\N	f	\N	\N	\N	\N	\N	\N	2
27	ზუგდიდის ლაბორატორია		\N	f	\N	\N	\N	\N	\N	\N	2
28	ოზურგეთის ლაბორატორია		\N	f	\N	\N	\N	\N	\N	\N	2
29	ბათუმის ლაბორატორია		\N	f	\N	\N	\N	\N	\N	\N	2
\.


--
-- Name: institutionid_seq; Type: SEQUENCE SET; Schema: public; Owner: lims
--

SELECT pg_catalog.setval('institutionid_seq', 1, true);


--
-- Data for Name: institutionstock; Type: TABLE DATA; Schema: public; Owner: lims
--

COPY institutionstock (institutionid, stockid) FROM stdin;
\.


--
-- Data for Name: invoice; Type: TABLE DATA; Schema: public; Owner: lims
--

COPY invoice (invoiceid, num, invoicedate, price, vat, operid, contragentid, regbyid, regdate, invoicetypeid, invoicesourcetypeid) FROM stdin;
\.


--
-- Name: invoiceid_seq; Type: SEQUENCE SET; Schema: public; Owner: lims
--

SELECT pg_catalog.setval('invoiceid_seq', 1, false);


--
-- Data for Name: invoicesourcetype; Type: TABLE DATA; Schema: public; Owner: lims
--

COPY invoicesourcetype (invoicesourcetypeid, name) FROM stdin;
1	საკუთარი სახსრები
2	ბიუჯეტი
3	გრანტი (საკუთარზე)
4	უსასყიდლო
5	გრანტი (ბიუჯეტზე)
\.


--
-- Name: invoicesourcetypeid_seq; Type: SEQUENCE SET; Schema: public; Owner: lims
--

SELECT pg_catalog.setval('invoicesourcetypeid_seq', 5, true);


--
-- Data for Name: invoicetype; Type: TABLE DATA; Schema: public; Owner: lims
--

COPY invoicetype (invoicetypeid, name) FROM stdin;
1	საკუთარი სახსრები
2	ბიუჯეტი
3	გრანტი (საკუთარზე)
4	უსასყიდლო
5	გრანტი (ბიუჯეტზე)
\.


--
-- Name: invoicetypeid_seq; Type: SEQUENCE SET; Schema: public; Owner: lims
--

SELECT pg_catalog.setval('invoicetypeid_seq', 5, true);


--
-- Data for Name: labtest; Type: TABLE DATA; Schema: public; Owner: lims
--

COPY labtest (labtestid, code, name, abbreviation, grp, ctr, restypeid, unitsid, testcategoryid, description, companyid, normmin, normmax, tnorm, bnormval1, bnormval2, controlprocedure) FROM stdin;
1		1000 მარცვლის მასის განსაზღვრა		t	f	3	\N	3		2	\N	\N	\N	\N	\N	\N
2		E.coli O157H7		t	f	1	\N	7		2	\N	\N	\N	\N	\N	\N
3		pH (გოსტ 31469-2012 )		t	f	3	\N	5		2	\N	\N	\N	\N	\N	\N
4		pH (გოსტ 32169-2013 )		t	f	3	\N	5		2	\N	\N	\N	\N	\N	\N
5		pH (სახელმძღვანელო pH/con510-თვის )		t	f	3	\N	5		2	\N	\N	\N	\N	\N	\N
6		ავთვისებიანი შეშუპება		t	f	1	\N	8		2	\N	\N	\N	\N	\N	\N
7		აზოტის აქროლადი ფუძეების განსაზღვრა		t	f	3	\N	5		2	\N	\N	\N	\N	\N	\N
8		ამიაკი		t	f	3	\N	5		2	\N	\N	\N	\N	\N	\N
9		ანაერობული დიზინტერია		t	f	1	\N	8		2	\N	\N	\N	\N	\N	\N
10		აუესკის ლაბორატორიული დიაგნოსტიკა		t	f	1	\N	11		2	\N	\N	\N	\N	\N	\N
11		აქროლადი მჟავების განსაზღვრა		t	f	3	\N	5		2	\N	\N	\N	\N	\N	\N
12		აქტინომიკოზი		t	f	1	\N	7		2	\N	\N	\N	\N	\N	\N
13		ბლუთანგი		t	f	1	\N	9		2	\N	\N	\N	\N	\N	\N
14		ბრადზოტი		t	f	1	\N	8		2	\N	\N	\N	\N	\N	\N
15		ბრუცელოზი		t	f	1	\N	8		2	\N	\N	\N	\N	\N	\N
16		ბრუცელოზი – რძე		t	f	1	\N	9		2	\N	\N	\N	\N	\N	\N
17		ბრუცელოზი – სისხლი (შრატი) - ELISA		t	f	1	\N	9		2	\N	\N	\N	\N	\N	\N
18		ბრუცელოზი – სისხლი (შრატი) - FPA		t	f	1	\N	9		2	\N	\N	\N	\N	\N	\N
19		ბრუცელოზი – სისხლი (შრატი) - რ.ბ.რ		t	f	1	\N	9		2	\N	\N	\N	\N	\N	\N
20		ბრუცელოზი (პჯრ (PCR))		t	f	1	\N	9		2	\N	\N	\N	\N	\N	\N
22		ბრუცელოზის პოსტვაქცინალური კვლევების ჩატარება– სისხლი (შრატი) - რ.რ.რ		t	f	1	\N	9		2	\N	\N	\N	\N	\N	\N
23		გაფუჭების ხარისხი		t	f	3	\N	5		2	\N	\N	\N	\N	\N	\N
24		გმო რაოდენობრივი		t	f	3	\N	4		2	\N	\N	\N	\N	\N	\N
25		გმო სკრინინგი		t	f	3	\N	4		2	\N	\N	\N	\N	\N	\N
26		დარიშხანი (As)		t	f	3	\N	6		2	\N	\N	\N	\N	\N	\N
27		დაფქვის ხარისხი		t	f	3	\N	5		2	\N	\N	\N	\N	\N	\N
28		დდტ და მისი მეტაბოლიტები (DDT, DDD, DDE) 		t	f	3	\N	6		2	\N	\N	\N	\N	\N	\N
29		დეზინფექციის ხარისხის განსაზღვრა		t	f	1	\N	8		2	\N	\N	\N	\N	\N	\N
30		დიასტაზას რიცხვი\n(გოთეს ერთეულით)		t	f	3	\N	5		2	\N	\N	\N	\N	\N	\N
31		დიასტაზას რიცხვი\n(შადეს ერთეულით)		t	f	3	\N	5		2	\N	\N	\N	\N	\N	\N
32		დიპლოკოკოზი		t	f	1	\N	8		2	\N	\N	\N	\N	\N	\N
33		ელ. გამტარობა (გოსტ 31770-2012 )		t	f	3	\N	5		2	\N	\N	\N	\N	\N	\N
34		ელ. გამტარობა (სახელმძღვანელო"pH/con510"-თვის )		t	f	3	\N	5		2	\N	\N	\N	\N	\N	\N
35		ემკარი		t	f	1	\N	8		2	\N	\N	\N	\N	\N	\N
36		ენერგეტიკული ნივთიერებები ( მ.მ.4237-86 ბრძანება #301, სანწდან 2.3.1.000-00, დანართი#5, XII, პუნქტები10-11 )		t	f	3	\N	5		2	\N	\N	\N	\N	\N	\N
37		ენერგეტიკული ღირებულება (ბრძანება #301, სანწდან 2.3.1.000-00, დანართი#5, III, პუნქტები10-11 )		t	f	3	\N	5		2	\N	\N	\N	\N	\N	\N
38		ენერგეტიკული ღირებულება (ბრძანება #301, სანწდან 2.3.1.000-00, დანართი#5, XII, პუნქტები10-11 )		t	f	3	\N	5		2	\N	\N	\N	\N	\N	\N
39		ენერგეტიკული ღირებულება (ბრძანება #301, სანწდან 2.3.1.000-00, დანართი#5, XIII, პუნქტები10-11 )		t	f	3	\N	5		2	\N	\N	\N	\N	\N	\N
40		ენტერობაქტერია საკაზაკი (E.sakazakii) (DU PONT SYSTEM MANUAL PAGE 20-22 )		t	f	1	\N	7		2	\N	\N	\N	\N	\N	\N
41		ენტერობაქტერია საკაზაკი (E.sakazakii) (ისო 22964:2006 )		t	f	1	\N	7		2	\N	\N	\N	\N	\N	\N
42		ენტერობაქტერიები		t	f	1	\N	7		2	\N	\N	\N	\N	\N	\N
43		ენტეროკოკები		t	f	1	\N	7		2	\N	\N	\N	\N	\N	\N
44		ენტეროტოქსემია		t	f	1	\N	8		2	\N	\N	\N	\N	\N	\N
45		ენტომოლოგიური გამოცდა		t	f	3	\N	2		2	\N	\N	\N	\N	\N	\N
46		ექსტრაქციული ნივთიერებები		t	f	3	\N	5		2	\N	\N	\N	\N	\N	\N
47		ეშერიხია კოლი E.coli (ისო 16649-2:2001 )		t	f	1	\N	7		2	\N	\N	\N	\N	\N	\N
48		ეშერიხია კოლი E.coli (ისო 9308-1:2000 )		t	f	1	\N	7		2	\N	\N	\N	\N	\N	\N
49		ვარდნის რიცხვი		t	f	3	\N	5		2	\N	\N	\N	\N	\N	\N
50		ვიბრიო პარაჰაემოლიტიკუს (vibrio parahaemolitycus) (DU PONT SYSTEM MANUAL PAGE 70-73 )		t	f	1	\N	7		2	\N	\N	\N	\N	\N	\N
51		ვიბრიო პარაჰაემოლიტიკუს (vibrio parahaemolitycus) (ისო 21872-1:2007,ისო21872_2:2007 )		t	f	1	\N	7		2	\N	\N	\N	\N	\N	\N
52		ვირუსული გასტროენტერიტი		t	f	3	\N	10		2	\N	\N	\N	\N	\N	\N
53		ზეჟანგური რიცხვი (გოსტ 26593-85 )		t	f	3	\N	5		2	\N	\N	\N	\N	\N	\N
54		ზეჟანგური რიცხვი (გოსტ 31762-2012 გოსტ 32189-20130)		t	f	3	\N	5		2	\N	\N	\N	\N	\N	\N
55		ზეჟანგური რიცხვი (გოსტ 8285-91 )		t	f	3	\N	5		2	\N	\N	\N	\N	\N	\N
56		ზეჟანგური რიცხვი (გოსტ ისო 3960-2013 )		t	f	3	\N	5		2	\N	\N	\N	\N	\N	\N
57		თავისუფალი მჟავიანობა		t	f	3	\N	5		2	\N	\N	\N	\N	\N	\N
58		თავისუფალი ცხიმოვანი მჟავები		t	f	3	\N	5		2	\N	\N	\N	\N	\N	\N
59		თევზი (მცირე ზომის)		t	f	3	\N	10		2	\N	\N	\N	\N	\N	\N
60		თევზის ბაქტერიოლოგიური გამოკვლევა-აერომონოზი (წითურა-ჰემორაგიული სეპტიცემია)		t	f	1	\N	8		2	\N	\N	\N	\N	\N	\N
61		თევზის გამოკვლევა ‐ პარაზიტებზე		t	f	3	\N	10		2	\N	\N	\N	\N	\N	\N
62		თესლის გამოცდა აღმოცენებაზე ( ГОСТ 12038-84 )		t	f	3	\N	3		2	\N	\N	\N	\N	\N	\N
63		თესლის გამოცდა აღმოცენებაზე (ГОСТ 13056.6-97 )		t	f	3	\N	3		2	\N	\N	\N	\N	\N	\N
64		თესლის გამოცდა სიმკვრივეზე		t	f	3	\N	3		2	\N	\N	\N	\N	\N	\N
65		თესლის გამოცდა სიწმინდეზე		t	f	3	\N	3		2	\N	\N	\N	\N	\N	\N
66		თესლის გამოცდა სუნსა და გემურ თვისებებზე		t	f	3	\N	3		2	\N	\N	\N	\N	\N	\N
67		თურქული		t	f	1	\N	9		2	\N	\N	\N	\N	\N	\N
68		თურქული‐ სისხლის სინჯი(შრატი)თურქულის ვირუსის საწინააღმდეგო არასტრუქტურული ცილები - NSP ELISA\n		t	f	1	\N	9		2	\N	\N	\N	\N	\N	\N
69		თურქული‐ სისხლის სინჯი(შრატი)თურქულის ვირუსის საწინააღმდეგო სტრუქტურული\nცილები - SP ELISA		t	f	1	\N	9		2	\N	\N	\N	\N	\N	\N
70		იდენტიფიკაცია		t	f	3	\N	3		2	\N	\N	\N	\N	\N	\N
71		იმუნური სტატუსის განსაზღვრა (ნიუკასლი)‐ სისხლი (შრატი)		t	f	3	\N	9		2	\N	\N	\N	\N	\N	\N
72		ინვერსირებული შაქარი		t	f	3	\N	5		2	\N	\N	\N	\N	\N	\N
73		ინფექციური დაავადებების აღმძვრელის ანტიბიოტიკებზე მგრძნობელობა		t	f	1	\N	8		2	\N	\N	\N	\N	\N	\N
74		იოდის რიცხვი (გოსტ 5475-69 გოსტ რ 3961-2010 (ისო 3961-2009))		t	f	3	\N	5		2	\N	\N	\N	\N	\N	\N
75		იოდის რიცხვი (გოსტ რ 3961-2010)		t	f	3	\N	5		2	\N	\N	\N	\N	\N	\N
76		კადმიუმი (Cd)		t	f	3	\N	6		2	\N	\N	\N	\N	\N	\N
77		კალციუმის იონები		t	f	3	\N	5		2	\N	\N	\N	\N	\N	\N
78		კალციუმის მასური წილი		t	f	3	\N	5		2	\N	\N	\N	\N	\N	\N
79		კანის ანაფხეკი, ლიმფა, ბალანი‐ ლეიშმანიოზი		t	f	1	\N	10		2	\N	\N	\N	\N	\N	\N
80		კანის ანაფხეკი, ლიმფა,ბალანი‐ არაქნოიდები (კანქვეშა ტკიპები)		t	f	1	\N	10		2	\N	\N	\N	\N	\N	\N
81		კანის ანაფხეკი, ლიმფა,ბალანი‐ დერმატომიკოზი (ტრიხოფიტოზი,მიკროსპორიოზიდა სხვა)		t	f	1	\N	10		2	\N	\N	\N	\N	\N	\N
82		კარბამიდი (ურიაზა)		t	f	3	\N	5		2	\N	\N	\N	\N	\N	\N
83		კოლიბაქტერიოზი		t	f	1	\N	8		2	\N	\N	\N	\N	\N	\N
84		კონტაგიოზური ექთიმა		t	f	1	\N	9		2	\N	\N	\N	\N	\N	\N
85		ლეიკოზი		t	f	3	\N	10		2	\N	\N	\N	\N	\N	\N
86		ლეპტოსპიროზი		t	f	1	\N	8		2	\N	\N	\N	\N	\N	\N
88		ლისტერია მონოციტოგენეზი 		t	f	1	\N	7		2	\N	\N	\N	\N	\N	\N
89		ლისტერია მონოციტოგენეზი (რაოდენობრივი)		t	f	2	\N	7		2	\N	\N	\N	\N	\N	\N
90		ლისტერია მონოციტოგენეზი (ხარისხობრივი)		t	f	1	\N	7		2	\N	\N	\N	\N	\N	\N
91		ლისტერიოზი		t	f	1	\N	8		2	\N	\N	\N	\N	\N	\N
92		მაგნიუმის იონები		t	f	3	\N	5		2	\N	\N	\N	\N	\N	\N
93		მარეკის დაავადება		t	f	3	\N	10		2	\N	\N	\N	\N	\N	\N
94		მაღალპათოგენური ფრინველის გრიპი‐სისხლი (შრატი)		t	f	1	\N	9		2	\N	\N	\N	\N	\N	\N
95		მეზოფილური აერობები და ფაკულტატური ანაერობები (ისო 4833:2003)		t	f	1	\N	7		2	\N	\N	\N	\N	\N	\N
96		მეზოფილური აერობები და ფაკულტატური ანაერობები (ისო 6222:2008)		t	f	1	\N	7		2	\N	\N	\N	\N	\N	\N
97		მეტალო მაგნიტური მინარევები (გოსტ 14849-89)		t	f	3	\N	5		2	\N	\N	\N	\N	\N	\N
98		მეტალო მაგნიტური მინარევები (გოსტ 15113.2-77)		t	f	3	\N	5		2	\N	\N	\N	\N	\N	\N
99		მეტალო მაგნიტური მინარევები (გოსტ1936-85)		t	f	3	\N	5		2	\N	\N	\N	\N	\N	\N
100		მეტალომაგნიტური მინარევები (გოსტ 13496.9-96)		t	f	3	\N	5		2	\N	\N	\N	\N	\N	\N
101		მეტალო-მაგნიტური მინარევები (გოსტ 20239-74)		t	f	3	\N	5		2	\N	\N	\N	\N	\N	\N
102		მეტალო-მაგნიტური მინარევები (გოსტ 5901-2014)		t	f	3	\N	5		2	\N	\N	\N	\N	\N	\N
103		მექანიკური მინარევები		t	f	3	\N	5		2	\N	\N	\N	\N	\N	\N
104		მიწის თხილის /არაქისის ( Arachis hypogaea) დეტექცია RT პჯრ		t	f	1	\N	4		2	\N	\N	\N	\N	\N	\N
105		მჟავიანობა (გოსტ 10844-74)		t	f	3	\N	5		2	\N	\N	\N	\N	\N	\N
106		მჟავიანობა (გოსტ 14849-89)		t	f	3	\N	5		2	\N	\N	\N	\N	\N	\N
107		მჟავიანობა (გოსტ 26180-84)		t	f	3	\N	5		2	\N	\N	\N	\N	\N	\N
108		მჟავიანობა (გოსტ 27493-87)		t	f	3	\N	5		2	\N	\N	\N	\N	\N	\N
109		მჟავიანობა (გოსტ 30305.3-95 0)		t	f	3	\N	5		2	\N	\N	\N	\N	\N	\N
110		მჟავიანობა (გოსტ 30305.3-95 გოსტ 3624-92 )		t	f	3	\N	5		2	\N	\N	\N	\N	\N	\N
111		მჟავიანობა (გოსტ 31762-2012 გოსტ 32189-2013)		t	f	3	\N	5		2	\N	\N	\N	\N	\N	\N
112		მჟავიანობა (გოსტ 3624-92 გოსტ ისო 750-2013)		t	f	3	\N	5		2	\N	\N	\N	\N	\N	\N
113		მჟავიანობა (გოსტ 3624-92 გოსტ 4288-76 )		t	f	3	\N	5		2	\N	\N	\N	\N	\N	\N
114		მჟავიანობა (გოსტ 3624-92 გოსტ 8285-91)		t	f	3	\N	5		2	\N	\N	\N	\N	\N	\N
115		მჟავიანობა (გოსტ 3624-92)		t	f	3	\N	5		2	\N	\N	\N	\N	\N	\N
116		მჟავიანობა (გოსტ 4288-76)		t	f	3	\N	5		2	\N	\N	\N	\N	\N	\N
117		მჟავიანობა (გოსტ 5670-96)		t	f	3	\N	5		2	\N	\N	\N	\N	\N	\N
118		მჟავიანობა (გოსტ 7636-85)		t	f	3	\N	5		2	\N	\N	\N	\N	\N	\N
119		მჟავიანობა (გოსტ ისო 750-2013)		t	f	3	\N	5		2	\N	\N	\N	\N	\N	\N
120		მჟავიანობა (გოსტ რ 51410-99 (ისო 729-88)		t	f	3	\N	5		2	\N	\N	\N	\N	\N	\N
121		მჟავიანობა და ტუტიანობა (გოსტ 5898-87)		t	f	3	\N	5		2	\N	\N	\N	\N	\N	\N
122		მჟავური რიცხვი (გოსტ 10858-77)		t	f	3	\N	5		2	\N	\N	\N	\N	\N	\N
123		მჟავური რიცხვი (გოსტ 31762-2012 გოსტ 32189-2013)		t	f	3	\N	5		2	\N	\N	\N	\N	\N	\N
124		მჟავური რიცხვი (გოსტ 55480-2013)		t	f	3	\N	5		2	\N	\N	\N	\N	\N	\N
125		მჟავური რიცხვი და მჟავიანობა		t	f	3	\N	5		2	\N	\N	\N	\N	\N	\N
126		მსხვილფეხა საქონლის ჭირი		t	f	1	\N	9		2	\N	\N	\N	\N	\N	\N
127		მშრალი ნივთიერება 		t	f	3	\N	5		2	\N	\N	\N	\N	\N	\N
128		მშრალი ნივთიერება და ტენიანობა (გოსტ 28561-90)		t	f	3	\N	5		2	\N	\N	\N	\N	\N	\N
129		მშრალი ნივთიერება და ტენიანობა (გოსტ 4288-76)		t	f	3	\N	5		2	\N	\N	\N	\N	\N	\N
130		მშრალი ნივთიერებების მასური წილი (გოსტ 26808-86)		t	f	3	\N	5		2	\N	\N	\N	\N	\N	\N
131		მშრალი ნივთიერების მასური წილი 		t	f	3	\N	5		2	\N	\N	\N	\N	\N	\N
132		მშრალი ნივთირებების მასური წილი (გოსტ 31469-2012)		t	f	3	\N	5		2	\N	\N	\N	\N	\N	\N
133		მშრალი წებოგვარა (გოსტ 27839-2013)		t	f	3	\N	5		2	\N	\N	\N	\N	\N	\N
134		მშრალი წებოგვარა (გოსტ რ 54478-2011)		t	f	3	\N	5		2	\N	\N	\N	\N	\N	\N
135		მცენარეული ნიმუშის ბაქტერიოლოგიური გამოცდა		t	f	3	\N	3		2	\N	\N	\N	\N	\N	\N
136		მცენარეული ნიმუშის ბაქტერიოლოგიური გამოცდა - ექსპ. ტესტი 		t	f	3	\N	3		2	\N	\N	\N	\N	\N	\N
137		მცენარეული ნიმუშის ბაქტერიოლოგიური გამოცდა - ექსპრეს ტესტი		t	f	3	\N	4		2	\N	\N	\N	\N	\N	\N
138		მცენარეული ნიმუშის ენტომოლოგიური და აკაროლოგიური გამოცდა		t	f	3	\N	2		2	\N	\N	\N	\N	\N	\N
139		მცენარეული ნიმუშის ვიზუალური გამოცდა 		t	f	3	\N	1		2	\N	\N	\N	\N	\N	\N
140		მცენარეული ნიმუშის ვირუსოლოგიური გამოცდა - ექსპრეს ტესტი		t	f	3	\N	4		2	\N	\N	\N	\N	\N	\N
141		მცენარეული ნიმუშის მიკოლოგიური გამოცდა		t	f	3	\N	3		2	\N	\N	\N	\N	\N	\N
142		მცენარეული ნიმუშის პჯრ დიაგნოსტიკა		t	f	1	\N	4		2	\N	\N	\N	\N	\N	\N
143		მცენარეული ნიმუშის სეროლოგიური გამოცდა		t	f	1	\N	4		2	\N	\N	\N	\N	\N	\N
144		მცენარეული ნიმუშის ფიტოჰელმინთოლოგიური გამოცდა		t	f	3	\N	2		2	\N	\N	\N	\N	\N	\N
145		მცენარეული ნიმუშის ჰერბოლოგიური გამოცდა		t	f	3	\N	3		2	\N	\N	\N	\N	\N	\N
146		ნალექი		t	f	3	\N	5		2	\N	\N	\N	\N	\N	\N
147		ნამსხვრევები და დეფორმაციული ნაწარმი		t	f	3	\N	5		2	\N	\N	\N	\N	\N	\N
148		ნარჩენი ქლორი		t	f	3	\N	5		2	\N	\N	\N	\N	\N	\N
149		ნაცარი (AOAC 920:115)		t	f	3	\N	5		2	\N	\N	\N	\N	\N	\N
150		ნაცარი (AOAC 935:420)		t	f	3	\N	5		2	\N	\N	\N	\N	\N	\N
151		ნაცარი (AOАС 945:46)		t	f	3	\N	5		2	\N	\N	\N	\N	\N	\N
152		ნაცარი (АОАС 930:30)		t	f	3	\N	5		2	\N	\N	\N	\N	\N	\N
153		ნაცარი (АОАС 935:4200)		t	f	3	\N	5		2	\N	\N	\N	\N	\N	\N
154		ნაცარი (გოსტ 10847-74)		t	f	3	\N	5		2	\N	\N	\N	\N	\N	\N
155		ნაცარი (გოსტ 15113.8-77)		t	f	3	\N	5		2	\N	\N	\N	\N	\N	\N
156		ნაცარი (გოსტ 27494-87)		t	f	3	\N	5		2	\N	\N	\N	\N	\N	\N
157		ნაცარი (გოსტ 28552-90 (ისო1575:87; ისო1576:88))		t	f	3	\N	5		2	\N	\N	\N	\N	\N	\N
158		ნაცარი (გოსტ 31727-2012 (ისო 936:1998)		t	f	3	\N	5		2	\N	\N	\N	\N	\N	\N
159		ნაცარი (გოსტ 32483-2013)		t	f	3	\N	5		2	\N	\N	\N	\N	\N	\N
160		ნაცარი (გოსტ 32933-2014\n(ისო 5984:2002))		t	f	3	\N	5		2	\N	\N	\N	\N	\N	\N
161		ნაცარი (გოსტ 5474-66\nგოსტრ ისო 6884-2010)		t	f	3	\N	5		2	\N	\N	\N	\N	\N	\N
162		ნაცარი (გოსტ 5901-2014)		t	f	3	\N	5		2	\N	\N	\N	\N	\N	\N
164		ნაცარი (გოსტ 7636-85)		t	f	3	\N	5		2	\N	\N	\N	\N	\N	\N
165		ნაცარი (გოსტრ ისო 6884-2010)		t	f	3	\N	5		2	\N	\N	\N	\N	\N	\N
166		ნაწლავის ჩხირის ჯგუფის ბაქტერიები (ისო 4832:2009)		t	f	1	\N	7		2	\N	\N	\N	\N	\N	\N
167		ნაწლავის ჩხირის ჯგუფის ბაქტერიები (ისო 9308-1:2000)		t	f	1	\N	7		2	\N	\N	\N	\N	\N	\N
168		ნახშირწყალი (მ.მ. 4237-86)		t	f	3	\N	5		2	\N	\N	\N	\N	\N	\N
169		ნედლი უჯრედანა (გოსტ 13496.2-91)		t	f	3	\N	5		2	\N	\N	\N	\N	\N	\N
282		ქლორიდი		t	f	3	\N	5		2	\N	\N	\N	\N	\N	\N
170		ნედლი უჯრედანა (გოსტ 28553-90 (ისო 5498-81))		t	f	3	\N	5		2	\N	\N	\N	\N	\N	\N
171		ნეკრობაქტერიოზი		t	f	1	\N	8		2	\N	\N	\N	\N	\N	\N
172		ნიადაგის ენტომოლოგიური გამოცდა		t	f	3	\N	2		2	\N	\N	\N	\N	\N	\N
173		ნიადაგის ფიტოჰელმინთოლოგიური გამოცდა		t	f	3	\N	2		2	\N	\N	\N	\N	\N	\N
174		ნიმუშის გამოცდა მურა სიდამპლეზე (Ralstonia solanacearum)		t	f	3	\N	3		2	\N	\N	\N	\N	\N	\N
175		ნიმუშის გამოცდა რგოლური სიდამპლეზე (Clavibacter michiganensis)		t	f	3	\N	3		2	\N	\N	\N	\N	\N	\N
176		ნიტრატი (გოსტ 29270 - 95 სახელმძღვანელო იონომეტრი " Эксперт-001"-სათვის)		t	f	3	\N	5		2	\N	\N	\N	\N	\N	\N
177		ნიტრატი (ისო 7890.3:2008)		t	f	3	\N	5		2	\N	\N	\N	\N	\N	\N
178		ნიტრიტი (გოსტ 8558.1-78; პრაქტიკული სახელმძღვანელო ЭКСПЕРТ-001"-თვის)		t	f	3	\N	5		2	\N	\N	\N	\N	\N	\N
179		ნიტრიტი (ისო 6777:1984)		t	f	3	\N	5		2	\N	\N	\N	\N	\N	\N
180		ნიუკასლი		t	f	1	\N	9		2	\N	\N	\N	\N	\N	\N
181		ნიუკასლის დაავადება ‐ სისხლი (შრატი)		t	f	1	\N	9		2	\N	\N	\N	\N	\N	\N
182		ნოდულარული დერმატიტი		t	f	1	\N	9		2	\N	\N	\N	\N	\N	\N
183		ობის და საფუარის სოკოები		t	f	1	\N	7		2	\N	\N	\N	\N	\N	\N
184		ორგანოლეპტიკური მაჩვენებლები (ფერი, სუნი, გემო) (გოსტ 19792-2001)		t	f	3	\N	5		2	\N	\N	\N	\N	\N	\N
185		ორგანოლეპტიკური მაჩვენებლები (ფერი, სუნი, გემო) (გოსტ 3351-74)		t	f	3	\N	5		2	\N	\N	\N	\N	\N	\N
186		ოქროსფერი სტაფილოკოკი (DU PONT SYSTEM MANUAL PAGE 67-69)		t	f	1	\N	7		2	\N	\N	\N	\N	\N	\N
187		ოქროსფერი სტაფილოკოკი (ისო 6888-1:1999)		t	f	1	\N	7		2	\N	\N	\N	\N	\N	\N
188		ოქსიტეტრაციკლინი		t	f	3	\N	6		2	\N	\N	\N	\N	\N	\N
190		პათოგენურ მიკროფლორაზე ბაქტერიოლოგიური გამოკვლევა		t	f	1	\N	8		2	\N	\N	\N	\N	\N	\N
191		პარამიქსოვირუსები		t	f	1	\N	9		2	\N	\N	\N	\N	\N	\N
192		პარატუბერკულოზი		t	f	1	\N	8		2	\N	\N	\N	\N	\N	\N
193		პარატუბერკულოზი (ჰისტოლოგიური გამოკვლევა)		t	f	1	\N	10		2	\N	\N	\N	\N	\N	\N
194		პერმანგანატული ჟანგვადობა		t	f	3	\N	5		2	\N	\N	\N	\N	\N	\N
195		პრეზუმპციული B.cereus		t	f	1	\N	7		2	\N	\N	\N	\N	\N	\N
196		პროტეუსის ჯგუფის ბაქტერიები		t	f	1	\N	7		2	\N	\N	\N	\N	\N	\N
197		რადიონუკლიდის სტრონციუმ-90 ხვედრითი აქტივობის განსაზღვრა		t	f	3	\N	6		2	\N	\N	\N	\N	\N	\N
198		რადიონუკლიდის ცეზიუმ-137 ხვედრითი აქტივობის განსაზღვრა		t	f	3	\N	6		2	\N	\N	\N	\N	\N	\N
199		რკინის შემცველობა		t	f	3	\N	5		2	\N	\N	\N	\N	\N	\N
200		რძის გამოკვლევა მასტიტზე		t	f	1	\N	8		2	\N	\N	\N	\N	\N	\N
201		რძის ცხიმის სისუფთავის განსაზღვრა რძესა და რძის პროდუქტებში		t	f	3	\N	6		2	\N	\N	\N	\N	\N	\N
202		საერთო მინერალიზაცია		t	f	3	\N	5		2	\N	\N	\N	\N	\N	\N
203		საერთო მჟავიანობა (გოსტ 19792-2001)		t	f	3	\N	5		2	\N	\N	\N	\N	\N	\N
204		საერთო მჟავიანობა (გოსტ 27082-2014)		t	f	3	\N	5		2	\N	\N	\N	\N	\N	\N
205		საერთო სიხისტე		t	f	3	\N	5		2	\N	\N	\N	\N	\N	\N
206		სალმონელას ჯგუფის ბაქტერიები		t	f	1	\N	7		2	\N	\N	\N	\N	\N	\N
207		სალმონელას ჯგუფის ბაქტერიები (DU PONT SYSTEM MANUAL PAGE 31-36)		t	f	1	\N	7		2	\N	\N	\N	\N	\N	\N
208		სალმონელას ჯგუფის ბაქტერიები (ისო 6579:2002)		t	f	1	\N	7		2	\N	\N	\N	\N	\N	\N
209		სალმონელოზი (ფუტკარი, თევზი, ფრინველი, მრპ, წრპ, ღორი და სხვა)		t	f	1	\N	8		2	\N	\N	\N	\N	\N	\N
210		საპნის განსაზღვრა		t	f	3	\N	5		2	\N	\N	\N	\N	\N	\N
211		სითეთრე		t	f	3	\N	5		2	\N	\N	\N	\N	\N	\N
212		სილის შემცველობა		t	f	3	\N	5		2	\N	\N	\N	\N	\N	\N
213		სიმკვრივე		t	f	3	\N	5		2	\N	\N	\N	\N	\N	\N
214		სიმსივნეები		t	f	1	\N	10		2	\N	\N	\N	\N	\N	\N
215		სიმღვრივე		t	f	3	\N	5		2	\N	\N	\N	\N	\N	\N
216		სისხლი‐ლეიშმანიოზი		t	f	1	\N	10		2	\N	\N	\N	\N	\N	\N
217		სისხლი‐პროტოზოები (პიროპლაზმიდოზები)		t	f	1	\N	10		2	\N	\N	\N	\N	\N	\N
218		სპერმის ბაქტერიოლოგიურ დაბინძურებაზე გამოკვლევა		t	f	1	\N	8		2	\N	\N	\N	\N	\N	\N
219		სტაფილოკოკოზი		t	f	1	\N	8		2	\N	\N	\N	\N	\N	\N
220		სტრეპტოკოკოზი		t	f	1	\N	8		2	\N	\N	\N	\N	\N	\N
221		სულფატ იონი		t	f	3	\N	5		2	\N	\N	\N	\N	\N	\N
222		სუფრის მარილის მასური წილი (გოსტ 13496.1-98)		t	f	3	\N	5		2	\N	\N	\N	\N	\N	\N
223		სუფრის მარილის მასური წილი (გოსტ 26186-84)		t	f	3	\N	5		2	\N	\N	\N	\N	\N	\N
224		სუფრის მარილის მასური წილი (გოსტ 27207-87)		t	f	3	\N	5		2	\N	\N	\N	\N	\N	\N
225		სუფრის მარილის მასური წილი (გოსტ 31469-2012)		t	f	3	\N	5		2	\N	\N	\N	\N	\N	\N
226		სუფრის მარილის მასური წილი (გოსტ 31762-2012 გოსტ 32189-2013)		t	f	3	\N	5		2	\N	\N	\N	\N	\N	\N
227		სუფრის მარილის მასური წილი (გოსტ 3627-81)		t	f	3	\N	5		2	\N	\N	\N	\N	\N	\N
228		სუფრის მარილის მასური წილი (გოსტ 7636-85)		t	f	3	\N	5		2	\N	\N	\N	\N	\N	\N
229		სუფრის მარილის მასური წილი (გოსტ 9957-2015)		t	f	3	\N	5		2	\N	\N	\N	\N	\N	\N
230		ტენიანობა (გოსტ 13496.3-92 (ისო 6496-83))		t	f	3	\N	5		2	\N	\N	\N	\N	\N	\N
231		ტენიანობა (გოსტ 13586.5-2015)		t	f	3	\N	5		2	\N	\N	\N	\N	\N	\N
232		ტენიანობა (გოსტ 13586.5-20150		t	f	3	\N	5		2	\N	\N	\N	\N	\N	\N
233		ტენიანობა (გოსტ 14849-89)		t	f	3	\N	5		2	\N	\N	\N	\N	\N	\N
234		ტენიანობა (გოსტ 15113.4-77)		t	f	3	\N	5		2	\N	\N	\N	\N	\N	\N
235		ტენიანობა (გოსტ 16835-81 გოსტ10856-96)		t	f	3	\N	5		2	\N	\N	\N	\N	\N	\N
236		ტენიანობა (გოსტ 21094-75)		t	f	3	\N	5		2	\N	\N	\N	\N	\N	\N
237		ტენიანობა (გოსტ 29246 -91 გოსტ 3626-73)		t	f	3	\N	5		2	\N	\N	\N	\N	\N	\N
238		ტენიანობა (გოსტ 50456-92 (ისო 662-80))		t	f	3	\N	5		2	\N	\N	\N	\N	\N	\N
239		ტენიანობა (გოსტ 9404-88)		t	f	3	\N	5		2	\N	\N	\N	\N	\N	\N
240		ტენიანობა (გოსტ 9793-74)		t	f	3	\N	5		2	\N	\N	\N	\N	\N	\N
241		ტენიანობა და აქროლადი ნივთიერებები (გოსტ 31762-2012, გოსტ 32189-2013)		t	f	3	\N	5		2	\N	\N	\N	\N	\N	\N
242		ტენიანობა და აქროლადი ნივთიერებები (გოსტ 8285-91)		t	f	3	\N	5		2	\N	\N	\N	\N	\N	\N
243		ტენიანობა და მშრალი ნივთიერება (გოსტ 28561-90 გოსტ 13586.5-2015)		t	f	3	\N	5		2	\N	\N	\N	\N	\N	\N
244		ტენიანობა და მშრალი ნივთიერება (გოსტ 28561-90)		t	f	3	\N	5		2	\N	\N	\N	\N	\N	\N
245		ტენიანობა და მშრალი ნივთიერება (გოსტ 30305.1-95)		t	f	3	\N	5		2	\N	\N	\N	\N	\N	\N
246		ტენიანობა და მშრალი ნივთიერება (გოსტ 31469-2012)		t	f	3	\N	5		2	\N	\N	\N	\N	\N	\N
247		ტენიანობა და მშრალი ნივთიერება (გოსტ 3626-73)		t	f	3	\N	5		2	\N	\N	\N	\N	\N	\N
248		ტენიანობა და მშრალი ნივთიერება (გოსტ 3626-73, გოსტ 4288-76)		t	f	3	\N	5		2	\N	\N	\N	\N	\N	\N
249		ტენიანობა და მშრალი ნივთიერება (გოსტ 4288-76)		t	f	3	\N	5		2	\N	\N	\N	\N	\N	\N
250		ტენიანობა და მშრალი ნივთიერება (გოსტ 7636-85)		t	f	3	\N	5		2	\N	\N	\N	\N	\N	\N
251		ტენიანობა და მშრალი ნივთიერებები (გოსტ 3626-73)		t	f	3	\N	5		2	\N	\N	\N	\N	\N	\N
253		ტენიანობა და მშრალი ნივთიერებები (გოსტ 5900-2014)		t	f	3	\N	5		2	\N	\N	\N	\N	\N	\N
254		ტეტრაციკლინი		t	f	3	\N	6		2	\N	\N	\N	\N	\N	\N
255		ტექნოლოგიური მოწყობილობების ბაქტერიოლოგიურ დაბინძურებაზე გამოკვლევა		t	f	1	\N	8		2	\N	\N	\N	\N	\N	\N
256		ტეშენის დაავადება		t	f	1	\N	10		2	\N	\N	\N	\N	\N	\N
257		ტრიპანოზომოზი‐სისხლი (შრატი)		t	f	1	\N	9		2	\N	\N	\N	\N	\N	\N
258		ტუბერის გამოცდა აღმოცენებაზე		t	f	3	\N	3		2	\N	\N	\N	\N	\N	\N
259		ტუბერკულოზი		t	f	1	\N	8		2	\N	\N	\N	\N	\N	\N
260		ტუბერკულოზი (ჰისტოლოგიური გამოკვლევა)		t	f	1	\N	10		2	\N	\N	\N	\N	\N	\N
261		ტულარემია		t	f	1	\N	8		2	\N	\N	\N	\N	\N	\N
262		ტულარემია (პჯრ (PCR))		t	f	1	\N	9		2	\N	\N	\N	\N	\N	\N
263		ტუტიანობა		t	f	3	\N	5		2	\N	\N	\N	\N	\N	\N
264		ტყვია (Pb)		t	f	3	\N	6		2	\N	\N	\N	\N	\N	\N
265		ფეკალური სტრეპტოკოკი		t	f	1	\N	7		2	\N	\N	\N	\N	\N	\N
266		ფეკალურიმასა‐ჰელმინთები, პროტოზოები		t	f	1	\N	10		2	\N	\N	\N	\N	\N	\N
267		ფიტოპათოლოგიური გამოცდა		t	f	3	\N	3		2	\N	\N	\N	\N	\N	\N
268		ფოთლისა და უხეში მასალის მასური წილი		t	f	3	\N	5		2	\N	\N	\N	\N	\N	\N
269		ფორიანობა		t	f	3	\N	5		2	\N	\N	\N	\N	\N	\N
270		ფრინველის გრიპი: H5;		t	f	1	\N	9		2	\N	\N	\N	\N	\N	\N
271		ფრინველის გრიპი: H7		t	f	1	\N	9		2	\N	\N	\N	\N	\N	\N
272		ფრინველის გრიპი: მატრიქსი; 		t	f	1	\N	9		2	\N	\N	\N	\N	\N	\N
273		ფრინველის ინფექციური ბრონქიტი		t	f	1	\N	10		2	\N	\N	\N	\N	\N	\N
274		ფრინველის ლეში		t	f	1	\N	10		2	\N	\N	\N	\N	\N	\N
275		ფსევდომონა აეროგინოსა 		t	f	1	\N	7		2	\N	\N	\N	\N	\N	\N
276		ფუტკრის ამერიკული სიდამპლე		t	f	1	\N	8		2	\N	\N	\N	\N	\N	\N
277		ფუტკრის გამოკვლევა‐ არაქნოზები (ვაროატოზი, აკარაპიდოზი)		t	f	1	\N	10		2	\N	\N	\N	\N	\N	\N
278		ფუტკრის გამოკვლევა‐პროტოზოები (ნოზემატოზი, ამებიოზი)		t	f	1	\N	10		2	\N	\N	\N	\N	\N	\N
279		ფუტკრის ევროპული სიდამპლე		t	f	1	\N	8		2	\N	\N	\N	\N	\N	\N
280		ფქვილის ენტომოლოგიური გამოცდა		t	f	3	\N	2		2	\N	\N	\N	\N	\N	\N
281		ქლორამფენიკოლი		t	f	3	\N	6		2	\N	\N	\N	\N	\N	\N
283		ქლორტეტრაციკლინი		t	f	3	\N	6		2	\N	\N	\N	\N	\N	\N
284		ქოთაო		t	f	1	\N	9		2	\N	\N	\N	\N	\N	\N
285		ქოთაო‐სისხლის სინჯი (შრატი)		t	f	1	\N	9		2	\N	\N	\N	\N	\N	\N
286		ქუ ცხელება ‐ სისხლი (შრატი) - Ab‐ELISA		t	f	1	\N	9		2	\N	\N	\N	\N	\N	\N
287		ქუ ცხელება ‐ სისხლი (შრატი) - IFA		t	f	1	\N	9		2	\N	\N	\N	\N	\N	\N
288		ქუ-ცხელება		t	f	1	\N	9		2	\N	\N	\N	\N	\N	\N
289		ღორის აფრიკული ცხელება		t	f	1	\N	9		2	\N	\N	\N	\N	\N	\N
290		ღორის აფრიკული ცხელება‐სისხლი (შრატი)		t	f	1	\N	9		2	\N	\N	\N	\N	\N	\N
291		ღორის კლასიკური ცხელება		t	f	1	\N	9		2	\N	\N	\N	\N	\N	\N
292		ღორის კლასიკური ცხელება‐სისხლი (შრატი)		t	f	1	\N	9		2	\N	\N	\N	\N	\N	\N
293		ყვავილი		t	f	1	\N	10		2	\N	\N	\N	\N	\N	\N
294		ყირიმ კონგოს ჰემორაგიული ცხელება		t	f	1	\N	9		2	\N	\N	\N	\N	\N	\N
295		ჩანასახის მასური წილის განსაზღვრა მარცვალში		t	f	3	\N	3		2	\N	\N	\N	\N	\N	\N
296		ჩლიქების სიდამპლე		t	f	1	\N	8		2	\N	\N	\N	\N	\N	\N
297		ცილა (გოსტ 10846-91)		t	f	3	\N	5		2	\N	\N	\N	\N	\N	\N
298		ცილა (გოსტ 23327-98, გოსტ რ 53951-2010 )		t	f	3	\N	5		2	\N	\N	\N	\N	\N	\N
299		ცილა (გოსტ 25011-81)		t	f	3	\N	5		2	\N	\N	\N	\N	\N	\N
300		ცილა (გოსტ 31469-2012)		t	f	3	\N	5		2	\N	\N	\N	\N	\N	\N
301		ცილა (გოსტ 31762-2012, გოსტ 53951-2010)		t	f	3	\N	5		2	\N	\N	\N	\N	\N	\N
302		ცილა (გოსტ 51417-99 (ისო 5983-97))		t	f	3	\N	5		2	\N	\N	\N	\N	\N	\N
303		ცილა (გოსტ 53951-2010)		t	f	3	\N	5		2	\N	\N	\N	\N	\N	\N
304		ცილა (გოსტ 7636-85)		t	f	3	\N	5		2	\N	\N	\N	\N	\N	\N
305		ცილა (გოსტ ისო 16634-1-2011)		t	f	3	\N	5		2	\N	\N	\N	\N	\N	\N
306		ცილა (მ.მ. 4237-86)		t	f	3	\N	5		2	\N	\N	\N	\N	\N	\N
307		ცილა (მ.მ.4237-86)		t	f	3	\N	5		2	\N	\N	\N	\N	\N	\N
308		ცილა (გოსტ (31762-2012)		t	f	3	\N	5		2	\N	\N	\N	\N	\N	\N
309		ცოფის ვირუსის საწინააღმდეგო ანტისხეულების( Ig G) განსაზღვრა ძაღლის შრატში (იმუნური სტატუსი)		t	f	1	\N	9		2	\N	\N	\N	\N	\N	\N
310		ცოფის ვირუსის საწინააღმდეგო ანტისხეულების( Ig G) ტიტრის განსაზღვრა ძაღლის შრატში		t	f	3	\N	9		2	\N	\N	\N	\N	\N	\N
311		ცოფის ლაბორატორიული დიაგნოსტიკა		t	f	1	\N	11		2	\N	\N	\N	\N	\N	\N
312		ცხენების ენცეფალომიელიტი		t	f	1	\N	10		2	\N	\N	\N	\N	\N	\N
313		ცხენის ინფექციური ანემია‐სისხლი (შრატი)		t	f	1	\N	9		2	\N	\N	\N	\N	\N	\N
314		ცხვრის და თხის ყვავილი		t	f	1	\N	9		2	\N	\N	\N	\N	\N	\N
315		ცხიმი (გოსტ 10857-64)		t	f	3	\N	5		2	\N	\N	\N	\N	\N	\N
316		ცხიმი (გოსტ 23042-2015)		t	f	3	\N	5		2	\N	\N	\N	\N	\N	\N
317		ცხიმი (გოსტ 26829-86)		t	f	3	\N	5		2	\N	\N	\N	\N	\N	\N
318		ცხიმი (გოსტ 29033-91)		t	f	3	\N	5		2	\N	\N	\N	\N	\N	\N
319		ცხიმი (გოსტ 29033-91, გოსტ 27670-88)		t	f	3	\N	5		2	\N	\N	\N	\N	\N	\N
320		ცხიმი (გოსტ 29247-91)		t	f	3	\N	5		2	\N	\N	\N	\N	\N	\N
321		ცხიმი (გოსტ 29247-91, გოსტ 5867-90)		t	f	3	\N	5		2	\N	\N	\N	\N	\N	\N
322		ცხიმი (გოსტ 31469-2012)		t	f	3	\N	5		2	\N	\N	\N	\N	\N	\N
323		ცხიმი (გოსტ 31762-2012, გოსტ 32189-2013)		t	f	3	\N	5		2	\N	\N	\N	\N	\N	\N
324		ცხიმი (გოსტ 32189-2013)		t	f	3	\N	5		2	\N	\N	\N	\N	\N	\N
325		ცხიმი (გოსტ 5867-90)		t	f	3	\N	5		2	\N	\N	\N	\N	\N	\N
326		ცხიმი (გოსტ 5867-90, გოსტ 32189-2013)		t	f	3	\N	5		2	\N	\N	\N	\N	\N	\N
327		ცხიმი (გოსტ 5899-85)		t	f	3	\N	5		2	\N	\N	\N	\N	\N	\N
328		ცხიმი (გოსტ 7636-850)		t	f	3	\N	5		2	\N	\N	\N	\N	\N	\N
329		ცხიმი (მ.მ. 4237-86)		t	f	3	\N	5		2	\N	\N	\N	\N	\N	\N
330		ცხიმოვანი მჟავების და მათი ტრანსიზომერების განსაზღვრა		t	f	3	\N	6		2	\N	\N	\N	\N	\N	\N
331		ცხოველთა ლეში და თავი (გარდა ფრინველი)		t	f	3	\N	10		2	\N	\N	\N	\N	\N	\N
332		ძვლოვანი ჩანართების მასური წილი (გოსტ 31466-2012)		t	f	3	\N	5		2	\N	\N	\N	\N	\N	\N
333		წებოგვარას ხარისხობრივი და რაოდენობრივი განსაზღვრა (გოსტ 27839-2013)		t	f	3	\N	5		2	\N	\N	\N	\N	\N	\N
334		წებოგვარას ხარისხობრივი და რაოდენობრივი განსაზღვრა (გოსტ რ 54478-2011)		t	f	3	\N	5		2	\N	\N	\N	\N	\N	\N
335		წვრილფეხა რქოსანი პირუტყვის ჭირი ‐ პათ.მასალა, სისხლი		t	f	1	\N	9		2	\N	\N	\N	\N	\N	\N
336		წვრილფეხა რქოსანი პირუტყვის ჭირი ‐ სისხლი (შრატი)		t	f	1	\N	9		2	\N	\N	\N	\N	\N	\N
337		წვრილფეხა საქონლის ჭირი		t	f	1	\N	9		2	\N	\N	\N	\N	\N	\N
338		წითელი ქარი		t	f	1	\N	8		2	\N	\N	\N	\N	\N	\N
339		წყალში ხსნადი ექსტრაქციული ნივთიერებები		t	f	3	\N	5		2	\N	\N	\N	\N	\N	\N
340		წყლის მასური წილის განსაზღვრა		t	f	3	\N	5		2	\N	\N	\N	\N	\N	\N
341		ხეხილის ბაქტერიული სიდამწვრე (Erwinia amylovora)		t	f	3	\N	3		2	\N	\N	\N	\N	\N	\N
342		ხვედრითი წონა		t	f	3	\N	5		2	\N	\N	\N	\N	\N	\N
343		ხორცი ‐ ჰელმინთები‐ (ტრიქინელოზი, ფინოზი,)		t	f	1	\N	10		2	\N	\N	\N	\N	\N	\N
344		ხორცი‐პროტოზოები‐ (სარკოცისტოზი)		t	f	1	\N	10		2	\N	\N	\N	\N	\N	\N
345		ხსნადობა (გოსტ 31469-2012)		t	f	3	\N	5		2	\N	\N	\N	\N	\N	\N
346		ხსნადობა (გოსტ 51881-2002)		t	f	3	\N	5		2	\N	\N	\N	\N	\N	\N
347		ჯილეხი		t	f	1	\N	9		2	\N	\N	\N	\N	\N	\N
348		ჯილეხი (ციმბირული წყლული)- ნიადაგი		t	f	1	\N	8		2	\N	\N	\N	\N	\N	\N
349		ჯილეხი (ციმბირული წყლული)- პათ.მასალა		t	f	1	\N	8		2	\N	\N	\N	\N	\N	\N
350		ჰაერის ბაქტერიოლოგიურ დაბინძურებაზე გამოკვლევა		t	f	1	\N	8		2	\N	\N	\N	\N	\N	\N
351		ჰემორაგიული სეპტიცემია-პასტერელოზი (ფუტკარი,ფრინველი,მრპ,წრპ,ღორი და სხვა)		t	f	1	\N	8		2	\N	\N	\N	\N	\N	\N
352		ჰეპტაქლორი		t	f	3	\N	6		2	\N	\N	\N	\N	\N	\N
353		ჰეპტაქლორი (თაფლი)		t	f	3	\N	6		2	\N	\N	\N	\N	\N	\N
354		ჰექსაქლორციკლოჰექსანი (α,β,γ,δ იზომერები)		t	f	3	\N	6		2	\N	\N	\N	\N	\N	\N
355		ჰიდროქსიმეთილფურფუროლი		t	f	3	\N	5		2	\N	\N	\N	\N	\N	\N
356		ჰისტამინი		t	f	3	\N	6		2	\N	\N	\N	\N	\N	\N
358		გრამის წესის გრამუარყოფითი კონტროლის სასაგნე მინაზე ფიქსირებული ნაცხი		f	t	1	\N	8		2	\N	\N	\N	\N	\N	\N
357		Brucella საეჭვო კულტურის შეღებვა გრამის წესით		f	f	1	\N	8		2	\N	\N	\N	\N	\N	
359		Blood Agar		t	f	1	\N	8		2	\N	\N	\N	\N	\N	\N
360		Blood Agar Positive Conttrol		f	t	1	\N	8		2	\N	\N	\N	\N	\N	\N
361		Blood Agar Negative Control		f	t	1	\N	8		2	\N	\N	\N	\N	\N	\N
363		ადამიანის ნიმუშების კვლევა შავი ჭირის გამომწვევზე		t	f	1	\N	8		1	\N	\N	\N	\N	\N	\N
364		გრამის წესის გრამდადებითი კონტროლი - St aureus . (ATCC 25923) - ლურჯი შეფერილობა		f	t	1	\N	8		1	\N	\N	\N	ლურჯი	წითელი	\N
365		გრამის წესის გრამუარყოფითი კონტროლი - E. coli. (ATCC 25922) - წითელი		f	t	1	\N	8		1	\N	\N	\N	წითელი	ლურჯი	\N
362		Y.pestis საეჭვო კულტურის შეღებვა გრამის წესით		f	f	3	\N	8		1	\N	\N	ლურჯი	\N	\N	
366		კონტროლი 1 დადები		f	t	3	\N	8		1	\N	\N	\N	\N	\N	\N
368		ოქსიდაზას დადებითი კონტროლი		f	t	3	\N	8		1	\N	\N	ლურჯი	\N	\N	\N
367		ოქსიდაზას ტესტი		f	f	3	\N	8		1	\N	\N	\N	\N	\N	
189		პათ. მასალის დათვალიერება და გაკვეთა		t	f	3	\N	10		2	\N	\N	\N	\N	\N	\N
\.


--
-- Data for Name: labtestanswer; Type: TABLE DATA; Schema: public; Owner: lims
--

COPY labtestanswer (labtestanswerid, labtestid, val, norm) FROM stdin;
\N	362	ლურჯი	t
\N	362	წითელი	f
\N	366	დადებიტო ვ1	f
\N	367	ლურჯი	f
\N	368	ლურჯი	t
\N	368	ფერის ცვლილება არ არის	f
\.


--
-- Data for Name: labtestcontrol; Type: TABLE DATA; Schema: public; Owner: lims
--

COPY labtestcontrol (labtestid, controlid, schedule) FROM stdin;
357	358	{"testid":"358","val":"1"}
362	364	{"testid":"364","val":"6"}
362	365	{"testid":"365","val":"6"}
367	364	{"testid":"364","val":"1"}
367	365	{"testid":"365","val":"1"}
367	366	{"testid":"366","val":"1"}
367	368	{"testid":"368","val":"6"}
\.


--
-- Data for Name: labtestcontroldocument; Type: TABLE DATA; Schema: public; Owner: lims
--

COPY labtestcontroldocument (labtestid, documentid) FROM stdin;
\.


--
-- Name: labtestid_seq; Type: SEQUENCE SET; Schema: public; Owner: lims
--

SELECT pg_catalog.setval('labtestid_seq', 368, true);


--
-- Data for Name: labtestinstitution; Type: TABLE DATA; Schema: public; Owner: lims
--

COPY labtestinstitution (labtestid, institutionid) FROM stdin;
45	7
138	7
144	7
172	7
173	7
280	7
1	8
62	8
63	8
64	8
65	8
66	8
70	8
135	8
136	8
141	8
145	8
174	8
175	8
258	8
267	8
295	8
341	8
24	9
25	9
104	9
137	9
142	9
143	9
3	4
4	4
5	4
7	4
8	4
11	4
23	4
27	4
30	4
31	4
33	4
34	4
36	4
37	4
38	4
39	4
46	4
49	4
53	4
54	4
55	4
56	4
57	4
72	4
74	4
75	4
77	4
78	4
82	4
92	4
97	4
98	4
99	4
100	4
101	4
102	4
103	4
105	4
106	4
107	4
108	4
109	4
110	4
111	4
112	4
113	4
114	4
115	4
116	4
117	4
118	4
119	4
120	4
121	4
122	4
123	4
124	4
125	4
127	4
128	4
129	4
133	4
134	4
146	4
147	4
148	4
149	4
150	4
151	4
152	4
153	4
154	4
155	4
156	4
157	4
158	4
159	4
160	4
161	4
162	4
164	4
165	4
168	4
169	4
170	4
176	4
177	4
178	4
179	4
184	4
185	4
194	4
199	4
202	4
203	4
204	4
205	4
210	4
211	4
212	4
213	4
215	4
221	4
222	4
223	4
224	4
225	4
226	4
227	4
228	4
229	4
230	4
231	4
232	4
233	4
234	4
235	4
236	4
237	4
238	4
239	4
240	4
241	4
242	4
243	4
244	4
245	4
246	4
247	4
248	4
249	4
250	4
251	4
253	4
263	4
268	4
269	4
282	4
297	4
298	4
299	4
300	4
301	4
302	4
303	4
304	4
305	4
306	4
307	4
308	4
315	4
316	4
317	4
318	4
319	4
320	4
321	4
322	4
323	4
324	4
325	4
326	4
327	4
328	4
329	4
332	4
333	4
334	4
339	4
340	4
342	4
345	4
346	4
355	4
26	5
28	5
76	5
188	5
197	5
198	5
201	5
254	5
264	5
281	5
283	5
330	5
352	5
353	5
354	5
356	5
2	3
12	3
40	3
41	3
42	3
43	3
47	3
48	3
50	3
51	3
88	3
89	3
90	3
95	3
96	3
166	3
167	3
183	3
186	3
187	3
195	3
196	3
206	3
207	3
208	3
265	3
275	3
6	13
9	13
14	13
15	13
29	13
32	13
35	13
44	13
60	13
73	13
83	13
86	13
91	13
171	13
190	13
192	13
200	13
209	13
218	13
219	13
220	13
255	13
259	13
261	13
276	13
279	13
296	13
338	13
348	13
349	13
350	13
351	13
13	14
16	14
17	14
18	14
19	14
20	14
22	14
67	14
68	14
69	14
71	14
84	14
94	14
126	14
180	14
181	14
182	14
191	14
257	14
262	14
270	14
271	14
272	14
284	14
285	14
286	14
287	14
288	14
289	14
290	14
291	14
292	14
294	14
309	14
310	14
313	14
314	14
335	14
336	14
337	14
347	14
79	11
80	11
81	11
189	11
193	11
214	11
216	11
217	11
256	11
260	11
266	11
273	11
274	11
277	11
278	11
293	11
312	11
331	11
343	11
344	11
10	15
311	15
2	17
12	17
40	17
41	17
42	17
43	17
47	17
48	17
50	17
51	17
88	17
89	17
90	17
95	17
96	17
166	17
167	17
183	17
186	17
187	17
195	17
196	17
206	17
207	17
208	17
265	17
275	17
2	20
12	20
40	20
41	20
42	20
43	20
47	20
48	20
50	20
51	20
88	20
89	20
90	20
95	20
96	20
166	20
167	20
183	20
186	20
187	20
195	20
196	20
206	20
207	20
208	20
265	20
275	20
52	1
58	1
59	1
61	1
85	1
93	1
130	1
131	1
132	1
139	1
140	1
\.


--
-- Data for Name: labtestprod; Type: TABLE DATA; Schema: public; Owner: lims
--

COPY labtestprod (labtestid, productid, qty) FROM stdin;
359	418	2
\.


--
-- Data for Name: labtestsampletype; Type: TABLE DATA; Schema: public; Owner: lims
--

COPY labtestsampletype (labtestid, sampletypeid) FROM stdin;
1	46
1	68
1	87
1	99
48	86
48	130
96	86
96	130
2	95
3	36
4	16
5	86
6	13
6	40
6	127
6	66
7	20
7	22
8	86
9	40
9	43
9	127
9	66
10	126
10	66
11	10
11	138
12	65
13	65
13	89
14	40
14	49
14	127
14	66
15	48
15	72
15	83
15	89
16	72
17	90
18	90
19	90
20	39
22	90
23	28
24	45
24	67
24	79
24	110
24	53
25	45
25	67
25	79
25	110
25	53
26	95
26	130
27	125
28	137
28	16
29	56
30	16
31	16
32	15
32	43
32	89
32	127
32	66
33	16
34	86
35	13
35	50
35	127
35	66
36	117
37	71
38	140
38	80
38	129
38	38
38	105
38	107
38	36
38	20
38	21
38	18
38	22
38	73
38	54
38	75
38	76
38	2
38	77
38	131
38	37
38	78
38	114
38	55
38	28
38	51
38	52
38	87
38	69
38	44
38	112
38	24
38	81
38	82
38	122
38	124
38	32
38	34
38	31
38	35
38	33
38	12
38	125
39	111
39	94
40	120
41	74
42	95
43	95
44	40
44	127
44	66
45	118
46	113
47	95
49	87
49	111
50	95
51	95
52	65
53	24
54	52
55	28
56	51
57	16
58	36
59	47
60	17
61	17
62	46
62	68
62	99
62	23
63	133
64	46
65	23
65	46
65	68
65	99
66	46
66	99
67	65
67	89
68	90
69	90
70	91
70	4
71	90
72	16
73	56
73	72
73	92
73	127
73	66
74	51
75	52
76	95
76	130
77	86
78	140
78	129
78	38
78	105
78	107
79	26
79	42
79	1
80	26
80	42
80	1
81	26
81	42
81	1
82	125
83	15
83	40
83	43
83	89
83	127
83	66
84	27
84	89
84	65
85	65
86	40
86	48
86	50
86	89
86	116
86	127
86	66
86	65
88	95
89	95
90	95
91	15
91	48
91	72
91	89
91	127
91	66
92	86
93	65
94	90
95	97
97	44
98	113
99	119
100	125
101	111
102	117
103	16
104	79
105	87
105	69
105	94
106	44
107	125
108	111
109	37
110	78
111	52
112	12
113	122
113	124
114	28
115	73
115	54
115	75
115	76
115	2
115	77
115	131
115	114
115	32
115	34
116	82
116	35
116	33
117	71
118	31
119	10
119	138
119	81
120	24
121	112
121	117
122	24
123	52
124	140
124	80
124	129
124	105
125	51
126	65
126	59
127	119
128	81
129	82
130	21
131	16
132	36
133	111
134	87
135	6
135	14
135	25
135	29
135	30
135	45
135	4
135	101
135	102
135	123
135	135
135	136
135	3
135	46
135	67
135	70
135	93
135	98
135	99
136	29
136	134
138	6
138	14
138	25
138	29
138	30
138	45
138	46
138	102
138	123
138	3
138	134
138	67
138	93
138	98
138	99
138	101
138	86
139	5
139	6
139	14
139	25
139	29
139	30
139	4
139	134
139	99
139	101
139	102
139	123
139	3
139	45
139	46
139	67
139	84
139	93
139	98
139	110
139	86
140	29
140	134
140	86
141	6
141	14
141	25
141	29
141	30
141	45
141	101
141	102
141	123
141	135
141	136
141	3
141	46
141	67
141	70
141	93
141	98
141	99
142	6
142	14
142	29
142	45
142	67
142	123
142	134
143	14
143	29
143	70
143	123
143	3
143	134
144	6
144	14
144	25
144	29
144	30
144	45
144	46
144	102
144	123
144	3
144	134
144	67
144	93
144	98
144	99
144	101
144	23
144	132
145	84
146	10
146	138
147	44
148	86
149	37
150	131
150	114
151	73
151	54
151	75
151	76
151	2
151	77
152	78
154	87
154	69
154	94
154	24
155	113
156	111
156	44
156	71
157	119
158	140
158	80
158	129
158	38
158	105
158	107
159	16
160	125
161	51
162	112
162	117
164	20
164	22
165	52
166	97
168	140
168	80
168	129
168	38
168	105
168	107
168	36
168	20
168	21
168	18
168	22
168	73
168	54
168	75
168	76
168	2
168	77
168	131
168	37
168	78
168	114
168	55
168	28
168	52
168	87
168	69
168	111
168	44
168	71
168	112
168	94
168	24
168	81
168	82
168	122
168	124
168	32
168	34
168	31
168	35
168	33
168	12
168	125
169	87
169	69
169	125
170	119
171	13
171	127
171	66
172	63
173	63
174	29
175	29
176	10
176	138
177	86
178	129
178	107
179	86
180	58
180	57
180	61
180	65
180	89
181	90
182	65
182	27
182	89
183	95
184	16
185	86
186	95
187	95
188	16
189	65
190	72
190	89
190	92
190	106
190	127
190	66
191	58
191	57
191	61
191	65
191	89
192	40
192	127
192	66
193	65
194	86
195	95
196	95
197	95
198	95
199	86
200	72
201	74
202	86
203	16
204	20
204	21
205	86
206	130
207	95
208	97
209	40
209	48
209	43
209	89
209	104
209	127
209	66
210	51
211	87
211	111
212	125
213	73
213	54
213	75
213	76
213	2
213	77
214	65
215	86
216	89
217	89
218	92
219	15
219	48
219	49
219	89
219	121
220	15
220	85
220	89
220	127
220	66
221	86
222	125
223	10
224	21
225	36
226	52
227	73
227	54
227	75
227	76
227	2
227	77
227	131
227	114
228	22
229	140
229	129
229	38
229	105
229	107
230	125
231	87
231	69
231	94
232	87
232	69
232	94
233	44
234	113
235	24
236	71
236	112
237	8
238	51
239	111
240	140
240	80
240	129
240	38
240	105
240	107
241	52
242	28
243	12
244	10
244	138
245	37
246	32
247	73
247	54
247	75
247	76
247	2
247	77
248	122
248	124
249	35
249	33
250	31
251	73
251	54
251	75
251	76
251	2
251	77
253	117
254	16
255	56
256	65
257	90
258	29
259	11
259	62
259	72
259	116
259	127
259	65
260	66
261	127
261	66
262	65
262	89
263	86
264	95
264	130
265	130
266	104
267	63
268	119
269	71
270	58
270	57
270	61
270	65
270	89
271	58
271	57
271	61
271	65
271	89
272	58
272	57
272	61
272	65
272	89
273	65
274	41
275	130
276	109
277	108
278	108
279	109
280	110
281	16
282	86
283	16
284	65
285	90
286	90
287	90
288	60
288	65
288	48
289	65
289	89
290	90
291	65
291	89
292	90
293	65
294	89
294	65
294	100
294	39
295	46
295	88
296	13
296	128
297	87
297	69
297	111
297	44
297	71
297	112
297	94
298	73
298	54
298	75
298	76
298	2
298	77
299	140
299	80
299	129
299	38
299	105
299	107
300	36
301	52
302	125
303	131
303	37
303	55
303	28
304	20
304	21
304	18
304	22
305	24
306	117
306	81
306	82
306	122
306	124
306	32
306	34
306	31
306	35
306	33
306	12
308	51
309	90
310	90
311	126
312	65
313	90
314	65
314	27
314	89
315	24
316	140
316	80
316	129
316	38
316	105
316	107
317	21
318	69
318	44
318	71
318	94
319	87
319	111
320	37
321	78
322	36
323	52
324	51
325	73
325	54
325	75
325	76
325	2
325	77
325	131
325	55
325	114
326	28
327	112
327	117
328	20
328	18
328	22
329	81
329	82
329	122
329	124
329	32
329	34
329	31
329	35
329	33
329	12
330	96
331	41
332	105
332	107
333	111
334	87
335	65
335	89
336	90
337	65
337	59
338	43
338	127
338	66
339	119
340	16
341	134
342	16
343	139
344	139
345	36
346	113
347	89
347	65
347	115
347	139
347	39
348	64
349	127
349	66
349	89
349	115
349	56
350	141
351	43
351	89
351	127
351	66
352	137
353	16
354	137
354	16
355	16
356	19
167	86
167	130
\.


--
-- Data for Name: labteststandard; Type: TABLE DATA; Schema: public; Owner: lims
--

COPY labteststandard (labtestid, standardid) FROM stdin;
\.


--
-- Data for Name: lang; Type: TABLE DATA; Schema: public; Owner: lims
--

COPY lang (langid, name, code, flag, basic) FROM stdin;
2	English	EN	us	f
1	ქართული	GE	ge	t
\.


--
-- Data for Name: menu; Type: TABLE DATA; Schema: public; Owner: lims
--

COPY menu (menuid, name, file, parentid, ord, icon, companyid) FROM stdin;
90	მთავარი	dashboard	\N	0	fa-home	1
91	ადმინისტრირება		\N	20	fa-bar-chart-o	1
92	საწყობი		\N	3	fa-database	1
93	ხარისხის კონტროლი		\N	4	fa-exclamation-triangle	1
94	ლაბორატორია		\N	2	fa-eyedropper	1
95	ფინანსები		\N	5	fa-usd	1
96	რეპორტინგი		\N	6	fa-th	1
97	პარამეტრები		\N	7	fa-wrench	1
98	ანალიზები		\N	8	fa-flask	1
99	მიმღები განყოფილება		\N	1	fa-book	1
61	კონტრაგენტი	contragent	99	1		1
62	ხელშეკრულება	contract	99	2		1
63	აქტი	act	99	4		1
65	ალიქვოტირება	aliquotation	99	10		1
66	მიმართვა	appeal	99	3		1
67	მასიური მიღება	batch	99	4		1
86	კატეგორიები	category	98	1		1
87	კვლევების ჩამონათვალი	analizelist	98	2		1
88	საანალიზო მასალის ტიპი	materialtype	98	3		1
89	სორტირება	ordering	98	4		1
84	ერთეულები	units	97	6		1
85	განადგურების ტიპები	destroytypes	97	10		1
82	შაბლონები	templates	96	1		1
69	პასუხები	answers	94	2		1
70	კონტრაგენტი	contragent	94	3		1
71	მასიური დამუშავება	massiveprocess	94	4		1
73	ალიქვოტირება	aliquotation	94	10		1
74	აპარატურა	device	92	4		1
75	პროდუქტი	product	92	5		1
76	პროდუქტის ერთეული	punit	92	6		1
77	საწყობები	stock	92	7		1
78	ოპერაციის ტიპები	oper	92	8		1
79	მარაგები	stockinv	92	1		1
80	მომწოდებლები	supplier	92	9		1
81	ოპერაციები	stockmovement	92	2		1
2	მთავარი	dashboard	\N	0	fa-home	2
1	ადმინისტრირება		\N	20	fa-bar-chart-o	2
4	თანამდებობა	personelltype	1	3	fa-user-secret	2
3	მენიუ	menu	1	5	fa-list	2
5	თანამშრომელი	personell	1	4	fa-user	2
10	საწყობი		\N	3	fa-database	2
105	კონტროლების რეესტრი	qcregistry	11	4		2
9	ლაბორატორია		\N	2	fa-eyedropper	2
12	ფინანსები		\N	5	fa-usd	2
13	რეპორტინგი		\N	6	fa-th	2
14	პარამეტრები		\N	7	fa-wrench	2
15	კონტრაგენტი	contragent	8	1		2
16	ხელშეკრულება	contract	8	2		2
18	მოთხოვნები	req	9	1		2
19	პასუხები	answers	9	2		2
25	აპარატურა	device	10	4		2
27	თარგმანი	translate	1	7	fa-book	2
28	პროდუქტი	product	10	5		2
29	პროდუქტის ერთეული	punit	10	6		2
30	საწყობები	stock	10	7		2
31	ოპერაციის ტიპები	oper	10	8		2
20	მარაგები	stockinv	10	1		2
32	მომწოდებლები	supplier	10	9		2
41	აქტი	act	8	4		2
54	თანამდებობა	personelltype	91	3	fa-user-secret	1
55	მენიუ	menu	91	5	fa-list	1
56	თანამშრომელი	personell	91	4	fa-user	1
57	თარგმანი	translate	91	7	fa-book	1
58	დეპარტამენტები	department	91	6	fa-university	1
60	უფლებები	level	91	2	fa-wrench	1
64	რეგისტრაცია	registercdc	99	0		1
59	დამკვეთის ტიპი	counterparttype	91	8		1
101	რეგისტრაცია2	registercdc2	99	0		1
103	დოკუმენტების კონტროლი	docmanagement	11	2		2
11	ხარისხის მართვა		\N	4	fa-exclamation-triangle	2
102	ტესტების კალენდარი	qccalendar	11	1		2
72	ნიმუშების სია	samplelistcdc	94	1		1
68	კვლევები/ტესტები	reqcdc	94	5		1
33	კონტრაგენტი	contragent	9	3		2
37	სტანდარტები	standards	14	5		2
38	ერთეულები	units	14	6		2
7	დეპარტამენტები	department	1	6	fa-university	2
35	კონტრაგენტის ტიპი	counterparttype	1	8		2
17	რეგისტრაცია	register	8	0		2
21	ოპერაციები	stockmovement	10	2		2
42	ანალიზები		\N	8	fa-flask	2
43	კატეგორიები	category	42	1		2
44	კვლევების ჩამონათვალი	analizelist	42	2		2
45	საანალიზო მასალის ტიპი	materialtype	42	3		2
46	სორტირება	ordering	42	4		2
8	მიმღები განყოფილება		\N	1	fa-book	2
48	შაბლონები	templates	13	1		2
40	მიმართვა	appeal	8	3		2
39	მასიური მიღება	batch	8	4		2
49	მასიური დამუშავება	massiveprocess	9	4		2
51	ნიმუშების სია	samplelist	9	5		2
52	განადგურების ტიპები	destroytypes	14	10		2
6	უფლებები	level	1	2	fa-wrench	2
100	ფორმების შექმნა	forms	91	9		1
104	აუდიტი	audit	11	3		2
106	შტრიხკოდი	barcode	1	15		2
\.


--
-- Name: menuid_seq; Type: SEQUENCE SET; Schema: public; Owner: lims
--

SELECT pg_catalog.setval('menuid_seq', 106, true);


--
-- Data for Name: messages; Type: TABLE DATA; Schema: public; Owner: lims
--

COPY messages (messagesid, messagedate, personellid, content, read, readdate, deleted, deletedate) FROM stdin;
1	2017-07-08 22:31:01.924256	5	აკლსჯდგჰ ლჯკასჰგკ ჰსკლგჰ კლსდფჯგჰ კსდფჯლ	t	2017-07-09 22:40:25.624	f	2017-07-09 00:21:16.291
3	2017-07-09 22:25:08.575063	5	et ey etuy erturury	t	2017-07-09 22:40:26.303	f	\N
2	2017-07-09 13:50:58.932094	5	ზსფდ გჰასფჰ სდფჰ სდჰ სდჰ დგჰ <a href=''ajax/req.jsp''>click here</a> awrwerhyweyr	t	2017-07-09 22:40:27.244	f	\N
\.


--
-- Name: messagesid_seq; Type: SEQUENCE SET; Schema: public; Owner: lims
--

SELECT pg_catalog.setval('messagesid_seq', 3, true);


--
-- Data for Name: oper; Type: TABLE DATA; Schema: public; Owner: lims
--

COPY oper (operid, name, type) FROM stdin;
1	ავტომატური ხარჯი	1
2	პროდუქციის მიღება	2
3	გაცემა სხვა ობიექტზე	1
4	მიღება სხვა ობიექტიდან	2
5	ვადაგასული პროდუქტი	1
\.


--
-- Name: operid_seq; Type: SEQUENCE SET; Schema: public; Owner: lims
--

SELECT pg_catalog.setval('operid_seq', 5, true);


--
-- Data for Name: personell; Type: TABLE DATA; Schema: public; Owner: lims
--

COPY personell (personellid, fname, lname, phone, personelltypeid, loginid, password, email, address, regdate, deleted, institutionid, signature, limited, companyid, picture, gender, options) FROM stdin;
4			\N	2	caseuser	resetpass			2017-04-29 00:59:48.922221	f	0	\N	f	1	\N	M	\N
5	დავით	ჟორჟოლიანი		1	admin	ISMvKXpXpadDiUoOSoAfww==			2017-05-20 13:04:12.690061	f	0	\N	f	2	pic_5.jpeg	M	{"skin":"smart-style-0"}
7	ლევან	გიორგაძე	23572357	2	levania	4QrcOUm6Wau+VuBX8g+IPg==	dd@dd.com	\N	2017-07-09 23:31:50.142236	f	23	\N	f	2	\N	M	\N
1	დავით	ჟორჟოლიანი		3	admin	ISMvKXpXpadDiUoOSoAfww==	\N	\N	2017-04-24 00:08:59.181209	f	0	\N	f	1	\N	M	{"skin":"smart-style-ncdc"}
\.


--
-- Name: personellid_seq; Type: SEQUENCE SET; Schema: public; Owner: lims
--

SELECT pg_catalog.setval('personellid_seq', 7, true);


--
-- Data for Name: personelltype; Type: TABLE DATA; Schema: public; Owner: lims
--

COPY personelltype (personelltypeid, name, description, code, companyid) FROM stdin;
1	მთავარი ადმინისტრატორი		01	2
3	მთავარი ადმინისტრატორი		00	1
4	...ძე		03	2
2	TEST		02	2
\.


--
-- Name: personelltypeid_seq; Type: SEQUENCE SET; Schema: public; Owner: lims
--

SELECT pg_catalog.setval('personelltypeid_seq', 4, true);


--
-- Data for Name: plevel; Type: TABLE DATA; Schema: public; Owner: lims
--

COPY plevel (plevelid, personelltypeid, menuid, read, write, print, export) FROM stdin;
97	2	17	t	t	f	f
98	2	15	t	t	f	f
99	2	40	t	t	f	f
100	2	41	t	t	f	f
101	2	16	t	t	f	f
102	2	39	t	t	f	f
204	3	100	t	t	t	t
107	1	49	t	t	t	t
111	1	51	t	t	t	t
208	3	101	t	t	t	t
113	1	35	t	t	t	t
211	1	102	t	t	t	t
117	1	52	t	t	t	t
122	3	55	t	t	t	t
123	3	60	t	t	t	t
218	1	103	t	t	t	t
128	3	56	t	t	t	t
129	3	54	t	t	t	t
219	1	104	t	t	t	t
220	1	105	t	t	t	t
38	1	43	t	t	t	t
39	1	44	t	t	t	t
40	1	45	t	t	t	t
41	1	46	t	t	t	t
44	1	37	t	t	t	t
45	1	38	t	t	t	t
47	1	48	t	t	t	t
49	1	32	t	t	t	t
136	3	58	t	t	t	t
51	1	31	t	t	t	t
137	3	57	t	t	t	t
53	1	30	t	t	t	t
138	3	59	t	t	t	t
227	3	73	f	f	f	f
228	3	71	f	f	f	f
59	1	20	t	t	t	t
60	1	21	t	t	t	t
61	1	25	t	t	t	t
62	1	28	t	t	t	t
63	1	29	t	t	t	t
229	3	69	f	f	f	f
230	3	70	f	f	f	f
67	1	18	t	t	t	t
68	1	19	t	t	t	t
69	1	33	t	t	t	t
233	3	68	t	t	t	t
236	3	72	t	t	t	t
77	1	17	t	t	t	t
78	1	15	t	t	t	t
79	1	16	t	t	t	t
80	1	40	t	t	t	t
81	1	41	t	t	t	t
82	1	39	t	t	t	t
155	3	79	t	t	t	t
156	3	81	t	t	t	t
157	3	74	t	t	t	t
158	3	75	t	t	t	t
91	1	27	t	t	t	t
92	1	7	t	t	t	t
93	1	3	t	t	t	t
94	1	5	t	t	t	t
95	1	4	t	t	t	t
96	1	6	t	t	t	t
159	3	76	t	t	t	t
160	3	77	t	t	t	t
161	3	78	t	t	t	t
162	3	80	t	t	t	t
174	3	82	t	t	t	t
182	3	84	t	t	t	t
183	3	85	t	t	t	t
192	3	87	t	t	t	t
193	3	89	t	t	t	t
194	3	88	t	t	t	t
195	3	86	t	t	t	t
200	3	64	t	t	t	t
201	3	61	t	t	t	t
239	1	106	t	t	t	t
\.


--
-- Name: plevelid_seq; Type: SEQUENCE SET; Schema: public; Owner: lims
--

SELECT pg_catalog.setval('plevelid_seq', 239, true);


--
-- Data for Name: price; Type: TABLE DATA; Schema: public; Owner: lims
--

COPY price (priceid, pricedate, reason, price, labtestid) FROM stdin;
5	2017-01-11	საწყისი	10	189
6	2016-09-12	საწყისი	10	331
7	2017-08-01	starting price	10	359
8	2017-09-14	new price see order #324	12	359
11	2017-01-01		10	1
12	2017-01-01		10	2
13	2017-01-01		10	3
14	2017-01-01		10	4
15	2017-01-01		10	5
16	2017-01-01		10	6
17	2017-01-01		10	7
18	2017-01-01		10	8
19	2017-01-01		10	9
20	2017-01-01		10	10
21	2017-01-01		10	11
22	2017-01-01		10	12
23	2017-01-01		10	13
24	2017-01-01		10	14
25	2017-01-01		10	15
26	2017-01-01		10	16
27	2017-01-01		10	17
28	2017-01-01		10	18
29	2017-01-01		10	19
30	2017-01-01		10	20
31	2017-01-01		10	22
32	2017-01-01		10	23
33	2017-01-01		10	24
34	2017-01-01		10	25
35	2017-01-01		10	26
36	2017-01-01		10	27
37	2017-01-01		10	28
38	2017-01-01		10	29
39	2017-01-01		10	30
40	2017-01-01		10	31
41	2017-01-01		10	32
42	2017-01-01		10	33
43	2017-01-01		10	34
44	2017-01-01		10	35
45	2017-01-01		10	36
46	2017-01-01		10	37
47	2017-01-01		10	38
48	2017-01-01		10	39
49	2017-01-01		10	40
50	2017-01-01		10	41
51	2017-01-01		10	42
52	2017-01-01		10	43
53	2017-01-01		10	44
54	2017-01-01		10	45
55	2017-01-01		10	46
56	2017-01-01		10	47
57	2017-01-01		10	48
58	2017-01-01		10	49
59	2017-01-01		10	50
60	2017-01-01		10	51
61	2017-01-01		10	52
62	2017-01-01		10	53
63	2017-01-01		10	54
64	2017-01-01		10	55
65	2017-01-01		10	56
66	2017-01-01		10	57
67	2017-01-01		10	58
68	2017-01-01		10	59
69	2017-01-01		10	60
70	2017-01-01		10	61
71	2017-01-01		10	62
72	2017-01-01		10	63
73	2017-01-01		10	64
74	2017-01-01		10	65
75	2017-01-01		10	66
76	2017-01-01		10	67
77	2017-01-01		10	68
78	2017-01-01		10	69
79	2017-01-01		10	70
80	2017-01-01		10	71
81	2017-01-01		10	72
82	2017-01-01		10	73
83	2017-01-01		10	74
84	2017-01-01		10	75
85	2017-01-01		10	76
86	2017-01-01		10	77
87	2017-01-01		10	78
88	2017-01-01		10	79
89	2017-01-01		10	80
90	2017-01-01		10	81
91	2017-01-01		10	82
92	2017-01-01		10	83
93	2017-01-01		10	84
94	2017-01-01		10	85
95	2017-01-01		10	86
96	2017-01-01		10	88
97	2017-01-01		10	89
98	2017-01-01		10	90
99	2017-01-01		10	91
100	2017-01-01		10	92
101	2017-01-01		10	93
102	2017-01-01		10	94
103	2017-01-01		10	95
104	2017-01-01		10	96
105	2017-01-01		10	97
106	2017-01-01		10	98
107	2017-01-01		10	99
108	2017-01-01		10	100
109	2017-01-01		10	101
110	2017-01-01		10	102
111	2017-01-01		10	103
112	2017-01-01		10	104
113	2017-01-01		10	105
114	2017-01-01		10	106
115	2017-01-01		10	107
116	2017-01-01		10	108
117	2017-01-01		10	109
118	2017-01-01		10	110
119	2017-01-01		10	111
120	2017-01-01		10	112
121	2017-01-01		10	113
122	2017-01-01		10	114
123	2017-01-01		10	115
124	2017-01-01		10	116
125	2017-01-01		10	117
126	2017-01-01		10	118
127	2017-01-01		10	119
128	2017-01-01		10	120
129	2017-01-01		10	121
130	2017-01-01		10	122
131	2017-01-01		10	123
132	2017-01-01		10	124
133	2017-01-01		10	125
134	2017-01-01		10	126
135	2017-01-01		10	127
136	2017-01-01		10	128
137	2017-01-01		10	129
138	2017-01-01		10	130
139	2017-01-01		10	131
140	2017-01-01		10	132
141	2017-01-01		10	133
142	2017-01-01		10	134
143	2017-01-01		10	135
144	2017-01-01		10	136
145	2017-01-01		10	137
146	2017-01-01		10	138
147	2017-01-01		10	139
148	2017-01-01		10	140
149	2017-01-01		10	141
150	2017-01-01		10	142
151	2017-01-01		10	143
152	2017-01-01		10	144
153	2017-01-01		10	145
154	2017-01-01		10	146
155	2017-01-01		10	147
156	2017-01-01		10	148
157	2017-01-01		10	149
158	2017-01-01		10	150
159	2017-01-01		10	151
160	2017-01-01		10	152
161	2017-01-01		10	153
162	2017-01-01		10	154
163	2017-01-01		10	155
164	2017-01-01		10	156
165	2017-01-01		10	157
166	2017-01-01		10	158
167	2017-01-01		10	159
168	2017-01-01		10	160
169	2017-01-01		10	161
170	2017-01-01		10	162
171	2017-01-01		10	164
172	2017-01-01		10	165
173	2017-01-01		10	166
174	2017-01-01		10	167
175	2017-01-01		10	168
176	2017-01-01		10	169
177	2017-01-01		10	282
178	2017-01-01		10	170
179	2017-01-01		10	171
180	2017-01-01		10	172
181	2017-01-01		10	173
182	2017-01-01		10	174
183	2017-01-01		10	175
184	2017-01-01		10	176
185	2017-01-01		10	177
186	2017-01-01		10	178
187	2017-01-01		10	179
188	2017-01-01		10	180
189	2017-01-01		10	181
190	2017-01-01		10	182
191	2017-01-01		10	183
192	2017-01-01		10	184
193	2017-01-01		10	185
194	2017-01-01		10	186
195	2017-01-01		10	187
196	2017-01-01		10	188
197	2017-01-01		10	190
198	2017-01-01		10	191
199	2017-01-01		10	192
200	2017-01-01		10	193
201	2017-01-01		10	194
202	2017-01-01		10	195
203	2017-01-01		10	196
204	2017-01-01		10	197
205	2017-01-01		10	198
206	2017-01-01		10	199
207	2017-01-01		10	200
208	2017-01-01		10	201
209	2017-01-01		10	202
210	2017-01-01		10	203
211	2017-01-01		10	204
212	2017-01-01		10	205
213	2017-01-01		10	206
214	2017-01-01		10	207
215	2017-01-01		10	208
216	2017-01-01		10	209
217	2017-01-01		10	210
218	2017-01-01		10	211
219	2017-01-01		10	212
220	2017-01-01		10	213
221	2017-01-01		10	214
222	2017-01-01		10	215
223	2017-01-01		10	216
224	2017-01-01		10	217
225	2017-01-01		10	218
226	2017-01-01		10	219
227	2017-01-01		10	220
228	2017-01-01		10	221
229	2017-01-01		10	222
230	2017-01-01		10	223
231	2017-01-01		10	224
232	2017-01-01		10	225
233	2017-01-01		10	226
234	2017-01-01		10	227
235	2017-01-01		10	228
236	2017-01-01		10	229
237	2017-01-01		10	230
238	2017-01-01		10	231
239	2017-01-01		10	232
240	2017-01-01		10	233
241	2017-01-01		10	234
242	2017-01-01		10	235
243	2017-01-01		10	236
244	2017-01-01		10	237
245	2017-01-01		10	238
246	2017-01-01		10	239
247	2017-01-01		10	240
248	2017-01-01		10	241
249	2017-01-01		10	242
250	2017-01-01		10	243
251	2017-01-01		10	244
252	2017-01-01		10	245
253	2017-01-01		10	246
254	2017-01-01		10	247
255	2017-01-01		10	248
256	2017-01-01		10	249
257	2017-01-01		10	250
258	2017-01-01		10	251
259	2017-01-01		10	253
260	2017-01-01		10	254
261	2017-01-01		10	255
262	2017-01-01		10	256
263	2017-01-01		10	257
264	2017-01-01		10	258
265	2017-01-01		10	259
266	2017-01-01		10	260
267	2017-01-01		10	261
268	2017-01-01		10	262
269	2017-01-01		10	263
270	2017-01-01		10	264
271	2017-01-01		10	265
272	2017-01-01		10	266
273	2017-01-01		10	267
274	2017-01-01		10	268
275	2017-01-01		10	269
276	2017-01-01		10	270
277	2017-01-01		10	271
278	2017-01-01		10	272
279	2017-01-01		10	273
280	2017-01-01		10	274
281	2017-01-01		10	275
282	2017-01-01		10	276
283	2017-01-01		10	277
284	2017-01-01		10	278
285	2017-01-01		10	279
286	2017-01-01		10	280
287	2017-01-01		10	281
288	2017-01-01		10	283
289	2017-01-01		10	284
290	2017-01-01		10	285
291	2017-01-01		10	286
292	2017-01-01		10	287
293	2017-01-01		10	288
294	2017-01-01		10	289
295	2017-01-01		10	290
296	2017-01-01		10	291
297	2017-01-01		10	292
298	2017-01-01		10	293
299	2017-01-01		10	294
300	2017-01-01		10	295
301	2017-01-01		10	296
302	2017-01-01		10	297
303	2017-01-01		10	298
304	2017-01-01		10	299
305	2017-01-01		10	300
306	2017-01-01		10	301
307	2017-01-01		10	302
308	2017-01-01		10	303
309	2017-01-01		10	304
310	2017-01-01		10	305
311	2017-01-01		10	306
312	2017-01-01		10	307
313	2017-01-01		10	308
314	2017-01-01		10	309
315	2017-01-01		10	310
316	2017-01-01		10	311
317	2017-01-01		10	312
318	2017-01-01		10	313
319	2017-01-01		10	314
320	2017-01-01		10	315
321	2017-01-01		10	316
322	2017-01-01		10	317
323	2017-01-01		10	318
324	2017-01-01		10	319
325	2017-01-01		10	320
326	2017-01-01		10	321
327	2017-01-01		10	322
328	2017-01-01		10	323
329	2017-01-01		10	324
330	2017-01-01		10	325
331	2017-01-01		10	326
332	2017-01-01		10	327
333	2017-01-01		10	328
334	2017-01-01		10	329
335	2017-01-01		10	330
336	2017-01-01		10	331
337	2017-01-01		10	332
338	2017-01-01		10	333
339	2017-01-01		10	334
340	2017-01-01		10	335
341	2017-01-01		10	336
342	2017-01-01		10	337
343	2017-01-01		10	338
344	2017-01-01		10	339
345	2017-01-01		10	340
346	2017-01-01		10	341
347	2017-01-01		10	342
348	2017-01-01		10	343
349	2017-01-01		10	344
350	2017-01-01		10	345
351	2017-01-01		10	346
352	2017-01-01		10	347
353	2017-01-01		10	348
354	2017-01-01		10	349
355	2017-01-01		10	350
356	2017-01-01		10	351
357	2017-01-01		10	352
358	2017-01-01		10	353
359	2017-01-01		10	354
360	2017-01-01		10	355
361	2017-01-01		10	356
362	2017-01-01		10	358
363	2017-01-01		10	357
364	2017-01-01		10	359
365	2017-01-01		10	360
366	2017-01-01		10	361
367	2017-01-01		10	363
368	2017-01-01		10	364
369	2017-01-01		10	365
370	2017-01-01		10	362
371	2017-01-01		10	366
372	2017-01-01		10	368
373	2017-01-01		10	367
374	2017-01-01		10	189
\.


--
-- Name: priceid_seq; Type: SEQUENCE SET; Schema: public; Owner: lims
--

SELECT pg_catalog.setval('priceid_seq', 374, true);


--
-- Data for Name: product; Type: TABLE DATA; Schema: public; Owner: lims
--

COPY product (productid, code, name, punitid, limitqty, exp1, exp2, productgroupid) FROM stdin;
484		ანტიბიოტიკების დისკები: AMIKACIN	8	0	\N	\N	9
483		ანტიბიოტიკების დისკები: AMOXYCILLIN	8	0	\N	\N	9
482		ანტიბიოტიკების დისკები: AMPICILLIN	8	0	\N	\N	9
485		ანტიბიოტიკების დისკები: CEFOTAXIME	8	0	\N	\N	9
477		ანტიბიოტიკების დისკები: CEFTRIAXONE	8	0	\N	\N	9
478		ანტიბიოტიკების დისკები: COTRIMOZOLE	8	0	\N	\N	9
476		ანტიბიოტიკების დისკები: DOXYCYCLINE	8	0	\N	\N	9
480		ანტიბიოტიკების დისკები: ERITROMYCIN	8	0	\N	\N	9
481		ანტიბიოტიკების დისკები: GENTAMICIN	8	0	\N	\N	9
486		ანტიბიოტიკების დისკები: OXACILLIN	8	0	\N	\N	9
474		ანტიბიოტიკების დისკები: PENICILIN	8	0	\N	\N	9
479		ანტიბიოტიკების დისკები: RIFAMPICIN	8	0	\N	\N	9
475		ანტიბიოტიკების დისკები: STREPTOMYCIN	8	0	\N	\N	9
2	08010C	ბაქტერია  Ralstonia solanacearum დეტექციის პჯრ ნაკრები	13	0	\N	\N	10
3	08138PC	ბაქტერია Erwinia amylovora  დეტექციის პჯრ ნაკრები	13	0	\N	\N	10
271	Tetracore TC-9032-064	 თურქული    ვირუსული გენომის აღმოჩენა	12	0	\N	\N	11
33		 კრისტალ-ვიოლეტ-პექტატის აგარი	24	0	\N	\N	11
211		 პალადიუმის ხსნარი (მოდიფიკატორი  5% H3NO3-ში)	17	0	\N	\N	11
566		 უკუ პრაიმერი XeR	20	0	\N	\N	11
350		 ფოსფორმჟავა H3PO4 (მოდიფიკატორი 0,1%)	17	0	\N	\N	11
379	5' -ATT ggA CAC gAg ACg CAA Tg-3'  Sigma	 ფრინველის გრიპი ვირუსული გენომის აღმოჩენა: H5; probe 	8	0	\N	\N	11
22		 ციკლოჰექსამიდი	24	0	\N	\N	11
262		"ფადებაზ" აბი	24	0	\N	\N	11
423		1,2 დიამინოეთანდიჰიდროქლორიდი	4	0	\N	\N	11
47	32205	1,2-დიქლორეთანი	17	0	\N	\N	11
23		2,3,5-ტრიფენილტეტრაზოლიუმის ქლორიდი	24	0	\N	\N	11
177	D12404925	24LEB 	13	0	\N	\N	11
422		4-ამინობენზენ სულფინამიდი	4	0	\N	\N	11
69	AM2616	50 bp DNA ladder	20	0	\N	\N	11
153	610015	ALOA აგარი	13	0	\N	\N	11
63	152675	APLV- კარტოფილის ლატენტური (“ანდიური”) ვირუსის Das Elisa-ს სრული ნაკრები "APLV Elisa complete kit 480” 	13	0	\N	\N	11
180	0335P	ATCC 25923 ოქროსფერი სტაფილოკოკი	13	0	\N	\N	11
182	610237	ATCC 25923ლისტერია მონოციტოგენეზი	13	0	\N	\N	11
110		ATCC 29544 შტამი ენტერობაქტერია საკაზაკიი	14	0	\N	\N	11
458		B anthracis  პოლისაქარიდის მიმართსპეციფიური ლიოფირიზირებული ფლორესენციის იზოთიოციანითან მონოკლონური  ანტისხეულების კონიუგატი	4	0	\N	\N	11
158	610623	B.cereus საბაზო აგარი	13	0	\N	\N	11
523		Bacillus cereus-ATCC შტამი	4	0	\N	\N	11
526		Bact .mallei--ATCC შტამი	4	0	\N	\N	11
281		BCYE-აგარი	17	0	\N	\N	11
392	Part N   52044	BSA ultrapure  ambion non acatylated	8	0	\N	\N	11
41		CCFTNB-დანამატი	24	0	\N	\N	11
524		Cl.septikum--ATCC შტამი	4	0	\N	\N	11
98		Cmm- სწრაფი დეტექციის კიტი (LOEWE)	12	0	\N	\N	11
97		Cms- სწრაფი დეტექციის კიტი (LOEWE)	12	0	\N	\N	11
40		CNNP-დანამატი	24	0	\N	\N	11
462		co2 - ის პაკეტი	8	0	\N	\N	11
500		CSA (Columbia sheep blood agar)	4	0	\N	\N	11
453		DAKO	4	0	\N	\N	11
150	610009	DG 18	13	0	\N	\N	11
409	Cat #  52906	DNA საექსტრაქციო კიტი	7	0	\N	\N	11
394	80021	dNTP  Qiagen 	8	0	\N	\N	11
183	4017352	DRBG აგარი	13	0	\N	\N	11
408	Cat #  69506	Ea-აგრისტრიპი	7	0	\N	\N	11
541		Erysipelothrix insidiosa	4	0	\N	\N	11
525		Esherichia coli--ATCC შტამი	4	0	\N	\N	11
159	610098	ESIA აგარი	13	0	\N	\N	11
509		FITC მონიშნული ბოცვრის ანტიგენი 	4	0	\N	\N	11
510		FITC ჰემაგლუტინაციის ბუფერფხვნილი	4	0	\N	\N	11
50	S400 06.1	Foodproof Peanut detection Kit -5'Nucleas	13	0	\N	\N	11
51	12280050	Foodproof Sample Preparation Kit III	13	0	\N	\N	11
116	cat # 9938	Absolut ethanol  სპირტი	17	0	\N	\N	12
162	D 14368501	ALOA აგარი სუპლიმენტი	13	0	\N	\N	9
531		Francisella tularensis -6223 ATCC შტამი	4	0	\N	\N	11
71	4466336	GeneJET Plant Genomic DNA Purification Mini Kit 	13	0	\N	\N	11
95	122372	GLRaV-1 ვირუსის Das Elisa-ს სრული ნაკრები 12. „GLRaV-1 Elisa complete kit 960” 	13	0	\N	\N	11
96		GLRaV-3  ვირუსის Das Elisa-ს სრული ნაკრები „GLRaV-3 Elisa complete kit 960	13	0	\N	\N	11
532		Haemophilus influenzae ATCC შტამი	4	0	\N	\N	11
562	  A8274(E08)	ITS5 5 პრაიმერი	20	0	\N	\N	11
538		Klebsiella  ATCC შტამი	4	0	\N	\N	11
68	10416014	L ასკორბინის მჟავა ( L-Ascorbic acid )	13	0	\N	\N	11
8		L-ცისტეინი	17	0	\N	\N	11
527		Listeria -19111 ATCC შტამი	4	0	\N	\N	11
536		Melissococcus plutonius ATCC შტამი	4	0	\N	\N	11
393	Cat # 201900	MgCl2      invitrogen	8	0	\N	\N	11
178	610077	MP ნიადაგი	13	0	\N	\N	11
501		MYPGP აგარი(Mueller-Hinton broth,Yeast exsract,Potassium posphate,Glucose and Pyruvate)	4	0	\N	\N	11
535		P.Larvae ATCC შტამი	4	0	\N	\N	11
522		Pasteurella multocida-ATCC შტამი	4	0	\N	\N	11
406		Phosphate Buffered Saline pH 7.4(PBS)	13	0	\N	\N	11
571	L1211(F06)  	PITSp4 პრაიმერი	20	0	\N	\N	11
57	12532-016	PITSr3 პრაიმერი	20	0	\N	\N	11
502		PLA (Paenibacillus Larvae agar)	4	0	\N	\N	11
62	110975	PMTV-  კარტოფილის მოპ-ტოპ ვირუსის Das Elisa-ს სრული ნაკრები4. „PMTV Elisa complete kit 480” 	13	0	\N	\N	11
537		Proteus- ATCC შტამი	4	0	\N	\N	11
530		Pseudomonas aeruginosa ATCC შტამი	4	0	\N	\N	11
52	15585011	PureLink Pure Viral RNA/DNA  Mini kit  	13	0	\N	\N	11
49	R 302 63	PureLink Quick PCR purification kit 	13	0	\N	\N	11
61	113075	PVM -  კარტოფილის ვირუსი M -ის Das Elisa-ს სრული ნაკრები . „PVM   Elisa complete kit 480”	13	0	\N	\N	11
59	110575	PVX- კარტოფილის ვირუსი Y -ის Das Elisa-ს სრული ნაკრები  . „PVX   Elisa complete kit 480” ;  	13	0	\N	\N	11
60	 110275	PVY- კარტოფილის ვირუსი Y -ის Das Elisa-ს სრული ნაკრები PVY   Elisa complete kit 480” ; ;  “PVY	13	0	\N	\N	11
190	Ref # 10966-083	QIAGEN OneStep RT-PCR Enzyme Mix	18	0	\N	\N	11
122		QuEChERS საექსტრაქციო მარილების ნარევი (6 გ მაგნიუმის სულფატი MgSO4, 1.5 g ნატრიუმის აცეტატი CH3COONa)	12	0	\N	\N	11
410		RNA საექსტრაქციო კიტი	7	0	\N	\N	11
391	Cat # 2616	Rnase Out Ribonuclease infibitor; invitrogen;	8	0	\N	\N	11
99		Rs- სწრაფი დეტექციის კიტი (LOEWE)	12	0	\N	\N	11
30		Rs-აგრისტრიპი	24	0	\N	\N	11
539		Salmonella ATCC შტამი	4	0	\N	\N	11
540		Salmonella typhimurium ATCC შტამი	4	0	\N	\N	11
528		ST-1 -  ATCC შტამი	4	0	\N	\N	11
529		Staphylococcus aureus-ATCC შტამი	4	0	\N	\N	11
533		Streptococus ATCC შტამი	4	0	\N	\N	11
189	Ref #     210212	SuperScript One-Step RT-PCR with Platinim RT/Taq1 Box Master mix	18	0	\N	\N	11
118	REF V3125	TAE ბუფერი 	17	0	\N	\N	11
191		Taq platinium DNA polymerase	18	0	\N	\N	11
157	610114	TBX აგარი	13	0	\N	\N	11
64	190175	ToMV- პომიდვრის მოზაიკის ვირუსის Das Elisa-ს სრული ნაკრები" ToMV Elisa complete kit 480”"	13	0	\N	\N	11
65	  161175 	TSWV- პომიდვრის ლაქიანობის და ჭკნობის ვირუსის Das Elisa-ს სრული TSWV Elisa complete kit 480” 	13	0	\N	\N	11
196		TTC 1% ხსნარი	17	0	\N	\N	11
449		tween 20	4	0	\N	\N	11
504		VRBL აგარი	4	0	\N	\N	11
66	G4251	WMV-2- საზამთროს მოზაიკის ვირუსის Das Elisa-ს სრული ნაკრები "WMV-2  Elisa complete kit 480”	13	0	\N	\N	11
141	4011162	XLD აგარი	13	0	\N	\N	11
4	08009C	Xylophilus ampelinus დეტექციის პჯრ ნაკრები	13	0	\N	\N	11
534		Yersinia pseudotuberculosis- ATCC შტამი	4	0	\N	\N	11
74		აგარი (Liofilchem)	17	0	\N	\N	11
119	cat # 15585011	აგაროზა	17	0	\N	\N	11
55	15593-031	აგაროზა (Ultra Pure Agarose)  	17	0	\N	\N	11
78		საკვები ბულიონი (Liofilchem)	17	0	\N	\N	11
221		ავტოსემპლერის  ვიალები 2 მლ 	8	0	\N	\N	11
220		ავტოსემპლერის ვიალები 2 მლ	8	0	\N	\N	11
192		ავტოსემპლერის ვიალის მიკრო ჩასადგამი (250 მკლ)	8	0	\N	\N	11
416		ავტოსემპლერის ვიალის სეპტა	8	0	\N	\N	11
173	M1776	აზიდ დექტროზას ბულიონი	13	0	\N	\N	11
114		აზოტი (99,9995% სისუფთავის)	15	0	\N	\N	11
115		აზოტი,  99,9995% სისუფთავის	15	0	\N	\N	11
243		აზოტმჟავა	24	0	\N	\N	11
231		აზოტმჟავა   ვერცხლი	23	0	\N	\N	11
213		აზოტმჟავა HNO3, trace metals grade, (ρ=1.4 გ/მლ)	17	0	\N	\N	11
247		აზოტმჟავა ვერცხლი 	24	0	\N	\N	11
256		აზოტმჟავა კონც.	24	0	\N	\N	11
468		აკრიფლავინი	4	0	\N	\N	11
328		ალუმინ კალიუმის შაბი	19	0	\N	\N	11
339		ამიაკი	19	0	\N	\N	11
303		ამიაკი 25%-იანი	19	0	\N	\N	11
309		ამიაკის 25%-ანი ხსნარი	19	0	\N	\N	11
317		ამიკი	19	0	\N	\N	11
308		ამოიუმის ქლორიდი	19	0	\N	\N	11
17		ამონიუმ-რკინის სულფატი	24	0	\N	\N	11
106		ამონიუმის  როდანიდი 0.1მოლ	14	0	\N	\N	11
307		ამონიუმის აცეტატი	19	0	\N	\N	11
549		ამონიუმის ნიტრატი	4	0	\N	\N	11
431		ამონიუმის როდანიდი 0.05Nფიქსონალი	4	0	\N	\N	11
13		ამონიუმის ფოსფატი ერთჩანაცვლებული	24	0	\N	\N	11
24		ამონიუმის ქლორიდი	24	0	\N	\N	11
340		ამონიუმის ქლორიდი 	19	0	\N	\N	11
550		ამონიუმისგვარჯილა	4	0	\N	\N	11
396	5131022	ანტიბიოტიკ ქლორანფენიკოლის დანამატი	22	0	\N	\N	11
70	K0791	არა აცეტილირებული ულტრა სისუფთავის ხარის შრატის ალბუმინი (Ultra pure BSA , non acetylatrd) არა აცეტილირებული	20	0	\N	\N	11
67	95210	აღდგენილი l-glutationi (L-Glutathione Reduced)	17	0	\N	\N	11
203		აცეტონი (ქრომატოგრაფიული სისუფთავის)	17	0	\N	\N	11
216		აცეტონი (ქრომატოგრაფიული სისუფთავის) 	17	0	\N	\N	11
197		აცეტონიტრილი (ქრომატოგრაფიული სისუფთავის)	17	0	\N	\N	11
142	4021452	ბაირდ პარკერის აგარი	13	0	\N	\N	11
516		ბაირდ-პარკერის აგარი	4	0	\N	\N	11
228		ბალზამი	23	0	\N	\N	11
338		ბარიუმის ქლორიდი	19	0	\N	\N	11
73		ბაქტერიოლოგიური აგარი (Biolife)	17	0	\N	\N	11
164	D 11000157	რეაგენტების ნაკრები E.COLI O157h7	13	0	\N	\N	11
167	D 12762689	რეაგენტების ნაკრები ენტერობაქტერია საკაზაკიისათვის	13	0	\N	\N	11
166	D 11801836	რეაგენტების ნაკრები ვიბრიო პარაჰაემოლიტიკუსისათვის	13	0	\N	\N	11
165	D12863877	რეაგენტების ნაკრები ლისტერია მონოციტოგენეზისათვის	13	0	\N	\N	11
168	271030	რეაგენტების ნაკრები ოქროსფერი სტაფილოკოკისათვის 	13	0	\N	\N	11
163	D 12404903	რეაგენტების ნაკრები სალმონელასთვის	13	0	\N	\N	11
412		ბამბა	8	0	\N	\N	12
418		ხელთათმანი	8	0	\N	\N	12
545		ბენზიდინის ფხვნილი	4	0	\N	\N	11
434		ბენზოლი	4	0	\N	\N	11
519		ბეტა-ლაქტამაზა	4	0	\N	\N	11
487		ბისმუტსულფიდ აგარი	4	0	\N	\N	11
274		ბლუთანგი	12	0	\N	\N	11
19		ბორის მჟავა	24	0	\N	\N	11
517		ბოცვრის მშრალი ციტრირებული პლაზმა	4	0	\N	\N	11
511		ბოცვრის ნორმალური შრატი	4	0	\N	\N	11
397	423700	ბოცვრის პლაზმის ფიბრინოგენი	22	0	\N	\N	11
151	610059	ბრილიანტის მწვანეს აგარი	13	0	\N	\N	11
443		ბრომთიმოლი	4	0	\N	\N	11
27		ბრომკრეზოლი მწვანე 	24	0	\N	\N	11
469		ბრუცელას სააგლუტინაციო შრატი	4	0	\N	\N	11
461		ბრუცელოზ ბულიონი	4	0	\N	\N	11
185	Ref# target 2 3841;    Ref # target 3 3887;  Biofire	ბრუცელოზი ბაქტერიული გენომის აღმოჩენა	13	0	\N	\N	11
518		ბურილის ბულიონი	4	0	\N	\N	11
139	4021852	ბუფერულ-პეპტონიანი წყალი 	13	0	\N	\N	11
421		ბუფერული ხსნარი 10.01	4	0	\N	\N	11
294		ბუფერული ხსნარი 4.01	19	0	\N	\N	11
420		ბუფერული ხსნარი 7.01	4	0	\N	\N	11
10		გალაქტოზა	24	0	\N	\N	11
447		გამა ფაგი	4	0	\N	\N	11
546		გამოხდილი წყალი	4	0	\N	\N	11
395	81017	გლიცერინი	22	0	\N	\N	11
558	A8274 (D07)	გლიცერინი    50%	4	0	\N	\N	11
249		კალიუმის პერმანგანატი	24	0	\N	\N	11
555		გლიცერინი /აბუსალათინის ზეთი	4	0	\N	\N	11
283		გლიცერინი 99.5%-იანი	24	0	\N	\N	11
551		გლიცერინის წყალხსნარი 50%	4	0	\N	\N	11
81		გლუკოზა	17	0	\N	\N	11
44	4466335	გმო  სკრინინგის კიტი (TaqMan™ GMO Screening Kit	13	0	\N	\N	11
72		გმო ექსტრაქციის კიტი (GMO extraction kit)	13	0	\N	\N	11
300		გოგირგმჟავა 	19	0	\N	\N	11
238		გოგირდმჟავა	24	0	\N	\N	11
219		გოგირდმჟავა (ანალიზური სისუფთავის)	17	0	\N	\N	11
109	89138	გოგირდმჟავა 0.1ნ	14	0	\N	\N	11
236		გოგირდმჟავა კონც.	24	0	\N	\N	11
112		გოგირდმჟავა ფიქსონალი  0.1ნ	14	0	\N	\N	11
258		გოგირდჟავა 	24	0	\N	\N	11
235		გრამის სარებავების ნაკრები	24	0	\N	\N	11
450		გრამის საღებავი	4	0	\N	\N	11
161	101415210	გულ-ტვინის საინფუზიო ბულიონი	13	0	\N	\N	11
455		გულის ინფუზორული ბულიონი	4	0	\N	\N	11
200		დანსილ ქლორიდი, ACS ხარისხი	17	0	\N	\N	11
349		დარიშხანის   სტანდარტული ხსნარი, 1000 მგ/ლ 	17	0	\N	\N	11
154	4020462	დეზოქსიქოლატ ციტრატ ლაქტოზის აგარი	13	0	\N	\N	11
207		დემეკლოციკლინის ჰიდროქლორიდის სტანდარტი	17	0	\N	\N	11
415		დიეთილის ეთერი	4	0	\N	\N	11
202		დიეთილის ეთერი (ქრომატოგრაფიული სისუფთავის)	17	0	\N	\N	11
433		დიტიზონი	4	0	\N	\N	11
46		დნმ-ის ექტრაქციის კიტი (Easy−DNA™ Kit)	13	0	\N	\N	11
299		ედეტა ნატრიუმის	19	0	\N	\N	11
359		ევან ბლუ	8	0	\N	\N	11
48	K31002	ეთანოლი 99.8% (Ethanol absolute)	17	0	\N	\N	11
553		ეთერინიკიფოროვის ნარევი	4	0	\N	\N	11
120		ეთიდიუმ ბრომიდი	17	0	\N	\N	11
53	9003-39-8	ეთიდიუმის ბრომიდი (Ethidium Bromide)	17	0	\N	\N	11
320		ეთილის სპირტი	19	0	\N	\N	11
542		ეთილის სპირტი    70%	4	0	\N	\N	11
488		ენდო	4	0	\N	\N	11
227		ეოზინი	23	0	\N	\N	11
337		ერიოქრომ შავი	19	0	\N	\N	11
491		ეშერიხია კოლის პოლივალენტური შრატი (5მლ-50მკლ)	4	0	\N	\N	11
399	03-OX	ვანკომიცინის დანამატი	22	0	\N	\N	11
250		ვერცხლის ნიტრატი	24	0	\N	\N	11
429		ვერცხლის ნიტრატი  0.05ნ	4	0	\N	\N	11
428		ვერცხლის ნიტრატი 0.1 ნ	4	0	\N	\N	11
105		ვერცხლის ნიტრატი 0.1მოლ	14	0	\N	\N	11
404	39442	ვოგეს-პროსკაუერის რეაგენტი A	22	0	\N	\N	11
405	3813	ვოგეს-პროსკაუერის რეაგენტი B	22	0	\N	\N	11
470		თიონინის აგარი	4	0	\N	\N	11
435		თიოშარდოვანა	4	0	\N	\N	11
137		თურქული FMDV სეროტიპი A-სპეციფიური ანტისხეულების აღმომჩენი	16	0	\N	\N	11
138	4012782	თურქული FMDV სეროტიპი Asia 1 -სპეციფიური ანტისხეულების აღმომჩენი	16	0	\N	\N	11
496		სალმონელა შგელას აგარი	4	0	\N	\N	11
136		თურქული FMDV სეროტიპი O-სპეციფიური ანტისხეულების აღმომჩენი	16	0	\N	\N	11
135		თურქულის არასტრუქტურული ცილების აღმომჩენი სადიაგნოსტიკო კიტი	16	0	\N	\N	11
239		იზოამილის სპირტი	24	0	\N	\N	11
265	Tetracore TC-9017-064	იზოპროპანოლი	17	0	\N	\N	11
31		იმერსიული ზეთი	24	0	\N	\N	11
347		კადმიუმის სტანდარტული ხსნარი, 1000 მკ/ლ	17	0	\N	\N	11
302		კალიალუმინის შაბი 	19	0	\N	\N	11
304		კალიალუმო -ნატრიუმის ღვინისმჟავა(სეგეტის მარილი)	19	0	\N	\N	11
313		კალიუმ ალუმინის შაბი	19	0	\N	\N	11
240		კალიუმის ბიქრომატრი	24	0	\N	\N	11
324		კალიუმის ბრომატი	19	0	\N	\N	11
334		კალიუმის ბრომიდი                                                                   	19	0	\N	\N	11
251		კალიუმის იოდიდი	24	0	\N	\N	11
42	25666	კალიუმის კარბონატი	24	0	\N	\N	11
289		კალიუმის სულფატი	19	0	\N	\N	11
14		კალიუმის ფოსფატი ორჩანაცვლებული	24	0	\N	\N	11
32		კალიუმის ქლორიდი	24	0	\N	\N	11
430		კალიუმის ქლორიდი 0.05N ფიქსონალი	4	0	\N	\N	11
246		კალიუმის ქრომატი	24	0	\N	\N	11
255		კალიუმის ქრომმჟავა	24	0	\N	\N	11
327		კალიუმის ჰიდროქსიდი	19	0	\N	\N	11
15		კალიუმის ჰიდროქსიდი (KOH)	24	0	\N	\N	11
90		კალციუმის ნიტრატი ტეტრაჰიდრატი	17	0	\N	\N	11
91	   170572	კალციუმის ქლორიდი	17	0	\N	\N	11
88		კარტოფილ დექსტროზა საქაროზის აგარი	17	0	\N	\N	11
92	07069C	კარტოფილის მურა სიდამპლის გამომწვევი ბაქტერიის (Ralstonia solanacearum)  Das Elisa-ს სრული ნakrebi9. „Ralstonia solanacearum Elisa complete kit 960” ;	13	0	\N	\N	11
94	 120172  	კარტოფილის რგოლური სიდამპლის გამომწვევი ბაქტერიის (Clavibacter michiganensis. subsp. sepedonicus)  Das Elisa-ს სრული ნაკრები11. „Clavibacter michiganensis. subsp. sepedonicus Elisa complete kit 960”   	13	0	\N	\N	11
466		კატალაზა	4	0	\N	\N	11
497		კესლერი	4	0	\N	\N	11
490		კესლერის ბულიონი	4	0	\N	\N	11
432		კვარცის ქვიშა	4	0	\N	\N	11
398	81064	კვერცხის გულის დანამატი ტელურიტით	22	0	\N	\N	11
6		კინგის A აგარი	17	0	\N	\N	11
7		კინგის B აგარი	17	0	\N	\N	11
364	 5′ GGCGATGTCCATTCCCTG 3′) Sigma	კლიგლერის აგარი	8	0	\N	\N	11
241		კობალტის სულფატი	24	0	\N	\N	11
492		კოვაჩის რეაქტივი	4	0	\N	\N	11
354		კონიუგატი	8	0	\N	\N	11
188	Cat # Ref 10928-042	კონტაგიოზური ექთიმა 	13	0	\N	\N	11
234		კრისტალური ვიოლეტი	24	0	\N	\N	11
152	610601	კრისტალური იისფერი ნეიტრალური წითელის ნაღვლის გლუკოზის აგარი	13	0	\N	\N	11
140	4022082	კრისტალური იისფერი ნეიტრალური წითელის ნაღვლის ლაქტოზის აგარი	13	0	\N	\N	11
279		ლაქტოზა	17	0	\N	\N	11
264	15281601	ლაქტოფენოლი	24	0	\N	\N	11
489		ლევინა	4	0	\N	\N	11
506		ლივენშტეინ-იენსენის აგარი	4	0	\N	\N	11
325		ლიმონმჟავა ნატრიუმი	19	0	\N	\N	11
419		ლიმონმჟავა, ქიმიურად სუფთა	4	0	\N	\N	11
457		ლიოფილიზირებული B anthracis კაფსულის ანტიგენ სპეციფიური ფლუორესცეინის იზოთიოციანითან კონიუგირებული ანტისხეულები	4	0	\N	\N	11
170	4021662	ლისტერიას მოძრაობის დასადგენი ნიადაგი	13	0	\N	\N	11
547		ლუგოლის ხსნარი	4	0	\N	\N	11
101		მაგნიუმის სულფატი 0.05ნ	14	0	\N	\N	11
343		მაგნიუმის სულფატი MgSO4 უწყლო	17	0	\N	\N	11
445		მაგნიუმის სულფატის ფიქსონალი	4	0	\N	\N	11
25		მაგნიუმის ქლორიდი	24	0	\N	\N	11
9		მალტოზა მონოჰიდრატი	17	0	\N	\N	11
83		მანიტი (Biolife)	17	0	\N	\N	11
84		მანიტი (Oxford)	17	0	\N	\N	11
85	15525017	მანიტი (Scharlau)	17	0	\N	\N	11
174	KM9619	მარილიანი აგარი	13	0	\N	\N	11
248		მარილმჟავა	24	0	\N	\N	11
237		მარილმჟავა 	24	0	\N	\N	11
111		მარილმჟავა 0.1ნ	14	0	\N	\N	11
259		მარილმჟავა 10%	24	0	\N	\N	11
257		მარილმჟავა კონ.	24	0	\N	\N	11
201		მარილმჟავა კონცენტრირებული,  ACS ხარისხი	17	0	\N	\N	11
311		მარილმჟავა ჰიდროქსილამინი	19	0	\N	\N	11
495		მასტიტის კალიფორნიული ტესტი	4	0	\N	\N	11
209		მეთანოლი (ქრომატოგრაფიული სისუფთავის)	17	0	\N	\N	11
218		მეთანოლი (ქრომატოგრაფული სისუფთავის)	17	0	\N	\N	11
439		მეთილ- წითელი	4	0	\N	\N	11
440		მეთილენ-ლურჯი	4	0	\N	\N	11
224		მეთილენის ან ეთილის სპირტი-95 %	23	0	\N	\N	11
407		მეთილენის ლურჯი	7	0	\N	\N	11
28		მეთილენის წითელი	24	0	\N	\N	11
314		მეთილის ნარინჯი	19	0	\N	\N	11
437		მეთილის წითელი	4	0	\N	\N	11
291		მეთილნარინჯი	19	0	\N	\N	11
341		მიკრო ფილტრები 0,45 μm	25	0	\N	\N	11
361	552175	მიულერ-კაუფმანის ნიადაგი 	8	0	\N	\N	11
473		მიულერ-ჰინტონის აგარი	4	0	\N	\N	11
427		მჟაუნმჟავა	4	0	\N	\N	11
273	Tetracore TC-9031-064;     LSI VetMax BTV-NS3	მსხვილფეხა  საქონლის ჭირი ვირუსული გენომის აღმოჩენა	12	0	\N	\N	11
316		მურექსიდი	19	0	\N	\N	11
520		მურომცევის საღებავი	4	0	\N	\N	11
123		მყარფაზური ექსტრაქციის სვეტი Strata X 33 μm 500 მგ/ 6 მლ	8	0	\N	\N	11
12		ნალიდიქსინის მჟავა	24	0	\N	\N	11
86		ნატრიუმ დოდეცილსულფატი (Ultra Pure Sodium Dodecyl l Sulfate (SDS)-	17	0	\N	\N	11
556		ნატრიუმი/კალიუმის 10% ხსნარი	4	0	\N	\N	11
296		ნატრიუმის აზიდი	19	0	\N	\N	11
321		ნატრიუმის აცეტატი სამწყლიანი	19	0	\N	\N	11
452		ნატრიუმის ბიკარბონატი	4	0	\N	\N	11
18		ნატრიუმის თიოსულფატი	24	0	\N	\N	11
441		ნატრიუმის თიოსულფატი 0.1ნ	4	0	\N	\N	11
21		ნატრიუმის კარბონატი	24	0	\N	\N	11
26		ნატრიუმის ნიტრატი	24	0	\N	\N	11
322		ნატრიუმის ნიტრიტი	19	0	\N	\N	11
315		ნატრიუმის ოქსალატი	19	0	\N	\N	11
297		ნატრიუმის სალიცილატი	19	0	\N	\N	11
351		ნატრიუმის სულფატი (ანალიზური სისუფთავის)	17	0	\N	\N	11
310		ნატრიუმის სულფიდი	19	0	\N	\N	11
444		ნატრიუმის სულფიტი 0.05ნ	4	0	\N	\N	11
298		ნატრიუმის ტუტე	19	0	\N	\N	11
557		ნატრიუმის ტუტე  20%	4	0	\N	\N	11
312		ნატრიუმის ქლორიდი	19	0	\N	\N	11
335		ნატრიუმის ძმარმჟავა 3 წყლიანი 	19	0	\N	\N	11
344		ნატრიუმის ჰიდროკარბონატი, ACS ხარისხი 	17	0	\N	\N	11
208		ნატრიუმის ჰიდროფოსფატი, ქიმიურად სუფთა	17	0	\N	\N	11
290		ნატრიუმის ჰიდროქსიდი	19	0	\N	\N	11
425		ნატრიუმის ჰიდროქსიდი 	4	0	\N	\N	11
100		ნატრიუმის ჰიდროქსიდი (ფიქსონალი)	14	0	\N	\N	11
108		ნატრიუმის ჰიდროქსიდი 0.1 ნ	14	0	\N	\N	11
104		ნატრიუმის ჰიდროქსიდი 0.1ნ	14	0	\N	\N	11
543		ნატრიუმის ჰიპოქლორიტი 0.5%	4	0	\N	\N	11
505		ნაღველ ლაქტოზიანი აგარი ბრილიანტის მწვანით	4	0	\N	\N	11
148	4016042	ნაღველ ლაქტოზიანი ბულიონი ბრილიანტის მწვანეთი 2%	13	0	\N	\N	11
38		ნაღველ-ესკულინის დისკი	24	0	\N	\N	11
451		ნახევრად თხიერი აგარი	4	0	\N	\N	11
424		ნესლერის რეაქტივი	4	0	\N	\N	11
301		ნესლერის რექტივი	19	0	\N	\N	11
149	610238	ნიადაგი ვოგეს პროსკაუერის ტესტისთვის	13	0	\N	\N	11
184	Ref # 3829 BioFire	ნიადავი ვოგეს პროსკაუერის ტესტისთვის	13	0	\N	\N	11
20		ნიკოტინის მჟავა	24	0	\N	\N	11
179	0360P	ნიმუშების გასაზავებელი დილუენტი	13	0	\N	\N	11
130		ნიუკასლი ELISA ანტისხეულების კიტი	16	0	\N	\N	11
386	5’-AGCTGTTGCAACCCCAAG-3’   Sigma	ნიუკასლი Forward ვირუსული გენომის აღმოჩენა	8	0	\N	\N	11
388	NP3  GTCTCGGAAATCGCCTCACAGACT;  Sigma	ნიუკასლი Probe	8	0	\N	\N	11
387	5’-FAM-AAGCGTTTCTGTCTCCTTCCTCCA[BHQ]-3’  Sigma	ნიუკასლი Reverse	8	0	\N	\N	11
330		ნიშადურის სპირტი	19	0	\N	\N	11
270	Tetracore TC-9015-064	ნოდულარული დერმატიტი ვირუსული გენომის აღმოჩენა	12	0	\N	\N	11
242		ორთოფოსფორმჟავა	24	0	\N	\N	11
346		ორთოფოსფორმჟავა, ქიმიურად სუფთა	17	0	\N	\N	11
465		ოქსიდაზა	4	0	\N	\N	11
39		ოქსიდაზა დისკი	24	0	\N	\N	11
400	4240042	ოქსიდაზას დისკი	22	0	\N	\N	11
206		ოქსიტეტრაციკლინის სტანდარტი	17	0	\N	\N	11
144	4012972	პალკამ აგარი	13	0	\N	\N	11
401	4240044	პალკამ აგარის ანტიმიკრობული დანამატი	22	0	\N	\N	11
383	5’-CCTGAGGAGAGGCATTTGCTA-3’ Sigma	პარამიქსოვირუსები  ვირუსული გენომის აღმოჩენა- Forward	8	0	\N	\N	11
385	5’-GGTGAGTCTATCCGGARGATACAAG-3’  Sigma	პარამიქსოვირუსები Probe	8	0	\N	\N	11
384	5’-FAM-TTCTCTAGCAGTGGGACAGCCTGC[BHQ]-3’ Sigma	პარამიქსოვირუსები Reverse	8	0	\N	\N	11
1	08056	პარაფინი	8	0	\N	\N	11
292		პარაფინის ზეთი	19	0	\N	\N	11
417		პასტერის პიპეტი	8	0	\N	\N	11
82		პეპტონ-ტრიფტონის წყალი	17	0	\N	\N	11
363	551560	პეპტონიანი წყალი ტრიფტოფანით	8	0	\N	\N	11
232		პირაგალოლის   მჟავა	23	0	\N	\N	11
565		პირდაპირი XeF	20	0	\N	\N	11
574		პირდაპირი XvF	20	0	\N	\N	11
567	52365	პირდაპირი და უკუ პრაიმერი XvF XvR	20	0	\N	\N	11
561	A8274(H04)	პირდაპირი პრაიმერი G1F	20	0	\N	\N	11
569	A8274(D09)	პირდაპირი პრაიმერი OL1	20	0	\N	\N	11
560	A8274(E07)	პირდაპირი პრაიმერი PAS1	20	0	\N	\N	11
572		პირდაპირი პრაიმერი PF1	20	0	\N	\N	11
559	A8274 (D10)  	პირდაპირი პრაიმერი Y2	20	0	\N	\N	11
446		პლეტ აგარი	4	0	\N	\N	11
54	16500100	პოლივინილპიროლიდონი (PVP40)	13	0	\N	\N	11
222		პოლიმიქსინ B-სულფატი	22	0	\N	\N	11
58	 110475	პჯრ ჩასატარებელი კიტი (Platinum® PCR Supermix High Fidelity	13	0	\N	\N	11
35		ჟელატინი	24	0	\N	\N	11
146	4014952	რაპაპორტ ვასილიადისის ნიადაგი	13	0	\N	\N	11
252		რეზორცინი	24	0	\N	\N	11
195		რეფერენს მასალა BCR-163	14	0	\N	\N	11
215		რეფერენს მასალა BCR-519	17	0	\N	\N	11
323		რკინა ამონიუმის შაბი	19	0	\N	\N	11
472		რკინა სულფიდ აგარი	4	0	\N	\N	11
306		რკინის სტანდარტი	19	0	\N	\N	11
515		რომანოვსკი გიმზა	4	0	\N	\N	11
554		რომანოვსკი-გიმზას სამუშაო ხსნარი	4	0	\N	\N	11
156	610224	საკვები აგარი	13	0	\N	\N	11
76		საკვები აგარი (Biolife)	17	0	\N	\N	11
77		საკვები აგარი (Liofilchem)	17	0	\N	\N	11
514		საკვები ბულიონი	4	0	\N	\N	11
79		საკვები ბულიონი (Biolife)	17	0	\N	\N	11
169	4017142	სალმონელას ლატექს აგლუტინაციის ტესტი	13	0	\N	\N	11
499		სალმონელას პოლივალენტური შრატი	4	0	\N	\N	11
463		სამშაქრიანი რკინის აგარი	1	0	\N	\N	11
75		საფუვრის ექსტრაქტის აგარი	17	0	\N	\N	11
11		საქაროზა	24	0	\N	\N	11
318		სახამებელი	19	0	\N	\N	11
305		სეგნეტის მარილი	19	0	\N	\N	11
288		სელენი	19	0	\N	\N	11
498		სელენიტის ბულიონი	4	0	\N	\N	11
494		სელექტიური დანამატი	4	0	\N	\N	11
513		სელექტიური ნიადაგი:Yeaste Extract;K2PO4;Cysteine,Glucose ან Fructose,Soluble starch,Agar	4	0	\N	\N	11
87		სიმინდის აგარი	17	0	\N	\N	11
37		სიმონს-ციტრატის აგარი	24	0	\N	\N	11
275		სისხლიანი აგარი SBA	8	0	\N	\N	11
155	4018102	სლანეტ ბარტლის აგარი	13	0	\N	\N	11
280		სოიას პეპტონი 	17	0	\N	\N	11
45	45−0424	სოიას რაოდენობრივი განსაზღვრის კიტიTaqMan™ Roundup Ready™ Soya Quantification   	13	0	\N	\N	11
436		სოიო	4	0	\N	\N	11
287		სპილენძის სულფატი	19	0	\N	\N	11
411		სპირტი	4	0	\N	\N	11
276		სტრეპტომიცინი	17	0	\N	\N	11
230		სუდან III	23	0	\N	\N	11
117	lot 126289	სუფთა წყალი 	17	0	\N	\N	11
285		სუფრის მარილი (NaCl)	24	0	\N	\N	11
277		ტეტრაციკლინი ჰიდროქლორიდი	17	0	\N	\N	11
204		ტეტრაციკლინის სტანდარტი	17	0	\N	\N	11
438		ტოლუოლი	4	0	\N	\N	11
103		ტრილონ ბ	14	0	\N	\N	11
107		ტრილონ ბ ფიქსონალი	14	0	\N	\N	11
345		ტრილონ ბ, ქიმიურად სუფთა	17	0	\N	\N	11
102		ტრილონი `b~ 0.1ნ	14	0	\N	\N	11
171	4013862	ტრიფტო სოიოს აგარი საფუარის ექსტრაქტით	13	0	\N	\N	11
187	Bioingentech  Cat.# VET-0024-96D	ტულარემია ბაქტერიული გენომის აღმოჩენა	13	0	\N	\N	11
160	610008	ტუტე პეპტონიანი წყალი	13	0	\N	\N	11
464		ტყვიის აცეტატის სტრიპი	4	0	\N	\N	11
348		ტყვიის სტანდარტული ხსნარი, 1000 მკ/ლ	17	0	\N	\N	11
570	A8274(H05)	უკუ პრაიმერი PASR	20	0	\N	\N	11
564		უკუ პრაიმერი PR1	20	0	\N	\N	11
573		უკუ პრაიმერი XvR	20	0	\N	\N	11
563	L1211(F08)	უკუ პრაომერი G1R	20	0	\N	\N	11
5		უნივერსალური „ნესთედ“პჯრ ნაკრები phytoplasma 	13	0	\N	\N	11
89		უნივერსალური ლუდის აგარი	17	0	\N	\N	11
467		ურია აგარი 	4	0	\N	\N	11
460		ფარელის სელექტიური ნიადაგი 	1	0	\N	\N	11
29		ფენოლ-წითელი	24	0	\N	\N	11
80		ფენოლ-წითელი ბულიონი	17	0	\N	\N	11
284		ფენოლი	24	0	\N	\N	11
336		ფენოლფტალეინი	19	0	\N	\N	11
331		ფენოფლატეინი	19	0	\N	\N	11
319		ფენოფტალეინი	19	0	\N	\N	11
333		ფენოფტალეინი 1%	19	0	\N	\N	11
332		ფენოფტალეინის სპირტხსნარი	19	0	\N	\N	11
357		ფერადი ანტიგენი რძის რგოლური რეაქციისთვის	8	0	\N	\N	11
225		ფიზიოლოგიური ხსნარი	23	0	\N	\N	11
456		ფიზიოლოგიური ხსნარი 	4	0	\N	\N	11
414		ფილტრი (რულონი)	21	0	\N	\N	11
413		ფილტრის ქაღალდი (150 მმ დიამეტრის)	8	0	\N	\N	11
503		ფინჯანზე დასათვლელი აგარი	4	0	\N	\N	11
143	4016042	ფინჯნებზე დასათვლელი აგარი	13	0	\N	\N	11
36		ფიტო-Xcv-აგარი 	24	0	\N	\N	11
34		ფიტოკაზეინის ჰიდროლიზატ-საფუვრის ექსტაქტის აგარი 	24	0	\N	\N	11
229		ფორმალინი	23	0	\N	\N	11
282		ფორმალინი 40%-იანი	24	0	\N	\N	11
223		ფორმალინის 40%	23	0	\N	\N	11
454		ფოსფატური ბუფერი 	4	0	\N	\N	11
147	4012652	ფრაიზერის ბულიონი	13	0	\N	\N	11
402	4240043	ფრაიზერის ბულიონის ნახევრად სელექტიური დანამატი	22	0	\N	\N	11
403	29333	ფრაიზერის ბულიონის სელექტიური დანამატი	22	0	\N	\N	11
493		ფრაიზერის ნახევრად სელექტიური დანამატი	4	0	\N	\N	11
377	5' -ACg TAT gAC TAT CCA CAA TAC TCA-3'  sigma	ფრინველის გრიპი ვირუსული გენომის აღმოჩენა: H5; forward 	8	0	\N	\N	11
378	5' -FAM-TCA ACA gTg gCg AgT TCC CTA gCA-TAMRA-3' sigma	ფრინველის გრიპი ვირუსული გენომის აღმოჩენა: H5; Reverse 	8	0	\N	\N	11
376	5' -ACg TAT gAC TAT CCA CAA TAC TCA-3'  sigma	ფრინველის გრიპი ვირუსული გენომის აღმოჩენა: მატრიქსი;  probe	8	0	\N	\N	11
374	5' -TgC AAA AAC ATC TTC AAg TCT CTg-3';  Sigma	ფრინველის გრიპი ვირუსული გენომის აღმოჩენა: მატრიქსი; forward	8	0	\N	\N	11
375	5' -FAM-TCA ggC CCC CTC AAA gCC gA-TAMRA-3'  Sigma	ფრინველის გრიპი ვირუსული გენომის აღმოჩენა: მატრიქსი; Reverse	8	0	\N	\N	11
380	5' -TTC TgA gTC CgC AAg ATC TAT Tg-3'  Sigma	ფრინველის გრიპი: H7 forward ვირუსული გენომის აღმოჩენა	8	0	\N	\N	11
382	5’-AGTGATGTGCTCGGACCTTC-3’  Sigma	ფრინველის გრიპი: H7 probe	8	0	\N	\N	11
381	5' -FAM-TAA TgC TgA gCT gTT ggT ggC-TAMRA-3' Sigma	ფრინველის გრიპი: H7 reverse	8	0	\N	\N	11
129		ფრინველის გრიპის ანტისხეულების აღმომჩენი კიტი	16	0	\N	\N	11
471		ფუქსინიანი აგარი	4	0	\N	\N	11
286		ქლორამფენიკოლის  სტანდარტი	17	0	\N	\N	11
214		ქლორამფენიკოლის შინაგანი სტანდარტი, ქლორამფენიკოლი d5	17	0	\N	\N	11
193		ქლორორგანული პესტიციდების სტანდარტული ხსნარი 1000 მკლ/მლ	14	0	\N	\N	11
56	A8274(H06)	ქლოროფორმ/ფენოლ/იზოამილი 	17	0	\N	\N	11
43	4466334	ქლოროფორმი	17	0	\N	\N	11
205		ქლორტეტრაციკლინის ჰიდროქლორიდის სტანდარტი	17	0	\N	\N	11
268	Tetracore TC-9029-064	ქოთაო ბაქტერიული გენომის აღმოჩენა	12	0	\N	\N	11
127		ქოთაოს ანტისხეულების აღმომჩენი კიტი	16	0	\N	\N	11
362	551891	ქრისტენსენის აგარი	8	0	\N	\N	11
254		ქრომმჟავა კალიუმი	24	0	\N	\N	11
245		ქრომოგენ შავი	24	0	\N	\N	11
145	4019812	ქრომოგენული აგარი კოლიფორმების	13	0	\N	\N	11
278		ქსილოზა	17	0	\N	\N	11
459		ქსილოლი	4	0	\N	\N	11
358		ქუ ცხელების ანტისხეულების აღმომჩენი IFA სლაიდი	8	0	\N	\N	11
128		ქუ ცხელების ანტისხეულების აღმომჩენი კიტი	16	0	\N	\N	11
368	5'-CCC CGA ATC TCA TTG ATC AGC-3'  Eurofins Genomic	ქუ-ცხელება  ბაქტერიული გენომის აღმოჩენა  forward	8	0	\N	\N	11
370	  5’ – GGA GTG GTG CAG GGA ATT TG - 3; Invitogen	ქუ-ცხელება probe	8	0	\N	\N	11
369	FAM-AGC GAA CCA TTG GTA TCG GAC GTT TAT GG-Tamra;   Eurofins Genomic	ქუ-ცხელება reverse	8	0	\N	\N	11
266	Tetracore TC-9057-064	ღორის აფრიკული ცხელება ვირუსული გენომის აღმოჩენა	12	0	\N	\N	11
132		ღორის აფრიკული ცხელების ანტისხეულის აღმომჩენი კიტი	16	0	\N	\N	11
267	Tetracore TC-9033-064	ღორის კლასიკური ცხელება ვირუსული გენომის აღმოჩენა	12	0	\N	\N	11
131		ღორის კლასიკური ცხელების ანტისხეულის აღმომჩენი კიტი	16	0	\N	\N	11
233		ყინულოვანი   ძმარმჟავა	23	0	\N	\N	11
253		ყინულოვანი ძმარმჟავა	24	0	\N	\N	11
263		ყინულოვანი ძმარმჟავა 	24	0	\N	\N	11
260		ყინულოვანი ძმრმჟავა	24	0	\N	\N	11
373	5' -AgA TgA gTC TTC TAA CCg  AggTCg-3'; Sigma	ყირიმ კონგოს ჰემორაგიული ცხელება probe	8	0	\N	\N	11
372	5’ – FAM – CAA AGG CAA GTA CAT CAT – MBG; Laskar LMPER  LTD.	ყირიმ კონგოს ჰემორაგიული ცხელება Reverse	8	0	\N	\N	11
512		ჰიპერიმუნური ბოცვრის ანტისხეულები	4	0	\N	\N	11
371	5’ – CAG GGC GGG TTG AAA GC – 3’ Invitogen	ყირიმ კონგოს ჰემორაგიული ცხელება ვირუსული გენომის აღმოჩენა Forward	8	0	\N	\N	11
172	4011052	შაქრიანი ბულიონი	13	0	\N	\N	11
507		შოკოლადისებრი აგარი	4	0	\N	\N	11
134		შრატში ბრუცელას ანტისხეულების აღმომჩენი FPA კიტი	16	0	\N	\N	11
133		შრატში ბრუცელას სახეობების ანტისხეულების აღმომჩენი ELISA კიტი  (ID VET)	16	0	\N	\N	11
352		ცენტრიფუგის სინჯარები 15 მლ	8	0	\N	\N	11
342		ცენტრიფუგის სინჯარები 15, 50 მლ.	8	0	\N	\N	11
353		ცენტრიფუგის სინჯარები 50 მლ	8	0	\N	\N	11
508		ცეფამიზინის დისკი	4	0	\N	\N	11
217		ციკლოჰექსანი (ქრომატოგრაფიული სისუფთავის)	17	0	\N	\N	11
548		ცინკის სულფატის ხსნარი	4	0	\N	\N	11
356		ცხენის ინფექციურ ანემიის აღმომჩენი დიაგნოსტიკუმი	8	0	\N	\N	11
355		ცხენის ტრიპანოზომაზე გამოსაკვლევი დიაგნოსტიკუმი	8	0	\N	\N	11
448		ცხენის შრატი 	4	0	\N	\N	11
366	5′ CAATGGGTAAAAGATTTCTA 3′  AB 5462894-i	ცხვრის და თხის ყვავილი და ნოდულარული დერმატიტი ვირუსული გენომის აღმოჩენა: Reverse	8	0	\N	\N	11
367	 5'-GTC TTA AGG TGG GCT GCG TG-3'; Eurofins Genomic	ცხვრის და თხის ყვავილი და ნოდულარული დერმატიტი ვირუსული გენომის აღმოჩენა:probe	8	0	\N	\N	11
269	Tetracore TC-9029-064	ცხვრის და თხის ყვავილი ვირუსული გენომის აღმოჩენა	12	0	\N	\N	11
365	5′ AGCATTTCATTTCCGTGAGGA 3′ Sigma	ცხვრის და თხის ყვავილი ნოდულარული დერმატიტი ვირუსული გენომის აღმოჩენა: Forward	8	0	\N	\N	11
194		ცხიმოვანი მჟავების სტანდარტული ნარევი 	14	0	\N	\N	11
124		ძაღლის ცოფის საწინააღმდეგო იმუნოგლობულინ G-ს აღმომჩენი	16	0	\N	\N	11
295		ძმარმჟავა	19	0	\N	\N	11
360	551745	ძმარმჟავა (Acetic acid  A6283)99%	17	0	\N	\N	11
426		ძმარმჟავა ტყვიის ნაჯერ ხსნარში გაჟღენთილი ფილტრის ქაღალდი	8	0	\N	\N	11
552		ძმარმჟავა- წყალხსნარი 1%	4	0	\N	\N	11
272	Tetracore TC-9030-064	წვრილფეხა საქონლის ჭირი ვირუსული გენომის აღმოჩენა	12	0	\N	\N	11
389	NP4 CCTCCTCCTGGTCCTCCAGAATCT;     Sigma	წვრილფეხა საქონლის ჭირი ვირუსული გენომის აღმოჩენა PPR  Forward	8	0	\N	\N	11
390	Part N: 100000840	წვრილფეხა საქონლის ჭირი ვირუსული გენომის აღმოჩენა PPR  Reverse	8	0	\N	\N	11
521		წითელი ქარის ჰიპერიმუნური  შრატი	4	0	\N	\N	11
125		წრპ ჭირის ანტიგენის აღმომჩენი კიტი	16	0	\N	\N	11
126		წრპ ჭირის ანტისხეულების აღმომჩენი კიტი	16	0	\N	\N	11
121		წყალბადი 99,9995 % სისუფთავის	8	0	\N	\N	11
293		წყალბადის ზეჟანგი	19	0	\N	\N	11
544		წყალბადის ზეჟანგი 3%	4	0	\N	\N	11
329		წყალბადის ზეჟანგი 33%	19	0	\N	\N	11
212		წყალბადის პეროქსიდი H2O2	17	0	\N	\N	11
210		ჭიანჭველმჟავა 98%	17	0	\N	\N	11
93	07064C	ხეხილის სიდამწვრის გამომწვევი ბაქტერიის (Erwinia amylovora) Das Elisa-ს სრული ნაკრებიErwinia amylovora Elisa complete kit 960” ; 	13	0	\N	\N	11
442		ხსნადი სახამებელი	4	0	\N	\N	11
261		ხსნადი სახამებელი                                                       	24	0	\N	\N	11
186	Part N: target 1-3880; Part #:  target 2-3882	ჯილეხი ბაქტერიული გენომის აღმოჩენა	13	0	\N	\N	11
113		ჰელიუმი (99,9999% სისუფთავის)	15	0	\N	\N	11
226		ჰემატოქსილინი	23	0	\N	\N	11
568	A8274 (D06) 	ჰექსადეცილტრიმეთილამონიუმის ბრომიდი(CTAB)	13	0	\N	\N	11
198		ჰექსანი (ქრომატოგრაფიული სისუფთავის)	17	0	\N	\N	11
244		ჰიდროქსილამონიუმის ქლორიდი	24	0	\N	\N	11
175	KM9623	ჰისის ნიადაგი მანიტით 	13	0	\N	\N	11
176	CM 1154	ჰისის ნიადაგი რამნოზით	13	0	\N	\N	11
199		ჰისტამინის დიჰიდროქლორიდი, ≥99%	17	0	\N	\N	11
326		ჰოდროქსილამინი ქლორიდი	19	0	\N	\N	11
181	0277P	ATCC 25922 ეშერიხია კოლი	13	0	\N	\N	11
16		3-ნატრიუმის ციტრატი	24	0	\N	\N	11
\.


--
-- Data for Name: productgroup; Type: TABLE DATA; Schema: public; Owner: lims
--

COPY productgroup (productgroupid, parentid, name, code, companyid) FROM stdin;
2	\N	რეაგენტები	1000	2
9	2	ანტიბიოტიკები		2
10	2	ბაქტერიები		2
11	2	რეაგენტი		2
12	\N	სახარჯი მასალა		2
\.


--
-- Name: productgroupid_seq; Type: SEQUENCE SET; Schema: public; Owner: lims
--

SELECT pg_catalog.setval('productgroupid_seq', 12, true);


--
-- Name: productid_seq; Type: SEQUENCE SET; Schema: public; Owner: lims
--

SELECT pg_catalog.setval('productid_seq', 574, true);


--
-- Data for Name: productunit; Type: TABLE DATA; Schema: public; Owner: lims
--

COPY productunit (productid, punitid, amount) FROM stdin;
\.


--
-- Data for Name: punit; Type: TABLE DATA; Schema: public; Owner: lims
--

COPY punit (punitid, name) FROM stdin;
1	გრამი
4	მილილიტრი
6	კაფსულა
7	ყუთი
8	ცალი
11	ფირფიტა
12	პაკეტი
13	კოლოფი
14	ამპულა
15	ბალონი
16	კიტი
17	ბოთლი
18	კომპლექტი
19	კომტეინერი
20	მიკროსინჯარა
21	რულონი
22	ფლაკონი
23	ქილა
24	ჭურჭელი
25	პარკი
\.


--
-- Name: punitid_seq; Type: SEQUENCE SET; Schema: public; Owner: lims
--

SELECT pg_catalog.setval('punitid_seq', 25, true);


--
-- Data for Name: rejectreason; Type: TABLE DATA; Schema: public; Owner: lims
--

COPY rejectreason (rejectreasonid, name) FROM stdin;
1	საკვლევი დაავადებისთვის შეუსაბამო ნიმუში
2	არასაკმარისი რაოდენობის ნიმუში
3	სხვადასხვა სახის საკვლევი ნიმუშების ერთ ნიმუშად მიღება
4	დაგვიანებული ტრასპორტირება
5	ტრანსპორტირებამდე არასწორად შენახული ნიმუში (მაცივრის გარეშე)
6	ტრანსპორტირებისას დარღვეული ტემპერატორული რეჟიმი
7	არასწორი შეფუთვა
8	ყუთი არ არის მარკირებული/არასწორად მარკირებული
9	ნიმუში არ არის მარკირებული/ არასწორად მარკირებული
10	დაზიანებული/გატეხილი კონტეინერი
11	გაურკვეველი წარწერა (თუ არ შეგვიძლია წარწერის გაგება ტელეფონის საშუალებით)
12	გახრწნილი, ძველი ნიმუში (დაცემიდან დაგვიანებით აღებული)
13	დაბინძურებული ნიმუში (მექანიკურად)
14	კონტამინირებული (მომხმარებლის ინფორმაციით)
15	არასათანადო კონტეინერი 
16	 სისხლი შპრიცით
17	სისხლი შეუსაბამო  სინჯარებით - სხვადასხვა დაავადების კვლევისთვის საჭიროა სხვადასხვა სახის სინჯარით მოტანილი ნიმუში. უნდა იყოს შრატის, ჰეპარინიანი და ჩვ.მინის სინჯარა თავსახურით.)
18	 ჰემოლიზური ნიმუში  
19	საკვები პროდუქტების, მცენარეული ნიმუშების (თევზი, ხორცი, თესლი, ტუბერი  და სხვ.) არადამაკმაყოფილებელი ორგანოლეპტიკა (ფერი,სუნი, გემო, კონსისტენცია, დაობებული, დამპალი)
20	 რძე ადუღებული, გაფუჭებული (აჭრილი)    
21	წვნიანი ნაყოფების, ტუბერების, და ფოთლების გამოსაკვლევად შემოტანა  პოლიეთილენის პარკით.   
\.


--
-- Name: rejectreasonid_seq; Type: SEQUENCE SET; Schema: public; Owner: lims
--

SELECT pg_catalog.setval('rejectreasonid_seq', 1, false);


--
-- Data for Name: reseachstatushistory; Type: TABLE DATA; Schema: public; Owner: lims
--

COPY reseachstatushistory (reseachstatushistoryid, sampleitemreseachid, status, reason, method, statusdate, regbyid, regdate) FROM stdin;
\.


--
-- Name: reseachstatushistoryid_seq; Type: SEQUENCE SET; Schema: public; Owner: lims
--

SELECT pg_catalog.setval('reseachstatushistoryid_seq', 1, false);


--
-- Data for Name: restype; Type: TABLE DATA; Schema: public; Owner: lims
--

COPY restype (restypeid, name) FROM stdin;
1	ლოგიკური
2	რიცხვითი
3	ტექსტური
\.


--
-- Name: restypeid_seq; Type: SEQUENCE SET; Schema: public; Owner: lims
--

SELECT pg_catalog.setval('restypeid_seq', 3, true);


--
-- Data for Name: sampleitemreseach; Type: TABLE DATA; Schema: public; Owner: lims
--

COPY sampleitemreseach (sampleitemreseachid, contractsampleitemid, contractid, labtestid, price, regbyid, regdate, deleted, status, totalsubtest, parenttest, confirmation1id, confirmation2id, confirmation3id, daynum, institutionid) FROM stdin;
3	100000269	46	15	\N	5	2017-09-06 15:42:35.415784	f	1	2	\N	\N	\N	\N	2	\N
4	100000268	43	26	\N	5	2017-09-06 23:06:43.996961	f	1	0	\N	\N	\N	\N	2	\N
5	100000270	46	13	\N	5	2017-09-07 00:01:32.821552	f	1	0	\N	\N	\N	\N	2	\N
7	100000349	53	35	\N	5	2017-09-13 14:13:48.172568	f	1	0	\N	\N	\N	\N	2	\N
8	100000348	53	14	\N	5	2017-09-13 14:15:20.212996	f	1	0	\N	\N	\N	\N	2	\N
10	100000270	46	38	0	5	2017-09-14 12:18:28.989534	f	1	0	\N	\N	\N	\N	2	\N
11	100000373	52	81	0	5	2017-09-14 13:04:51.891293	f	1	0	\N	\N	\N	\N	2	\N
12	100000386	55	41	0	5	2017-09-14 17:36:02.712992	f	1	0	\N	\N	\N	\N	2	\N
13	100000386	55	201	0	5	2017-09-14 17:36:34.250627	f	1	0	\N	\N	\N	\N	2	\N
14	100000393	58	80	0	5	2017-09-14 17:59:01.694281	f	1	0	\N	\N	\N	\N	2	\N
15	100000393	58	81	0	5	2017-09-14 17:59:09.301926	f	1	0	\N	\N	\N	\N	2	\N
16	100000400	60	80	0	5	2017-09-14 18:14:28.788773	f	1	0	\N	\N	\N	\N	2	\N
17	100000400	60	81	0	5	2017-09-14 18:14:53.477465	f	1	0	\N	\N	\N	\N	2	\N
19	100000404	61	135	0	5	2017-09-14 19:18:26.220636	t	1	0	\N	\N	\N	\N	2	\N
21	100000332	46	135	0	5	2017-09-14 22:30:49.562057	f	1	0	\N	\N	\N	\N	2	\N
22	100000414	61	135	0	5	2017-09-14 23:38:28.320737	t	1	0	\N	\N	\N	\N	2	\N
18	100000403	61	38	0	5	2017-09-14 19:17:43.882425	t	1	0	\N	\N	\N	\N	2	\N
20	100000403	61	115	0	5	2017-09-14 21:49:44.199618	t	1	0	\N	\N	\N	\N	2	\N
24	100000420	62	96	10	5	2017-09-15 13:29:29.447497	f	1	0	\N	\N	\N	\N	2	\N
23	100000414	61	70	0	5	2017-09-14 23:38:58.75437	t	1	0	\N	\N	\N	\N	2	\N
27	100000420	62	48	10	5	2017-09-15 13:32:29.766143	f	1	0	\N	\N	\N	\N	2	\N
28	100000420	62	167	10	5	2017-09-15 13:32:42.746353	f	1	0	\N	\N	\N	\N	2	\N
31	100000415	61	142	10	5	2017-09-15 13:54:04.034047	f	1	0	\N	\N	\N	\N	2	\N
32	100000403	61	168	10	5	2017-09-15 13:55:12.550967	f	1	0	\N	\N	\N	\N	2	\N
30	100000414	61	135	10	5	2017-09-15 13:42:17.611291	t	1	0	\N	\N	\N	\N	2	\N
33	100000423	40	83	10	5	2017-09-15 13:58:13.959353	f	1	0	\N	\N	\N	\N	2	\N
34	100000426	40	9	10	5	2017-09-15 13:59:00.014954	f	1	0	\N	\N	\N	\N	2	\N
35	100000431	63	96	10	5	2017-09-15 14:46:46.909016	f	1	0	\N	\N	\N	\N	2	\N
36	100000431	63	167	10	5	2017-09-15 14:46:57.076896	f	1	0	\N	\N	\N	\N	2	\N
37	100000431	63	48	10	5	2017-09-15 14:47:05.95839	f	1	0	\N	\N	\N	\N	2	\N
40	100000436	65	81	10	5	2017-09-15 16:22:18.376323	t	1	0	\N	\N	\N	\N	2	\N
39	100000432	65	81	10	5	2017-09-15 16:22:03.279624	t	1	0	\N	\N	\N	\N	2	\N
41	100000436	65	80	10	5	2017-09-15 16:42:42.668896	f	1	0	\N	\N	\N	\N	2	\N
38	100000434	65	38	10	5	2017-09-15 16:21:46.72028	t	1	0	\N	\N	\N	\N	2	\N
9	100000269	46	38	0	5	2017-09-14 12:07:39.609389	f	1	0	3	\N	\N	\N	2	\N
6	100000269	46	24	\N	5	2017-09-07 00:02:02.879688	f	1	0	3	\N	\N	\N	2	\N
42	100000457	74	38	10	5	2017-09-19 10:50:30.016999	f	1	0	\N	\N	\N	\N	2	\N
43	100000454	74	135	10	5	2017-09-19 14:14:51.866241	f	1	0	\N	\N	\N	\N	2	\N
44	100000454	74	139	10	5	2017-09-19 14:16:06.291698	f	1	0	\N	\N	\N	\N	2	\N
45	100000454	74	135	10	5	2017-09-19 14:52:57.272204	f	1	0	\N	\N	\N	\N	2	\N
25	100000403	61	38	10	5	2017-09-15 13:30:03.923602	t	1	0	\N	\N	\N	\N	2	\N
26	100000419	61	81	10	5	2017-09-15 13:30:35.094942	t	1	0	\N	\N	\N	\N	2	\N
29	100000419	61	79	10	5	2017-09-15 13:37:54.145669	t	1	0	\N	\N	\N	\N	2	\N
46	100000419	61	70	10	5	2017-09-20 20:31:08.380031	f	1	0	\N	\N	\N	\N	2	\N
47	100000414	61	70	10	5	2017-09-20 20:31:08.380031	f	1	0	\N	\N	\N	\N	2	\N
48	100000469	75	139	10	5	2017-09-20 21:32:18.173411	f	1	0	\N	\N	\N	\N	2	\N
49	100000470	75	135	10	5	2017-09-20 21:34:45.19219	f	1	0	\N	\N	\N	\N	2	\N
50	100000473	77	70	10	5	2017-09-20 21:52:55.096006	f	1	0	\N	\N	\N	\N	2	\N
51	100000474	77	70	10	5	2017-09-20 21:52:55.096006	f	1	0	\N	\N	\N	\N	2	\N
52	100000475	77	135	10	5	2017-09-20 21:53:26.179787	f	1	0	\N	\N	\N	\N	2	\N
53	100000475	77	139	10	5	2017-09-20 21:53:46.809595	f	1	0	\N	\N	\N	\N	2	\N
55	100000480	78	81	10	5	2017-09-20 23:09:42.511969	f	1	0	\N	\N	\N	\N	2	\N
57	100000481	78	70	10	5	2017-09-21 00:27:53.726518	f	1	0	\N	\N	\N	\N	2	\N
58	100000481	78	70	10	5	2017-09-21 00:37:23.067299	f	1	0	\N	\N	\N	\N	2	\N
59	100000481	78	143	10	5	2017-09-21 00:44:08.195993	f	1	0	\N	\N	\N	\N	2	\N
54	100000478	78	81	10	5	2017-09-20 23:09:42.511969	t	1	0	\N	\N	\N	\N	2	\N
56	100000479	78	81	10	5	2017-09-20 23:09:42.511969	t	1	0	\N	\N	\N	\N	2	\N
60	100000479	78	139	10	5	2017-09-21 00:58:54.824211	f	1	0	\N	\N	\N	\N	2	\N
61	100000481	78	139	10	5	2017-09-21 00:58:54.824211	f	1	0	\N	\N	\N	\N	2	\N
65	100000482	78	81	10	5	2017-09-21 12:06:03.110115	f	1	0	\N	\N	\N	\N	2	\N
66	100000479	78	81	10	5	2017-09-21 12:06:03.110115	f	1	0	\N	\N	\N	\N	2	\N
67	100000481	78	81	10	5	2017-09-21 12:06:03.110115	f	1	0	\N	\N	\N	\N	2	\N
68	100000483	78	81	10	5	2017-09-21 12:06:03.110115	f	1	0	\N	\N	\N	\N	2	\N
64	100000483	78	325	10	5	2017-09-21 01:02:59.82364	t	1	0	\N	\N	\N	\N	2	\N
62	100000482	78	325	10	5	2017-09-21 01:02:00.290654	t	1	0	\N	\N	\N	\N	2	\N
63	100000482	78	325	10	5	2017-09-21 01:02:59.82364	t	1	0	\N	\N	\N	\N	2	\N
69	100000419	61	135	10	5	2017-09-22 11:04:30.88918	f	1	0	\N	\N	\N	\N	2	\N
70	100000414	61	135	10	5	2017-09-22 11:04:30.88918	f	1	0	\N	\N	\N	\N	2	\N
71	100000419	61	139	10	5	2017-09-22 11:14:17.264935	f	1	0	\N	\N	\N	\N	2	\N
72	100000414	61	139	10	5	2017-09-22 11:14:17.264935	f	1	0	\N	\N	\N	\N	2	\N
74	100000496	74	33	10	5	2017-09-22 15:18:38.686105	f	1	0	\N	\N	\N	\N	2	\N
73	100000496	74	31	10	5	2017-09-22 15:18:24.601113	t	1	0	\N	\N	\N	\N	2	\N
75	100000497	79	80	10	5	2017-09-22 15:25:05.19655	f	1	0	\N	\N	\N	\N	2	\N
76	100000497	79	81	10	5	2017-09-22 15:25:11.45286	f	1	0	\N	\N	\N	\N	2	\N
77	100000486	83	38	10	5	2017-09-22 15:38:16.446292	f	1	0	\N	\N	\N	\N	2	\N
78	100000486	83	38	10	5	2017-09-22 15:38:16.45585	f	1	0	\N	\N	\N	\N	2	\N
79	100000486	83	38	10	5	2017-09-22 15:38:16.463533	f	1	0	\N	\N	\N	\N	2	\N
80	100000494	74	30	10	5	2017-09-22 16:16:14.135709	f	1	0	\N	\N	\N	\N	2	\N
83	100000495	74	30	10	5	2017-09-22 16:16:14.168507	f	1	0	\N	\N	\N	\N	2	\N
84	100000494	74	33	10	5	2017-09-22 16:16:25.394857	t	1	0	\N	\N	\N	\N	2	\N
82	100000494	74	30	10	5	2017-09-22 16:16:14.168507	t	1	0	\N	\N	\N	\N	2	\N
86	100000495	74	33	10	5	2017-09-22 16:16:25.39482	t	1	0	\N	\N	\N	\N	2	\N
81	100000495	74	30	10	5	2017-09-22 16:16:14.135709	t	1	0	\N	\N	\N	\N	2	\N
85	100000494	74	33	10	5	2017-09-22 16:16:25.39482	t	1	0	\N	\N	\N	\N	2	\N
87	100000495	74	33	10	5	2017-09-22 16:16:25.394857	t	1	0	\N	\N	\N	\N	2	\N
89	100000496	74	30	10	5	2017-09-22 16:21:54.115011	f	1	0	\N	\N	\N	\N	2	\N
88	100000496	74	30	10	5	2017-09-22 16:21:54.093173	t	1	0	\N	\N	\N	\N	2	\N
\.


--
-- Name: sampleitemreseachid_seq; Type: SEQUENCE SET; Schema: public; Owner: lims
--

SELECT pg_catalog.setval('sampleitemreseachid_seq', 89, true);


--
-- Data for Name: sampleitemstatushistory; Type: TABLE DATA; Schema: public; Owner: lims
--

COPY sampleitemstatushistory (sampleitemstatushistoryid, contractsampleitemid, status, reason, method, statusdate, regbyid, regdate) FROM stdin;
1	100000270	2	ტესტირება	\N	\N	5	2017-09-04 23:04:25.341603
2	100000267	3	\N	1	\N	5	2017-09-04 23:09:33.892992
\.


--
-- Name: sampleitemstatushistoryid_seq; Type: SEQUENCE SET; Schema: public; Owner: lims
--

SELECT pg_catalog.setval('sampleitemstatushistoryid_seq', 2, true);


--
-- Data for Name: samplestatus; Type: TABLE DATA; Schema: public; Owner: lims
--

COPY samplestatus (samplestatusid, name, companyid) FROM stdin;
1	მიმდინარე	2
2	დაწუნებული	2
3	განადგურებული	2
4	გადაგზავნილი	2
\.


--
-- Data for Name: sampletype; Type: TABLE DATA; Schema: public; Owner: lims
--

COPY sampletype (sampletypeid, name, companyid) FROM stdin;
1	ბალანი	2
2	არაჟანი	2
3	ბაღჩეული კულტურები	2
4	ბიო-სუბსტრატი	2
5	ბიო-სუბსტრატი (სოკოზე, ჰიდროპონიკაზე სამუშაოდ)	2
6	ბოსტნეული	2
7	ბოსტნეული ახალი	2
8	ბოსტნეული ახლად გაყინული	2
9	ბოსტნეული მწვანე და ფოთლოვანი	2
10	ბოსტნეული, ბოსტნეული მწვანე და ფოთლოვანი, ახალი, ახლად გაყინული და მათი გადამუშავების პროდუქტები	2
11	ბუნებრივი ხვრელებიდან გამონადენი	2
12	გარნირები 	2
13	დაზიანებული და ნეკროზული ქსოვილი	2
14	ვაზი	2
15	თავის და ზურგის ტვინი	2
16	თაფლი	2
17	თევზი	2
18	თევზი გამხმარი, მზეზე გამოყვანილი, შებოლილი, დამარილებული, მარინადში ჩადებული და თევზის სხვა პროდუქცია საკვებად დამზადებული	2
19	თევზი და თევზის პროდუქტები	2
20	თევზი ცოცხალი, გაცივებული, გაყინული, ფარში, ფილე, ნახევარფაბრიკატები	2
21	თევზის კონსერვები და პრესერვები	2
22	თევზის ქვირითი და მისგან მიღებული პროდუქცია	2
23	იონჯა (თესლი)	2
24	კაკალი ნატურალური (ნუში, კაკალი, არაქისი, თხილი, ქოქოსი)	2
25	კაკლოვნები	2
26	კანის ანაფხეკი	2
27	კანის ფუფხი	2
28	კარაქი, ღორის ქონი, შინაური ფრინველის ქონი	2
29	კარტოფილი	2
30	კენკროვანი კულტურები	2
31	კერძები თევზის	2
32	კერძები კვერცხის	2
33	კერძები ფრინველის, გარეული ფრინველის, ბოცვრის	2
34	კერძები ხაჭოსი	2
35	კერძები ხორცის და ხორცის პროდუქტების	2
36	კვერცხი და მისი გადამუშავების პროდუქტები (კვერცხი, მელანჟი)	2
37	კონსერვები რძის (რძე შესქელებული და კონცენტრირებული)	2
38	კონსერვები სუბპროდუქტებისაგან, მ.შ. პაშტეტის (ყველა სახეობის საკლავი და სარეწაო ცხოველების)	2
39	კულტურა	2
40	კუჭ-ნაწლავი	2
41	ლეში	2
42	ლიმფა	2
43	ლულოვანი ძვალი	2
44	მაკარონის ნაწარმი	2
45	მარცვლოვანი კულტურები	2
46	მარცვლოვნები (თესლი)	2
47	მკვდარი თევზი	2
48	მოგდებული ნაყოფი	2
49	მუცლის და გულმკერდის ღრუს ექსუდატი	2
50	მუცლისა და გულმკერდის ღრუს ექსუდატი	2
51	მცენარეული და ცხოველური ზეთები (ყველა სახეობის)	2
52	მცენარეული ზეთების გადამუშავების პროდუქტები (მარგარინები, კულინარული ცხიმები, მაიონეზები)	2
53	მცენარეული მასალა	2
54	ნაღები - ნედლეული	2
55	ნაყინი	2
56	ნაცხი	2
57	ნაცხი - კლოაკალური	2
58	ნაცხი - ნაზალური	2
59	ნაცხი (თვალის და ცხვირის/ოკულარული&ნაზალური)	2
60	ნაცხი -ვაგინალური	2
61	ნაცხი -ტრაქეის	2
62	ნახველი	2
63	ნიადაგი	2
64	ნიადაგი (გარემოს ნიმუში)	2
65	პათ. მასალა	2
66	პარენქიმული ორგანოები	2
67	პარკოსანი კულტურები	2
68	პარკოსანი კულტურები (თესლი)	2
69	პარკოსნების თესლი, მ.შ. ბარდა, ლობიო, ცულისპირა, უგრეხელი, მუხუდო, სოია;\nბურღული, ქუმელი, ფანტელა	2
70	პომიდორი	2
71	პური, ფუნთუშეული და ერბოზელილი ნაწარმი	2
72	რძე	2
73	რძე - ნედლეული	2
74	რძე და რძის პროდუქტები	2
75	რძე პასტერიზებული	2
76	რძე სტერილიზებული და ნადუღი	2
77	რძემჟავა სასმელები 	2
78	რძემშრალი პროდუქტები, ნაღები, (ნარევი ნაყინებისათვის) 	2
79	საკვები პროდუქტები	2
80	საკლავი ცხოველების სუბპროდუქტები, გაცივებული, გაყინული (ღვიძლი, თირკმელი, ენა, ტვინი, გული, საკვები სისხლი და სხვ.)	2
81	სალათები ნედლი, მოხარშული და მოშუშული ბოსტნეულის და ხილის	2
82	სალათები ხორცის, ფრინველის, თევზის, შაშხეულისა და ა.შ. დამატებით	2
83	სანაყოფე სითხე	2
84	სარეველა მცენარეები	2
85	სასახსრე სითხე	2
86	სასმელი წყალი (ცენტრალიზებული, არაცენტრალიზებული, დაფასოებული)	2
87	სასურსათო მარცვლეული (მ.შ. ხორბალი, ჭვავი, ტრიტიკალე, შვრია, ქერი, ფეტვი, წიწიბურა, ბრინჯი, სიმინდი, სორგო)	2
88	სიმინდი (თესლი)	2
89	სისხლი	2
90	სისხლი (შრატი)	2
91	სოკოს კულტურა	2
92	სპერმა	2
93	სუბტროპიკული კულტურები (ხურმა, ჩაი, დაფნა, ლეღვი, კივი..)	2
94	სუნელები და სანელებლები	2
95	სურსათი	2
96	სურსათი, რომელიც შეიცავს მცენარეულ ზეთებს და ცხიმებს	2
97	სურსათი/ ცხოველთა საკვები	2
98	ტექნიკური კულტურები	2
99	ტექნიკური კულტურები (თესლი)	2
100	ტკიპა	2
101	ტროპიკული კულტურები (ბანანი, მანგო, ავოკადო..)	2
102	ტყის და დეკორატიული მცენარეები	2
103	ფეკალია	2
104	ფეკალური მასა	2
105	ფრინველი, მათ შორის ნახევარ-ფაბრიკატები, ახალი, გაცივებული, გაყინული (ყველა სახე-ობის საკლავი, სარეწაო და გარეული ფრინველი)	2
106	ფრინველის ლეში	2
107	ფრინველის ხორცისაგან დამზადებული ძეხვეულის ნაწარმი, კულინარული ნაწარმი	2
108	ფუტკარი	2
109	ფუტკარი (ბარტყები)	2
110	ფქვილი და ბურღულეული	2
111	ფქვილი ხორბლის ( მ.შ. მაკარონის ნაწარმისათვის), შვრიის, ტრიტი-კალის, ქერის, ფეტვის, ბრინჯის, წიწიბურას, ბარდას, სორგოს, სოიოს, სიმინდის	2
112	ფქვილის საკონდიტრო ნაწარმი	2
113	ყავა	2
114	ყველი კვეთის და მდნარი	2
115	ყური	2
116	შარდი	2
117	შაქრიანი საკონდიტრო ნაწარმი: შოკოლადი, კარამელი, კანფეტები, ირისი, ჰალვა, მარმელადი, ზეფირი, გრილიაჟი, საღეჭი რეზინი და ა.შ	2
118	შენახული პროდუქტები (ჩირი, ჩურჩხელა, ჩირი, ქიშმიში, ჩაი, ...)	2
119	ჩაი	2
120	ჩვილ ბავშვთა საკვები	2
121	ჩირქი	2
122	ცივი წვნიანი კერძები	2
123	ციტრუსები	2
124	ცხელი წვნიანი კერძები	2
125	ცხოველთა საკვები	2
126	ცხოველის თავის ტვინი	2
127	ცხოველის ლეში	2
128	ცხოველის ჩლიქი	2
129	ძეხვეულის ნაწარმი, დაშაშხული, კულინარული ნაწარმი ხორცისაგან	2
130	წყალი	2
131	ხაჭო და ხაჭოს ნაწარმი	2
132	ხახვის თესლი	2
133	ხე-მცენარეები (თესლი)	2
134	ხეხილი	2
135	ხეხილი (თესლოვნები)	2
136	ხეხილი (კურკოვნები)	2
137	ხილი და ბოსტნეული	2
138	ხილი, კენკრა, ყურძენი სწრაფად გაყინული და მათი გადამუშავების პროდუქტები	2
139	ხორცი	2
140	ხორცი, მათ შორის ნახევარფაბრიკატები, ახალი, გაცივებული, გაყინული (საკლავი, სარეწი და გარეული ცხოველების ყველა სახეობა)	2
141	ჰაერი (ექსპოზირებული საკვებ ნიადაგიანი პეტრის ფინჯანი)	2
\.


--
-- Name: sampletypeid_seq; Type: SEQUENCE SET; Schema: public; Owner: lims
--

SELECT pg_catalog.setval('sampletypeid_seq', 141, true);


--
-- Data for Name: standard; Type: TABLE DATA; Schema: public; Owner: lims
--

COPY standard (standardid, name, description) FROM stdin;
1	გოსტი 12042–80	
2	32189-2013	
3	945:46:920:115:930:30	
4	AOAC 2007.01	
5	Clinica Veterinary Microbiology.Second Edition.2013 წ.გვ 128-132	
6	Clinica Veterinary Microbiology.Second Edition.2013 წ.გვ112-115	
7	Clinica Veterinary Microbiology.Second Edition.2013 წ.გვ180-182	
8	EN 13804:2003	
9	EN 13805:2003	
10	EN 14083-2013	
11	Europ.Commit.on Antimicr.Suscept.Testing.Breakpoint tables for interpr.of MICs and zone diametrs.Ver.4.0,2014	
12	ISO 15304:2002	
13	Official Journal of the EU Annex XX (L88/97)	
14	Болезни и вред.пчел с основами микробиол.В.И. Полтев и Е.В.Нешатаева.1970г.გვ 79	
15	Болезни и вред.пчел с основами микробиол.В.И. Полтев и Е.В.Нешатаева.1970г.გვ 85	
16	Лаб.иссл. в вет.-спр.Б.И.Антонов и др.1985 г.ст.177-181	
17	Лаб.иссл. в вет.-спр.Б.И.Антонов и др.1985 г.ст209-212	
18	Лаб.иссл. в вет.Б.И.Антонов и П.Н. Блинова.1971г.ст 143	
19	Лаб.иссл. в вет.Б.И.Антонов и П.Н. Блинова.1971г.ст 153-154	
20	Лаб.иссл. в вет.Б.И.Антонов и П.Н. Блинова.1971г.ст 37-39	
21	Лаб.иссл. в вет.Б.И.Антонов и П.Н. Блинова.1971г.ст 84-87	
22	Лаб.иссл. в вет.Б.И.Антонов и П.Н. Блинова.1971г.ст49	
23	ბიოცდა	
24	გოსტ 10856-96	
25	გოსტ 13586.5-2015	
26	გოსტ 26808-86	
27	გოსტ 26829-86	
28	გოსტ 27207-87	
29	გოსტ 27670-88	
30	გოსტ 31954-2012 (ისო 6059:1984	
\.


--
-- Name: standardid_seq; Type: SEQUENCE SET; Schema: public; Owner: lims
--

SELECT pg_catalog.setval('standardid_seq', 30, true);


--
-- Data for Name: stock; Type: TABLE DATA; Schema: public; Owner: lims
--

COPY stock (stockid, parentid, name, companyid) FROM stdin;
1	\N	ძირითადი	2
3	1	დამხმარე მასალები	2
9	1	აფთიაქი	2
\.


--
-- Name: stockid_seq; Type: SEQUENCE SET; Schema: public; Owner: lims
--

SELECT pg_catalog.setval('stockid_seq', 9, true);


--
-- Data for Name: stockmovement; Type: TABLE DATA; Schema: public; Owner: lims
--

COPY stockmovement (stockmovementid, stockid, operdate, productid, operid, quantity, unitprice, parentid, curquantity, mstockid, mcontragentid, testresultid, testresultquantity, invoiceid, note, regbyid, regdate, expdate1, expdate2) FROM stdin;
\.


--
-- Name: stockmovementid_seq; Type: SEQUENCE SET; Schema: public; Owner: lims
--

SELECT pg_catalog.setval('stockmovementid_seq', 1, false);


--
-- Data for Name: testcategory; Type: TABLE DATA; Schema: public; Owner: lims
--

COPY testcategory (testcategoryid, name, companyid) FROM stdin;
1	ნებისმიერი განყოფილება	2
8	ბაქტერიოლოგია	2
2	ენტომოლოგია	2
5	ზოგადი ქიმია	2
6	ინსტრუმენტალური კვლევები	2
7	მიკრობიოლოგიური კვლევები	2
4	მოლეკულური ბიოლოგია	2
9	ვირულოსოლოგია და მოლეკულური ბიოლოგია	2
10	პათ. მორფოლოგია და პარაზიტოლოგია	2
3	ფიტოპათოლოგია	2
11	ცოფის დიაგნოსტიკა	2
\.


--
-- Name: testcategoryid_seq; Type: SEQUENCE SET; Schema: public; Owner: lims
--

SELECT pg_catalog.setval('testcategoryid_seq', 11, true);


--
-- Data for Name: testgroup; Type: TABLE DATA; Schema: public; Owner: lims
--

COPY testgroup (testgroupid, labtestid) FROM stdin;
15	357
15	358
363	362
\.


--
-- Data for Name: transitsampleitem; Type: TABLE DATA; Schema: public; Owner: lims
--

COPY transitsampleitem (transitsampleitemid, contractsampleitemid, locationid, outside, transitdate, transittime, container, receiver, researcher, personals, regbyid, regdate, status) FROM stdin;
\.


--
-- Name: transitsampleitemid_seq; Type: SEQUENCE SET; Schema: public; Owner: lims
--

SELECT pg_catalog.setval('transitsampleitemid_seq', 1, false);


--
-- Data for Name: trlib; Type: TABLE DATA; Schema: public; Owner: lims
--

COPY trlib (trlibid, langid, phraseid, phrase) FROM stdin;
492	1	\N	კოდი
497	1	\N	სახელი
502	1	\N	ქართული
507	2	482	Administration
512	2	479	Lab Test Groups
517	2	488	Warning! This will reset all your widget settings.
522	2	493	Export
527	2	503	English
532	2	471	Supplies
537	2	472	Stock Operations
542	2	453	Password
547	2	450	Registration
552	2	497	Name
557	2	452	Enter your LoginID
562	2	500	Group
567	1	\N	გვერდი დამუშავების პროცესშია
574	1	\N	პროდუქტის ერთეული
579	1	\N	პროდუქტის ერთეულები
584	1	\N	მილიგრამი
589	1	\N	შეკვრა
594	1	\N	ავტომატური ხარჯი
599	1	\N	ტიპი
604	1	\N	ინტერნეტის მის.
609	1	\N	-- ყველა --
614	1	\N	ინდივიდუალური მეწარმე
619	1	\N	ფიზიკური პირი
624	1	\N	არ აქვს
629	1	\N	პროდუქტ(ებ)ის გაცემა
634	2	600	ID Number
639	2	585	Capsule
644	2	619	Physical person
649	2	580	Gramm
654	2	607	Note
659	2	625	Unit
664	2	612	Unregistered Connection (Union)
669	2	582	Litre
674	2	581	Kilogramm
679	2	628	Product In by Products
684	2	623	Amount Limit
689	2	621	
694	1	\N	ძველი პაროლი
699	1	\N	ეკრანის ცენტრში
704	1	\N	განათებული
709	1	\N	გახსნამდე
715	1	\N	თარიღი
720	1	\N	სულ ფასი
725	1	\N	შენახვა
730	1	\N	ახალი პროდუქტის დამატება
776	1	\N	პროდუქტის წაშლა:
779	1	\N	ახალი ქვეჯგუფის დამატება ჯგუფში:
783	1	\N	დარწმუნებული ხართ რომ გინდათ ჯგუფის წაშლა?
788	1	\N	ბალონი
792	1	\N	კომტეინერი
796	1	\N	ქილა
800	1	\N	1,2 დიამინოეთანდიჰიდროქლორიდი
804	1	\N	24LEB 
808	1	\N	50 bp DNA ladder
812	1	\N	ALOA აგარი
816	1	\N	APLV- კარტოფილის ლატენტური (“ანდიური”) ვირუსის Das Elisa-ს სრული ნაკრები "APLV Elisa complete kit 480” 
820	1	\N	ATCC 25923ლისტერია მონოციტოგენეზი
824	1	\N	ATCC 29544 შტამი ენტერობაქტერია საკაზაკიი
828	1	\N	B.cereus საბაზო აგარი
832	1	\N	ანტიბიოტიკების დისკები: AMOXYCILLIN
836	1	\N	ანტიბიოტიკების დისკები: COTRIMOZOLE
840	1	\N	ანტიბიოტიკების დისკები: OXACILLIN
844	1	\N	ბაქტერია Erwinia amylovora  დეტექციის პჯრ ნაკრები
848	1	\N	ბამბა
852	1	\N	ტექნიკური მომსახურება
856	1	\N	ჯგუფის შეცვლა
860	1	\N	ბაქტერიები
864	1	\N	DG 18
868	1	\N	Ea-აგრისტრიპი
872	1	\N	Foodproof Peanut detection Kit -5'Nucleas
876	1	\N	L ასკორბინის მჟავა ( L-Ascorbic acid )
880	1	\N	PITSp4 პრაიმერი
884	1	\N	PureLink Quick PCR purification kit 
888	1	\N	Rnase Out Ribonuclease infibitor; invitrogen;
892	1	\N	ააიპ 107-ე საბავშვო ბაგა ბაღი
896	1	\N	ქ. თბილისი ნუცუბიძის მე-4 ფერდ. 
900	1	\N	თინათინ ბარბაქაძე
904	1	\N	ააიპ 198 საბავშო ბაგა _ბაღი
908	1	\N	თამარი მარღიშვილი
912	1	\N	ააიპ 213-ე საბავშვო ბაგა ბაღი
1003	1	\N	რ.კ. ,,მთია"
493	1	\N	ექსპორტი
498	1	\N	ფაილი
503	1	\N	ინგლისური
508	2	456	-- SELECT --
518	2	458	National Centre of Decease Control and Public Health
523	2	484	Position
528	2	492	Code
533	2	486	Menu
538	2	468	Test Requests
543	2	469	Test Results
548	2	477	Reporting
553	2	457	Laboratory Of The Ministry Of Agriculture
558	2	454	Enter Password
563	2	495	
568	2	564	Collapse Menu
575	1	\N	საწყობები
580	1	\N	გრამი
585	1	\N	კაფსულა
590	1	\N	ფირფიტა
595	1	\N	პროდუქციის მიღება
600	1	\N	საიდ. კოდი/პირ. ნომ.
605	1	\N	კონტაქტი
610	1	\N	ადმინისტრაციული ორგანო (საჯარო სამართლის იურიდიული პირი)
615	1	\N	კომანდიტური საზოგადოება
620	1	\N	შეზღუდული პასუხისმგებლობის საზოგადოება (შ.პ.ს.)
625	1	\N	ერთეული
630	1	\N	პროდუქტ(ებ)ის ჩამოწერა
635	2	574	Product Unit
640	2	599	Type
645	2	624	N/A
650	2	575	Stocks
655	2	596	Move to another stock
660	2	617	Joint Stock Company (JSC)
665	2	597	Receive from another stock
670	2	587	Piece
675	2	591	Package
680	2	608	Suppliers
685	2	598	Expired product
690	1	\N	პროფილის სურათის შეცვლა
695	1	\N	ახალი პაროლი
700	1	\N	მენიუ მაღლა
705	1	\N	ფერადი
710	1	\N	გახსნის შემდეგ
716	1	\N	მომწოდებელი
721	1	\N	მათ შორის დღგ
726	1	\N	პროდუქტის რედაქტირება
731	1	\N	ახალი პროდუქტის დამატება კატეგორიაში:
777	1	\N	დარწმუნებული ხართ რომ გინდათ პროდუქტის წაშლა?
780	1	\N	ჯგუფის რედაქტირება:
789	1	\N	კიტი
793	1	\N	მიკროსინჯარა
801	1	\N	1,2-დიქლორეთანი
805	1	\N	D12404925
809	1	\N	AM2616
813	1	\N	610015
817	1	\N	152675
821	1	\N	610237
825	1	\N	Bacillus cereus-ATCC შტამი
829	1	\N	610623
833	1	\N	ანტიბიოტიკების დისკები: AMPICILLIN
837	1	\N	ანტიბიოტიკების დისკები: DOXYCYCLINE
841	1	\N	ანტიბიოტიკების დისკები: PENICILIN
845	1	\N	08138PC
849	1	\N	ხელთათმანი
853	1	\N	ჯგუფის შეცვლა:
857	1	\N	BSA ultrapure  ambion non acatylated
861	1	\N	რეაგენტები
865	1	\N	610009
869	1	\N	Cat #  69506
873	1	\N	S400 06.1
877	1	\N	10416014
881	1	\N	L1211(F06)  
885	1	\N	R 302 63
889	1	\N	Cat # 2616
893	1	\N	ქ.თბილისი გლდანი. მე-6-ე მ.რ.
897	1	\N	ანანო ლომსაძე
901	1	\N	ააიპ 198-ე საბავშვო ბაგა ბაღი
905	1	\N	ქ. თბილისი დ / დიღომი იოანე პეტრიძის #15ა
909	1	\N	ააიპ 212-ე საბავშვო ბაგა ბაღი
913	1	\N	ქ.თბილისი დიდი დიღომი მე3-ე მ.რ. მე-5-ე კორპუსის მიმდებარე
916	1	\N	ქ.თბილისი მშვიდობის ქუჩა #3
918	1	\N	ააიპ 52-ე საბავშო ბაღი
920	1	\N	თინა თუშიშვილი
922	1	\N	ქ.თბილისი ნუცუბიძის ქუჩა #42
924	1	\N	ააიპ 70ე საბავშვო ბაგა ბაღი
925	1	\N	ქ.თბილისი ვაშლიჯვრის დასახლება გოძიაშვილის II შესახვევი #10
927	1	\N	ააიპ ,,ბოლნისის მუნიციპალიტეტის ბოლნისის სათნოების სახლი"
928	1	\N	ქ.ბოლნისი ს.ს.ორბელიანის ქუჩა #102ბ
929	1	\N	მარია გუროვანიდი
930	1	\N	ააიპ იმედის ექოსთან არსებული მარტოხელა  ხანდაზმულთა პანსიონატი
931	1	\N	ქ.რუსთავი 8 მ.კ. 34-ე ბ/ბაღის შენობა
494	1	\N	მთავარი ადმინისტრატორი
499	1	\N	პიქტოგრამა
504	1	\N	თარგმნა
509	2	459	Select Organization
514	2	474	Lab Instruments
519	2	460	Remember
524	2	485	Employee
529	2	465	Contragent
534	2	463	Main
539	2	496	Customer
544	2	499	Icon
549	2	481	Test Material
554	2	498	File
559	2	490	Message
564	1	\N	მენიუს ჩაკეცვა
569	2	565	David
576	1	\N	ოპერაციის ტიპები
581	1	\N	კილოგრამი
586	1	\N	ყუთი
591	1	\N	პაკეტი
596	1	\N	გაცემა სხვა ობიექტზე
601	1	\N	მისამართი
606	1	\N	საბანკო ინფ.
611	1	\N	ამხანაგობა
616	1	\N	კოოპერატივი
621	1	\N	შპს ვახტანგი
626	1	\N	რაოდენობა
631	2	605	Contact
636	2	579	Product Units
641	2	604	URL
646	2	629	Move of product (s)
651	2	615	Commandant Society
656	2	626	Amount
661	2	622	Main Unit
666	2	577	Suppliers
671	2	586	Box
676	2	616	Cooperative
681	2	603	E-Mail
686	2	583	Milliliter
691	1	\N	გვარი
696	1	\N	გაიმეორეთ ახალი პაროლი
701	1	\N	ფერები
706	1	\N	ფონი
711	1	\N	ლიმიტი
717	1	\N	ფასი
722	1	\N	რედაქტირება
727	1	\N	პროდუქტის რედაქტირება:
732	1	\N	შეცდომა!
785	1	\N	პროდუქტები
790	1	\N	ბოთლი
794	1	\N	რულონი
798	1	\N	ჭურჭელი
802	1	\N	32205
806	1	\N	3-ნატრიუმის ციტრატი
810	1	\N	Absolut ethanol  სპირტი
814	1	\N	ALOA აგარი სუპლიმენტი
818	1	\N	ATCC 25922 ეშერიხია კოლი
822	1	\N	ATCC 25923 ოქროსფერი სტაფილოკოკი
826	1	\N	Bact .mallei--ATCC შტამი
830	1	\N	BCYE-აგარი
834	1	\N	ანტიბიოტიკების დისკები: CEFOTAXIME
838	1	\N	ანტიბიოტიკების დისკები: ERITROMYCIN
842	1	\N	ანტიბიოტიკების დისკები: RIFAMPICIN
846	1	\N	ბაქტერია  Ralstonia solanacearum დეტექციის პჯრ ნაკრები
850	1	\N	არასწორი სახელი/პაროლი
854	1	\N	შეცვლა
858	1	\N	Part N   52044
862	1	\N	რეაგენტი
866	1	\N	DNA საექსტრაქციო კიტი
870	1	\N	ESIA აგარი
874	1	\N	GeneJET Plant Genomic DNA Purification Mini Kit 
878	1	\N	MP ნიადაგი
882	1	\N	PITSr3 პრაიმერი
886	1	\N	QIAGEN OneStep RT-PCR Enzyme Mix
890	1	\N	TBX აგარი
894	1	\N	მაია ჭაღიაშვილი
898	1	\N	ააიპ # 197 - ე საბავშო ბაგა - ბაღი
902	1	\N	ქ.თბილისი დიდი დიღომი იოანე პეტრიწის ქუჩა #15ა.
906	1	\N	ააიპ 208-ე საბავშვო ბაგა- ბაღი
910	1	\N	ქ.თილისი მე-3-ე მ/რ. მე19-ე კორპუსის მიმდებარე
914	1	\N	მაია ჩიკვილაძე
917	1	\N	ნატო უღრელიძე
919	1	\N	ქ. თბილისი იოსებიძის ქ #62
921	1	\N	ააიპ #63-ე საბავშვო ბაგა ბაღი ,,ბატი-ბუტა"
923	1	\N	თამარ ციცქიშვილი
926	1	\N	ლილი  გოცირიძე
495	1	\N	
500	1	\N	ჯგუფი
505	1	\N	English
510	2	501	Select ICON
515	2	473	Description
520	2	489	Would you like to RESET all your saved widgets and clear LocalStorage?
525	2	487	Translation
530	2	467	Lab
535	2	494	Main Administrator
540	2	455	Organization
545	2	491	Profile
550	2	451	LoginID
555	2	476	Finances
560	2	475	Quality Control
565	1	\N	დავით
570	2	567	Under Construction
572	1	\N	გასვლა
577	1	\N	მოწოდებლები
582	1	\N	ლიტრი
587	1	\N	ცალი
592	1	\N	გასავლის ოპერაციები
597	1	\N	მიღება სხვა ობიექტიდან
602	1	\N	ტელეფონი
607	1	\N	შენიშვნა
612	1	\N	არარეგისტრირებული კავშირი (გაერთიანება)
617	1	\N	სააქციო საზოგადოება (ს.ს.)
622	1	\N	ძირითადი ერთეული
627	1	\N	მიღება ზედნადებით
632	2	610	Administratiove Institution
637	2	584	Milligramm
642	2	609	-- ALL --
647	2	589	Pack
652	2	592	Expendable transactions
657	2	601	Address
662	2	602	Phone
667	2	572	Exit
672	2	630	Write out product(s)
677	2	578	Name
682	2	593	Income operations
687	2	618	Solidarity society
692	1	\N	ელ-ფოსტა
697	1	\N	განლაგების პარამეტრები
702	1	\N	ორიგინალი
707	1	\N	ვადა გახსნამდე
712	1	\N	შემდეგ
713	1	\N	ზედნადების ნომერი
718	1	\N	დღგ
723	1	\N	ტესტი
728	1	\N	პროდუქტის რაოდენობის ლიმიტი
775	1	\N	წაშლა
778	1	\N	ახალი ჯგუფის დამატება
782	1	\N	ჯგუფის წაშლა:
786	1	\N	კოლოფი
791	1	\N	კომპლექტი
795	1	\N	ფლაკონი
799	1	\N	პარკი
803	1	\N	2,3,5-ტრიფენილტეტრაზოლიუმის ქლორიდი
807	1	\N	4-ამინობენზენ სულფინამიდი
811	1	\N	cat # 9938
815	1	\N	D 14368501
819	1	\N	0277P
823	1	\N	0335P
827	1	\N	B anthracis  პოლისაქარიდის მიმართსპეციფიური ლიოფირიზირებული ფლორესენციის იზოთიოციანითან მონოკლონური  ანტისხეულების კონიუგატი
831	1	\N	ანტიბიოტიკების დისკები: AMIKACIN
835	1	\N	ანტიბიოტიკების დისკები: CEFTRIAXONE
839	1	\N	ანტიბიოტიკების დისკები: GENTAMICIN
843	1	\N	ანტიბიოტიკების დისკები: STREPTOMYCIN
847	1	\N	08010C
851	1	\N	შეიყვანეთ სარეგისტრაციო სახელი
855	1	\N	დარწმუნებული ხართ რომ გინდათ ჯგუფის შეცვლა?
859	1	\N	ანტიბიოტიკები
863	1	\N	სახარჯი მასალა
867	1	\N	Cat #  52906
871	1	\N	610098
875	1	\N	4466336
879	1	\N	610077
883	1	\N	12532-016
887	1	\N	Ref # 10966-083
891	1	\N	610114
895	1	\N	ააიპ 192 - რე საბავშო ბაგა - ბაღი
899	1	\N	ქ. თბილისი დ / დიღომი გ. ბრწყინვალის # 5
903	1	\N	ინგა ბაიაჯანი
907	1	\N	ქ.თბილისი  დ.აღმაშენებლის  XIIკმ
911	1	\N	იამზე შნგელია
915	1	\N	ააიპ #41-ე საბავშვო ბაგა ბაღი 
496	1	\N	მომხმარებელი
501	1	\N	აირჩიეთ სასურველი პიქტოგრამა
506	2	505	English
511	2	480	Lab Tests
516	2	461	Exit
521	2	483	Access Levels
526	2	504	Translate
531	2	449	Laboratory Information Management System (LIMS)
449	1	\N	ლაბორატორიის მართვის საინფორმაციო სისტემა (LIMS)
450	1	\N	რეგისტრაცია
451	1	\N	სარეგისტრაციო სახელი
452	1	\N	შეიყვანეთ თქვენი სარეგისტრაციო სახელი
453	1	\N	პაროლი
454	1	\N	შეიყვანეთ პაროლი
455	1	\N	ორგანიზაცია
456	1	\N	-- აირჩიეთ --
457	1	\N	სოფლის მეურნეობის სამინისტროს ლაბორატორია
458	1	\N	დაავადებათა კონტროლისა და საზოგადოებრივი ჯანდაცვის ეროვნული ცენტრი
459	1	\N	აირჩიეთ ორგანიზაცია
460	1	\N	დამიმახსოვრე
461	1	\N	გამოსვლა
462	1	\N	მთლიანი ეკრანი
463	1	\N	მთავარი
464	1	\N	რეგისტრატურა
465	1	\N	კონტრაგენტი
466	1	\N	ხელშეკრულება
467	1	\N	ლაბორატორია
468	1	\N	მოთხოვნები
469	1	\N	პასუხები
470	1	\N	საწყობი
471	1	\N	მარაგები
472	1	\N	მიღება/გაცემა/ჩამოწერა
473	1	\N	აღწერა
474	1	\N	აპარატურა
475	1	\N	ხარისხის კონტროლი
476	1	\N	ფინანსები
477	1	\N	რეპორტინგი
478	1	\N	პარამეტრები
479	1	\N	ანალიზის ჯგუფები
480	1	\N	ანალიზები
481	1	\N	საანალიზო მასალა
482	1	\N	ადმინისტრირება
483	1	\N	დონეები
484	1	\N	თანამდებობა
485	1	\N	თანამშრომელი
486	1	\N	მენიუ
487	1	\N	თარგმანი
488	1	\N	გაფრთხილება! ეს გააუქმებს ყველა თქვენს მიმდინარე პარამეტრებს.
489	1	\N	დარწმუნებული ხართ რომ ყველა თქვენი მიმდინარე პარამეტრი გაუქმდეს და წაიშალოს ლოკალური ბაზა?
490	1	\N	შეტყობინება
491	1	\N	პროფილი
536	2	462	Full Screen
541	2	478	Settings
546	2	464	Reception
551	2	470	Stock
556	2	502	Georgian
561	2	466	Contract
566	1	\N	ჟორჟოლიანი
571	2	566	Jorjoliani
573	1	\N	პროდუქტი
578	1	\N	დასახელება
583	1	\N	მილილიტრი
588	1	\N	აბი
593	1	\N	შემოსავლის ოპერაციები
598	1	\N	ვადაგასული პროდუქტი
603	1	\N	ელფოსტა
608	1	\N	მომწოდებლები
613	1	\N	არასამეწარმეო (არაკომერციული) იურიდიული პირი
618	1	\N	სოლიდარული პასუხისმგებლობის საზოგადოება
623	1	\N	რაოდენობის ლიმიტი
628	1	\N	მიღება პროდუქტებით
633	2	595	Product In
638	2	590	Plate
643	2	614	Individual entrepreneur
648	2	594	Automatic stock out
653	2	611	Partnership
658	2	620	Limited liability company (LLC)
663	2	576	Operation Types
668	2	627	Receipt on the overhead
673	2	606	Bank Info
678	2	573	Product
683	2	613	Non-entrepreneurial (non-commercial) legal entity
688	2	588	Pills
693	1	\N	პაროლის შეცვლა
698	1	\N	ფიქსირებული მენიუ
703	1	\N	მუქი
708	1	\N	ვადა გახსნის შემდეგ
714	1	\N	ზედნადების თარიღი
719	1	\N	დამატება
724	1	\N	გაუქმება
729	1	\N	განახლება
787	1	\N	ამპულა
932	1	\N	რამაზ ჯანიაშვილი
933	1	\N	ააიპ.მარნეულის მუნც. ბაგა-ბაღის გაერთიანება
934	1	\N	მარნეულის მუნიციპალიტეტი.სოფელი ყიზილაჯილო
935	1	\N	ზაურ  კარამოვი
936	1	\N	ააიპ საბავშვო ბაგა-ბაღი N50
937	1	\N	ქ. თბილისი მშვიდობის ქ. N 3
938	1	\N	ააიპ საბავშვო ბაგა-ბაღის გაერთიანება
939	1	\N	თიანეთი რუსთაველის #67
940	1	\N	თამარი აქიმიშვილი
941	1	\N	ააიპ საბავშო ბაგა - ბაღი" იმედი საბურთალო "
942	1	\N	ქ. თბილისი ბახტრიონოს ქ. #8
943	1	\N	ნინო ყულიასვილი
944	1	\N	ააიპ ქ.თბილისის 197 საბავშო ბაგა-ბაღი
945	1	\N	ქ. თბილისი დ/დიღომი 1მკ გიორგი პწინვალის #5
946	1	\N	ხათუნა წერეთელი
947	1	\N	ი.მ.,,აგიგათ მაშოვი"
948	1	\N	ქ.თბილისი. ისან-სამგორის მუნიციპალიტეტი აწყურის ქუჩა #47
949	1	\N	აგიგათ მაშოვი
950	1	\N	ი. მ. " აზატ კიურელიან "
951	1	\N	ნინოწმინდის მუნიც. სოფ. გორელივკა
952	1	\N	აზატ კიურელიან
953	1	\N	ი.მ "აზატ კიურელიან"
954	1	\N	ნინოწმინდა სოფ. გორელოვკა
955	1	\N	ი.მ. ,,ამირან აბუაშვილი"
956	1	\N	ქ.თბილისი.ფეიქრების #14
957	1	\N	ამირან  აბუაშვილი
958	1	\N	ი.მ. არჩილ პატაშური
959	1	\N	არჩილი პატაშური
960	1	\N	ი.მ. ,,გიგა კემულარია
961	1	\N	ქ.ქუთაისი. კლდიაშვილის ქუჩა #24.
962	1	\N	გიგა კემულარია
963	1	\N	ი. მ. ' გოჩა  გოგიჩაიშვილი "
964	1	\N	ქ. თბილისი არაყიშვილია 1 ჩიხი # 8
965	1	\N	გოჩა გოგიჩაიშვილი
966	1	\N	ი. მ. " გულნარა ჯაფოშვილი "
967	1	\N	ქ. თბილისი დ / მასივი მე 3 მიკ კორპ 1 
968	1	\N	გულნარა ჯაფოშვილი
969	1	\N	ი.მ. "გულნარა ჯაფოშვილი
970	1	\N	ქ. თბილისი დ/ მასივი მე -3 კვ კორ 1
971	1	\N	ი.მ "დარეჯან პაპავა"
972	1	\N	ქ.წალენჯიხა დაბა ჯვარი სოხუმის ქ.#7
973	1	\N	დარეჯან პაპავა
974	1	\N	ი.მ.დუდაური დავითი
975	1	\N	ქ.დუშეთი რუსთაველის ქუჩა #23
976	1	\N	დავითი დუდაური
977	1	\N	ი.მ. ,,ეკა ასლანიდი"
978	1	\N	ეკა ასლანიდი
979	1	\N	ი. მ. " ელისო ჟონჟოლაძე "
980	1	\N	ქ. თბილისი კანდელაკის ქ. # 6
981	1	\N	ელისო ჟონჟოლაძე
982	1	\N	ი.მ..ემა ლემონჯავა
983	1	\N	ქ.წალენჯიხა მებონიას ქუჩა #7
984	1	\N	ემა ლემონჯავა
985	1	\N	ი.მ. ვლადიმერ ლურსმანასვილი
986	1	\N	ქ.თბილისი.ნავთლუღის ქუჩა #5/7.ბინა #24.
987	1	\N	ვლადიმერ ლურსმანაშვილი
988	1	\N	ი.მ.,, ზაურ მახნიაშვილი
989	1	\N	დმანისის მუნიციპალიტეტი სოფელი კარაბულახი
990	1	\N	ზაური მახნიაშვილი
991	1	\N	ი.მ ,,ზვიად ჯაბანიშვილი"
992	1	\N	დაბა თიანეთი ლაშარის ქუჩა #58
993	1	\N	ზვიად ჯაბანიშვილი
994	1	\N	ი.მ. ,,ზურაბ მერაბიშვილი"
995	1	\N	გარდაბნის მუნიციპალიტეტი.სოფელი თელეთი
996	1	\N	ზურაბი მერაბიშვილი
997	1	\N	ი. მ. "ზურაბ სომხიშილი "
998	1	\N	თეთრიწყაროსმუნიც. სოფ. ვაშლოვანი
999	1	\N	ზურარ სომხიშვილი
1000	1	\N	ი. მ. " თეიმურაზ მაისურაძე'
1001	1	\N	ქ. თბილისი ჭოველძის ქ. 4
1002	1	\N	თეომურაზ მაისურაზე
1004	1	\N	თიანეთის მუნიციპალიტეტი.სოფელი ხევსურთსოფელი
1005	1	\N	ავთანდილ პავლიაშვილი
1006	1	\N	რკ  ,,ქიწნისი"
1027	1	\N	სურსათი
1007	1	\N	გორის მუნიციპალიტეტი სოფ. ქიწნისი
1008	1	\N	აკაკი იოსებაშვილი
1009	1	\N	სასოფლო სამერნუო კოოპერატივი " ჩემი ოჯახი "
1010	1	\N	მარნეულის მუნიც სოფ ალგეთი
1011	1	\N	გაბილ სულეიმანოვი
1012	1	\N	სასოფლო-სამეურნეო კოოპერატივი ,,გილე"
1013	1	\N	ქ.გურჯაანი თავისუფლების ქუჩა #80ა
1014	1	\N	იზოლდა ქიტესაშვილი
1015	1	\N	საქართველოს ფინანსთა სამინისტროს სამეგრელო ზემო-სვანეთის საგამოძიებო სამსახურის საგამოძიებო  სამმართველო
1016	1	\N	ქ.თბილისი გორგასლის ქუჩა #16
1017	1	\N	ვლადიმერი ქორთუა
1018	1	\N	საქველმოქმედო ფონდი ,,საქართველოს კარიტასი
1019	1	\N	გარდაბანის მუნიციპალიტეტი სოფელი  მარტყოფი
1020	1	\N	კობა კაკაბაძე
1021	1	\N	საქ. შსს ქ. თბილისის პოლიციის დეპარტამრნტის ისანი  სამგორის სამართველოს 7 განყოფილება
1022	1	\N	ქ.თბილისი დიღმის მას. 2 კვ. კ ჩალაძის #1
1023	1	\N	თამარ ჟუჟუნაშვილი
1024	1	\N	სოფლის მეურრნეობის სამინისტროს კვლევითი ცენტრი
1025	1	\N	ქ.თბილისი.მარშალ გელოვანის გამზირი #6.
1026	1	\N	ომარი ლონდარიძე
1028	1	\N	თბილსის
1029	1	\N	ლადო დოლიძე
1030	1	\N	ნიკოლაძის #49
1031	1	\N	ნიკოლაძე ნიკო
1032	1	\N	შსს
1033	1	\N	 
1034	1	\N	საწარმოო ამხანაგობა ,,იმერეთი"
1035	1	\N	ქ.ხონი.დავით აღმაშენებლის ქუჩა #113.
1036	1	\N	გოჩა ჩიხრაძე
1037	1	\N	კერძო საბავშვო ბაგა ბაღი ,,ბაია"
1038	1	\N	ქ.თბილისი ცოტნე დადიანის ქუჩა #34
1039	1	\N	ნატო ჩარკვიანი
1040	1	\N	შპს  ,,ყვარლის ბაგა"
1041	1	\N	ქ.ყვარელი ჭავჭავაძის ქუჩა #7
1042	1	\N	ნათია გარგულია 
1043	1	\N	მასიური დამუშავება
1044	1	\N	ნიმუშები
1045	1	\N	სტანდარტები
1046	1	\N	ერთეულები
1047	1	\N	დეპარტამენტები
1048	1	\N	კონტრაგენტის ტიპი
1049	1	\N	ლოგო
1050	1	\N	დეპარტამენტი
1051	1	\N	ლოგოს შეცვლა
1052	1	\N	ჯგუფია
1053	1	\N	შედის ჯგუფებში
1054	1	\N	მნიშვნელობის ტიპი
1055	1	\N	სტანდარტი
1056	1	\N	მიმდინარე ფასი
1057	1	\N	ნორმატივები
1058	1	\N	კი
1059	1	\N	არა
1060	1	\N	კვლევები
1061	1	\N	placeholder
1062	1	\N	ამბროლაურის ლაბორატორია
1063	1	\N	ახალციხის ზონალური დიაგნოსტიკური ლაბორატორია
1064	1	\N	ბათუმის ლაბორატორია
1065	1	\N	ბაქტერიოლოგიის ლაბორატორია
1066	1	\N	გორის ლაბორატორია
1067	1	\N	გურჯაანის ლაბორატორია
1068	1	\N	დუშეთის ლაბორატორია
1069	1	\N	ენტომოლოგიის ლაბორატორია
1070	1	\N	ვივარიუმი
1071	1	\N	ვირუსოლოგიისა და მოლეკულური ბიოლოგიის ლაბორატორია
1072	1	\N	ზოგადი ქიმიის ლაბორატორია
1073	1	\N	ზუგდიდის ლაბორატორია
1074	1	\N	ინსტრუმენტული კვლევების ლაბორატორია
1075	1	\N	მარნეულის ლაბორატორია
1076	1	\N	მასალების მიმღები და პათანატომიური განყოფილება
1077	1	\N	მიკრობიოლოგიის განყოფილება
1078	1	\N	მიკრობიოლოგიური კვლევების ლაბორატორია
1079	1	\N	მოლეკულური ბიოლოგიის ლაბორატორია
1080	1	\N	მცენარეთა მავნე ორგანიზმების დიაგნოსტიკის დეპარტამენტი
1081	1	\N	ნიმუშების რეგისტრაციის და სტატისტიკური დამუშავების განყოფილება
1082	1	\N	ოზურგეთის ლაბორატორია
1083	1	\N	პათ.მორფოლოგიური კვლევების და პარაზიტოლოგიის ლაბორატორია
1084	1	\N	სურსათის კვლევის დეპარტამენტი
1085	1	\N	ფიტოპათოლოგიის ლაბორატორია
1086	1	\N	ქუთაისის ზონალური დიაგნოსტიკური ლაბორატორია
1087	1	\N	ცოფის დიაგნოსტიკის ლაბორატორია
1088	1	\N	ცხოველთა დაავადებების დიაგნოსტიკის დეპარტამენტი
1089	1	\N	მოთხოვნის რეგისტრაცია
1090	1	\N	ხელშეკრულების N
1091	1	\N	მომართვა / აქტის N
1092	1	\N	მომართვა
1093	1	\N	აქტი
1094	1	\N	ნიმუშის ტიპი
1095	1	\N	ნიმუშების რაოდენობა
1096	1	\N	მოთხოვნილი კვლევები
1097	1	\N	Error!
1098	1	\N	ხელმოწერის შეცვლა
1099	1	\N	ქვემენიუ
1100	1	\N	წაკითხვა
1101	1	\N	ბეჭდვა
1102	1	\N	ორგანიზაციის ტიპი
1103	1	\N	საიდენტიფიკაციო კოდი
1104	1	\N	ვებ-გვერდი
1105	1	\N	საკონტაქტო პირი
1106	1	\N	საბანკო ანგარიში
1107	1	\N	დახურვა
1108	1	\N	ხელშეკრულების ტიპი
1109	1	\N	ერთჯერადი
1110	1	\N	მრავალჯერადი
1111	1	\N	დასრულების ვადა
1112	1	\N	სინჯი
1113	1	\N	ხელშეკრულების ატვირთვა
1114	1	\N	აქტის N
1115	1	\N	სინჯის რაოდენობა
1116	1	\N	ახალი ორგანიზაციის დამატება
1117	1	\N	ახალი ხელშეკრულების დამატება
1118	1	\N	ახალი აქტის დამატება
1119	1	\N	ხელშეკრულების ბეჭდვა
1120	1	\N	აქტის ბეჭდვა
1132	2	788	
1134	2	796	
1135	2	800	
1136	2	804	
1137	2	808	
1138	2	812	
1139	2	816	
1140	2	820	
1141	2	824	
1142	2	828	
1143	2	832	
1144	2	836	
1145	2	840	
1146	2	844	
1147	2	848	
1151	2	864	
1152	2	868	
1153	2	872	
1154	2	876	
1155	2	880	
1156	2	884	
1157	2	888	
1158	2	892	
1159	2	896	
1160	2	900	
1161	2	904	
1162	2	908	
1163	2	912	
1164	2	1003	
1177	2	793	
1178	2	801	
1179	2	805	
1180	2	809	
1181	2	813	
1182	2	817	
1183	2	821	
1184	2	825	
1185	2	829	
1186	2	833	
1187	2	837	
1188	2	841	
1189	2	845	
1192	2	857	
1194	2	865	
1195	2	869	
1196	2	873	
1197	2	877	
1198	2	881	
1199	2	885	
1200	2	889	
1201	2	893	
1202	2	897	
1203	2	901	
1204	2	905	
1205	2	909	
1206	2	913	
1207	2	916	
1208	2	918	
1209	2	920	
1210	2	922	
1211	2	924	
1212	2	925	
1213	2	927	
1214	2	928	
1215	2	929	
1216	2	930	
1217	2	931	
1229	2	794	
1231	2	802	
1232	2	806	
1233	2	810	
1234	2	814	
1235	2	818	
1236	2	822	
1237	2	826	
1238	2	830	
1239	2	834	
1240	2	838	
1241	2	842	
1242	2	846	
1245	2	858	
1247	2	866	
1248	2	870	
1249	2	874	
1250	2	878	
1251	2	882	
1252	2	886	
1253	2	890	
1254	2	894	
1255	2	898	
1256	2	902	
1257	2	906	
1258	2	910	
1259	2	914	
1260	2	917	
1261	2	919	
1262	2	921	
1263	2	923	
1264	2	926	
1279	2	795	
1281	2	803	
1282	2	807	
1283	2	811	
1284	2	815	
1285	2	819	
1286	2	823	
1287	2	827	
1288	2	831	
1289	2	835	
1290	2	839	
1291	2	843	
1292	2	847	
1297	2	867	
1298	2	871	
1299	2	875	
1300	2	879	
1301	2	883	
1302	2	887	
1303	2	891	
1304	2	895	
1305	2	899	
1306	2	903	
1307	2	907	
1308	2	911	
1309	2	915	
1318	2	787	
1319	2	932	
1320	2	933	
1321	2	934	
1322	2	935	
1323	2	936	
1324	2	937	
1325	2	938	
1326	2	939	
1327	2	940	
1328	2	941	
1329	2	942	
1330	2	943	
1331	2	944	
1332	2	945	
1333	2	946	
1334	2	947	
1335	2	948	
1336	2	949	
1337	2	950	
1338	2	951	
1339	2	952	
1340	2	953	
1341	2	954	
1342	2	955	
1343	2	956	
1344	2	957	
1345	2	958	
1346	2	959	
1347	2	960	
1348	2	961	
1349	2	962	
1350	2	963	
1351	2	964	
1352	2	965	
1353	2	966	
1354	2	967	
1355	2	968	
1356	2	969	
1357	2	970	
1358	2	971	
1359	2	972	
1360	2	973	
1361	2	974	
1362	2	975	
1363	2	976	
1364	2	977	
1365	2	978	
1366	2	979	
1367	2	980	
1368	2	981	
1369	2	982	
1370	2	983	
1371	2	984	
1372	2	985	
1373	2	986	
1374	2	987	
1375	2	988	
1376	2	989	
1377	2	990	
1378	2	991	
1379	2	992	
1380	2	993	
1381	2	994	
1382	2	995	
1383	2	996	
1384	2	997	
1385	2	998	
1386	2	999	
1387	2	1000	
1388	2	1001	
1389	2	1002	
1390	2	1004	
1391	2	1005	
1392	2	1006	
1394	2	1007	
1395	2	1008	
1396	2	1009	
1397	2	1010	
1398	2	1011	
1399	2	1012	
1400	2	1013	
1401	2	1014	
1402	2	1015	
1403	2	1016	
1404	2	1017	
1405	2	1018	
1406	2	1019	
1407	2	1020	
1408	2	1021	
1409	2	1022	
1410	2	1023	
1411	2	1024	
1412	2	1025	
1413	2	1026	
1414	2	1028	
1416	2	1030	
1417	2	1031	
1420	2	1034	
1421	2	1035	
1422	2	1036	
1423	2	1037	
1424	2	1038	
1425	2	1039	
1426	2	1040	
1427	2	1041	
1428	2	1042	
1458	2	1072	
1464	2	1078	
1465	2	1079	
1466	2	1080	
1469	2	1083	
1470	2	1084	
1471	2	1085	
1473	2	1087	
1507	1	\N	ანალიზი
1508	1	\N	თქვენ ბრაუზებს არ შეუძლია PDF-ის გახსნა
1509	1	\N	თქვენ ბრაუზერს არ შეუძლია PDF-ის გახსნა
1510	2	1507	Lab Test
1511	2	1509	Your Browser can not open PDF file
1512	2	1508	Your Browser can not open PDF file
1513	2	699	Screen Center
1514	2	1029	Lado Dolidze
1515	2	698	Fixed Menu
1516	2	703	Dark
1517	2	708	Expiration date after unpacking
1518	2	714	Invoice Date
1519	2	719	Add
1520	2	724	Cancel
1521	2	729	Update
1522	2	692	e-mail
1523	2	697	Screen Parameters
1524	2	702	Original
1525	2	707	Expiration date before unpacking
1526	2	712	After
1527	2	713	Invoice Number
1528	2	718	VAT
1529	2	723	Test
1530	2	728	Product amount limit
1531	2	775	Erase
1532	2	778	Add new group
1533	2	782	Delete Group:
1534	2	786	Box
1535	2	791	Complect
1536	2	851	Enter LoginID
1538	2	859	Antibiotics
1539	2	789	Kit
1540	2	780	Edit Group:
1542	2	731	Add new product to category:
1543	2	726	Edit product
1544	2	721	Including VAT
1545	2	716	Supplier
1546	2	710	After unpcking
1547	2	705	Color
1548	2	700	Top Menu
1549	2	695	New Password
1550	2	690	Change profile picture
1551	2	860	Bacteries
1552	2	856	Change group
1553	2	852	Technical support
1554	2	792	Container
1556	2	779	Add new subgroup to group:
1557	2	693	Change Password
1558	2	1043	Batch Processing
1559	2	1044	Samples
1560	2	1045	Standards
1561	2	1046	Units
1562	2	1047	Departments
1563	2	1048	Contragent Type
1564	2	1049	Logo
1565	2	1050	Department
1566	2	1051	Change logo
1568	2	1052	Is group
1569	2	1053	Is in group(s)
1570	2	1054	Value Type
1571	2	1055	Standard
1572	2	1056	Current Price
1573	2	1057	Normatives
1574	2	1058	Yes
1575	2	1059	No
1577	2	1062	Ambrolauri Lab
1578	2	1064	Batumi Lab
1579	2	1065	Bacteriology Lab
1580	2	1066	Gori Lab
1581	2	1067	Gurjaani Lab
1582	2	1068	Dusheti Lab
1583	2	1069	Entimology Lab
1584	2	1070	Vivarium
1586	2	1074	Instrumental Investigation Lab
1587	2	1075	Marneuli Lab
1588	2	1082	Ozurgeti Lab
1589	2	1089	Request Registration
1590	2	1090	Contract N
1591	2	1091	Appeal / Act N
1592	2	1092	Appeal
1593	2	1093	Act
1594	2	1094	Sample Type
1595	2	1095	Number of samples
1597	2	1098	Change signature
1598	2	1099	Submenu
1599	2	1100	Read
1600	2	1101	Print
1601	2	1102	Organization Type
1602	2	1103	Identification Number
1603	2	1104	Web page
1604	2	1105	Contact Person
1605	2	1106	Bank Account
1606	2	1107	Close
1607	2	1108	Contract type
1608	2	1109	One-time
1609	2	1110	Multy
1610	2	1111	Finish date
1612	2	1113	Upload contract
1613	2	1114	Act N
1614	2	1115	Amount of samples
1615	2	1116	Add new organization
1616	2	1117	Add new contract
1617	2	1118	Add new act
1618	2	1119	Print contract
1619	2	1120	Print act
1620	2	694	Old Password
1621	2	1077	Microbiology Department
1622	2	691	Last Name
1623	2	696	Retype new password
1624	2	701	Colors
1625	2	706	Bachground
1626	2	711	Limit
1627	2	717	Price
1628	2	722	Edit
1629	2	727	Edit Product:
1630	2	732	Error!
1631	2	785	Products
1632	2	790	Bottle
1633	2	798	Volume
1634	2	861	Reagents
1635	2	853	Change Group:
1636	2	849	Gloves
1637	2	1032	Ministry of Internal Appears
1638	2	854	Change
1639	2	776	Delete Product:
1640	2	730	Add new product
1641	2	725	Save
1642	2	720	Total Price
1643	2	715	Date
1644	2	709	Before open
1645	2	704	Light
1646	2	862	Reagent
1648	2	1033	
1649	1	\N	ყველას გაგზავნა
1650	1	\N	გაგზავნა
1651	1	\N	ჯამი
1655	1	\N	სს აბდენლკი
1656	1	\N	ბოლნისის მუნიციპალიტეტი სოფ აკაუეთა
1943	2	1821	
1657	1	\N	თენგიზი მურნაძე
1658	1	\N	ს.ს. ,,შატო მუხრანი"
1659	1	\N	მცხეთის მუნიციპალიტეტი სოფელი მუხრანი
1660	1	\N	გოჩა  ცინცაძე
1661	1	\N	სპს " ანბანილა + "
1662	1	\N	ქ. თბილისი. მიცკევიჩის ქ. # 60
1663	1	\N	ქეთინო წულიასვილი
1664	1	\N	სპს ;ანტრე ბატონო "
1665	1	\N	ქ. თბილისი ჩვიდმეტი შინდისელი გმირის ქ 5
1666	1	\N	ალექსანდრე მესხი
1667	1	\N	ს.პ.ს. ,,სათბური ალბი"
1668	1	\N	კასპის მუნიციპალიტეტი.სოფელი დოესი
1669	1	\N	ალექსანდრე ზუბიაშვილი
1670	1	\N	სპს " ფერმა 008 "
1671	1	\N	კასპის მუმიც/ სოფ. ფერმა
1672	1	\N	ნინო ვეფხვაძე
1673	1	\N	ს.პ.ს. ,,ქობულეთური ტრეიდინგი"
1674	1	\N	ქ.თბილისი.დ.ბაქრაძის ქუჩა #2.
1675	1	\N	გიორგი ფიფია
1676	1	\N	სპს " ჩოპ შოპ "
1677	1	\N	ქ. თბილისი ევგენი მიქელაძის ქ. #9
1678	1	\N	გიორგი ჩქვანავა
1679	1	\N	სპს " ჯორჯიან იმპორტ სერვის
1680	1	\N	ქ. თბილისი ამაღლების შესახვევი #1
1681	1	\N	დავით მაისურაძე
1682	2	1655	
1683	2	1656	
1684	2	1657	
1685	2	1658	
1686	2	1659	
1687	2	1660	
1688	2	1661	
1689	2	1662	
1690	2	1663	
1691	2	1664	
1692	2	1665	
1693	2	1666	
1694	2	1667	
1695	2	1668	
1696	2	1669	
1697	2	1670	
1698	2	1671	
1699	2	1672	
1700	2	1673	
1701	2	1674	
1702	2	1675	
1703	2	1676	
1704	2	1677	
1705	2	1678	
1706	2	1679	
1707	2	1680	
1708	2	1681	
1709	1	\N	ნიმუშის ნომერი
1710	1	\N	შტრიხკოდი
1711	1	\N	მოქმედება
1712	2	1709	Number of Sample
1714	2	1711	Action
1715	2	1710	Barcode
1716	2	1651	Total
1717	1	\N	ი.მ. ,,ივანე აბდუშელიშვილი"
1718	1	\N	ქ.თბილისი.ზაზიაშვილის ქუჩა #13.
1719	1	\N	ივანე აბდუშელიშვილი
1720	1	\N	ი.მ.  ,,ივანე ხარატიშვილი"
1721	1	\N	გარდაბანის მუნიციპალიტეტი სოფელი კუმისი
1722	1	\N	ივანე ხარატიშვილი
1723	1	\N	ი. მ. "  ილია კოხტაშვილი "
1724	1	\N	ქ საგარეჯო ცხვედაძისქ. #1
1725	1	\N	ილია კოხტაშვილი
1726	1	\N	ი.მ.იოსებ ლოსეურაშვილი
1727	1	\N	ქ.დუშეთი დ.აღმაშნებლის ქუჩა #45
1728	1	\N	იოსებ ლოსეურაშვილი
1729	1	\N	ი.მ.   ,, ირინე ფესტვენიძე"
1730	1	\N	ქ.თბილისი ცქიტიშვილის ქუჩა #11.სსიპ მე-8-ე საჯარო სკოლა
1731	1	\N	ირინა ფესტვენიძე
1732	1	\N	ი.მ. ,,ლაგულაშვილი ლევანი"
1733	1	\N	ქ.თბილისი.მამა გაბრიელ სალოსის ქუჩა #1.
1734	1	\N	ლევანი ლაგულაშვილი
1735	1	\N	ი.მ "ლევან ბუთხუზაშვილი"
1736	1	\N	ქ. ახმეტა ხეთაგუროვის ქ #17
1737	1	\N	ლევან  ბუთხუზაშვილი
1924	2	1802	
1738	1	\N	ი. მ. " ლევანი მახათაძე"
1739	1	\N	ყვარლის მუნიც. სოფ. ახალსოფელი
1740	1	\N	ლევანი მახათაძე
1741	1	\N	ი მ. " ლევან ჭანიაშვილი "
1742	1	\N	დაბა თიანეთი რუსთაველის ქ # 14
1743	1	\N	ლევან ჭანიაშვილი
1744	1	\N	ი.მ. მარიეტა ოვსეპიანი
1745	1	\N	ნინოწმინდის მუნიციპალიტეტი.სოფელი პეშტია
1746	1	\N	მარიეტა  ოვსეპიანი
1747	1	\N	ი.მ "მარინე მაისურაძე" 
1821	1	\N	კოოპერატივი " შირ - ანთ"
1748	1	\N	ქ. თბილისი ნუცუბიძის ქუჩა #155
1749	1	\N	მარინე მაისურაძე
1750	1	\N	ი.მ. ,,მიხეილ ხატიაშვილი"
1751	1	\N	სიღნაღის მუნიციპალიტეტი სოფელი ანაგა
1752	1	\N	მიხეილი ხატიაშვილი
1753	1	\N	ი.მ.,, ნათია მუჯირიშვილი
1754	1	\N	დმანისის მუნიციპალიტეტი  სოფ.ოროზმანი
1755	1	\N	ნათია მუჯირიშვილი
1756	1	\N	ი.მ ,,ნიზაამ შარიფოვი"
1757	1	\N	კასპის მუნ. სოფ. მიქელწყარო (ახტალა) 
1758	1	\N	ნიზაამ შარიფოვი
1759	1	\N	ი.მ "ნიკოლოზ ტოკლიკიშვილი"
1760	1	\N	დედოფლისწყარო მუნ. სოფ. სამკერვალო
1761	1	\N	ნიკოლოზ ტოკლიკიშვილი
1762	1	\N	ი. მ. " ნინო ბაღდავაძე"
1763	1	\N	ქ. თბილისი  მე 3 -ხეივნის ქ.  10
1764	1	\N	ნინო ბაღდავაძე
1765	1	\N	ი.მ. ნინო ბერძენიშვილი
1766	1	\N	ქ.თბილისი წერეთლის გამზირი #12
1767	1	\N	ნინო ბერძენიშვილი
1768	1	\N	ი.მ. ,,ნინო სართანია"
1769	1	\N	ქ.თბილისი დადიანის ქუჩა #261
1770	1	\N	ნინო სართანია
1771	1	\N	ი.მ "პეტრე კაკონაშვილი"
1772	1	\N	თელავის მუნ. სოფ ვარდისუბანი
1773	1	\N	პეტრე კაკონაშვილი
1774	1	\N	ი. მ. " რამაზ მარტოლეკი "
1775	1	\N	მცხეთის მუნიც. სოფ. მისაქციელი
1776	1	\N	რამაზ მარტოლეკი
1777	1	\N	ი.მ. ,,სტეფნაძე ლალი"
1778	1	\N	ქ.მცხეთა აღმაშენებლის ქუჩა #71
1779	1	\N	ლალი სტეფნაძე
1780	1	\N	ი.მ. სურენ კირაკოსიანი
1781	1	\N	ნინოწმინდის მუნიციპალიტეტ სოფელი დილიფი
1782	1	\N	სურენ კირაკოსიანი
1783	1	\N	ი.მ. " ცირა ზურაბაშვილი "
1784	1	\N	ქ. თბილისი გლდავის მე - 5 მიკრ. მე - 4 კორ მიმდებარე ტერიტორია
1785	1	\N	ცირა ზურაბაშვილი
1786	1	\N	ი. მ. " ჭიჭიკო ხურცილავა "
1787	1	\N	ქ. თბილისი ვაზიზ უბანი მე _ 2 მკ მე - 12 კორპ ბ 26
1788	1	\N	ჭიჭიკო ხურცილავა
1789	1	\N	ი.მ.ჭიჭიკო ხურცილავა
1790	1	\N	ქ.თილისი ვაზის უბანი. მე-2-ე მ.რ. მე-12-ე კორპ. ბ#26
1791	1	\N	ი.მ. ხათუნა ასატუროვი
1792	1	\N	ქ.თბილისი ქ.წამებულის ქუჩა #40
1793	1	\N	ხათუნა ასატუროვი
1794	1	\N	ი.მ. ,,ჯემალ ნამგალაძე"
1795	1	\N	ქ.თბილისი.ჩუბინაშვილის ქ.#68.
1796	1	\N	ჯემალ ნამგალაძე
1797	1	\N	ი.მ. ,,ჰარნოლდი ბარამია"
1798	1	\N	ქ.თბილისი.კოტე აფხაზის ქუჩა #6.
1799	1	\N	ჰარნოლდი ბარამია
1800	1	\N	ი.მ "ჰრაჰრატ კრმაჯიანი"
1801	1	\N	ნინოწმინდის მუნიციპალიტეტი სოფ.პატარა გონდურა
1802	1	\N	ჰრაჰრატ კრმაჯიანი
1803	1	\N	ი.მ. ჰრაჰრატ კრმაჯიანი
1804	1	\N	ნინოწმინდის მუნიციპალიტეტი სოფელი პატარა გონდურა
1805	1	\N	კოოპერატივი ,,ახალი ძევერა"
1806	1	\N	გორის მუნიციპალიტეტი სოფელი ძევერა 
1807	1	\N	რამაზი გიორგობიანი
1808	1	\N	კოოპერატივი " დაბა წაღვერი "
1809	1	\N	ბორჯომის მუნიც. სოფ. დაბა
1810	1	\N	ირმა მაღრაძე
1811	1	\N	კოოპერატივი ,,დისველი"
1812	1	\N	ბოლნისის მუნიციპალიტეტი.სოფელი დისველი
1813	1	\N	გიორგი დემურაშვილი
1814	1	\N	ბოლნისის მუნიციპალიტეტი სოფელი დისველი
1815	1	\N	კოოპერატივი " რკრამაზანი "
1816	1	\N	გარგაბნის მუნიც. სოფ. ქესალო
1817	1	\N	მიხეილ ცარციძე
1818	1	\N	კოოპერატივი  " შირ - ანთ "
1819	1	\N	ნინოწმინდის მუნიც/ სოფ. ჯიგრაშენი 
1820	1	\N	შირაზ ხოდიკიან
1822	1	\N	ნინოწმინდის მუნიც. სოფ ჯივრაშენი
1823	1	\N	შირევ ხოდიკინ
1824	1	\N	კოოპერატივი ,,ჯოღო"
1825	1	\N	ქარელის მუნიციპალიტეტი.სოფელი ქვენატკოცა
1826	1	\N	გიორგი თედიაშვილი
1827	1	\N	მ.მ. ,,დოდო მხეიძე"
1828	1	\N	ქ.თბილისი  ხორავას ქუჩა #1
1829	1	\N	დოდო მხეიძე
1830	1	\N	მ.მ. ,,მამუკა ბუხნიაშვილი"
1831	1	\N	ქ.თბილისი.წინამძღვრიშვილის ქუჩა #184.
1832	1	\N	მამუკა ბუხნიაშვილი
1833	1	\N	ნიკროა
1834	1	\N	კოლას ქ.7
1835	1	\N	კოლია კოლიაძე
1836	1	\N	სახალხო უნივერსიტეტთან გერმანული ასოციაციის საქართველოს ფილიალი ,,თბილისის პროექტთა ბიური"
1837	1	\N	ქ.თბილისი ყიფშიძის ქუჩა #20
1838	1	\N	ავთანდილი ტაბაშიძე
1839	2	1717	
1840	2	1718	
1841	2	1719	
1842	2	1720	
1843	2	1721	
1844	2	1722	
1845	2	1723	
1846	2	1724	
1847	2	1725	
1848	2	1726	
1849	2	1727	
1850	2	1728	
1851	2	1729	
1852	2	1730	
1853	2	1731	
1854	2	1732	
1855	2	1733	
1856	2	1734	
1857	2	1735	
1858	2	1736	
1859	2	1737	
1860	2	1738	
1861	2	1739	
1862	2	1740	
1863	2	1741	
1864	2	1742	
1865	2	1743	
1866	2	1744	
1867	2	1745	
1868	2	1746	
1869	2	1747	
1870	2	1748	
1871	2	1749	
1872	2	1750	
1873	2	1751	
1874	2	1752	
1875	2	1753	
1876	2	1754	
1877	2	1755	
1878	2	1756	
1879	2	1757	
1880	2	1758	
1881	2	1759	
1882	2	1760	
1883	2	1761	
1884	2	1762	
1885	2	1763	
1886	2	1764	
1887	2	1765	
1888	2	1766	
1889	2	1767	
1890	2	1768	
1891	2	1769	
1892	2	1770	
1893	2	1771	
1894	2	1772	
1895	2	1773	
1896	2	1774	
1897	2	1775	
1898	2	1776	
1899	2	1777	
1900	2	1778	
1901	2	1779	
1902	2	1780	
1903	2	1781	
1904	2	1782	
1905	2	1783	
1906	2	1784	
1907	2	1785	
1908	2	1786	
1909	2	1787	
1910	2	1788	
1911	2	1789	
1912	2	1790	
1913	2	1791	
1914	2	1792	
1915	2	1793	
1916	2	1794	
1917	2	1795	
1918	2	1796	
1919	2	1797	
1920	2	1798	
1921	2	1799	
1922	2	1800	
1923	2	1801	
1925	2	1803	
1926	2	1804	
1927	2	1805	
1928	2	1806	
1929	2	1807	
1930	2	1808	
1931	2	1809	
1932	2	1810	
1933	2	1811	
1934	2	1812	
1935	2	1813	
1936	2	1814	
1937	2	1815	
1938	2	1816	
1939	2	1817	
1940	2	1818	
1941	2	1819	
1942	2	1820	
1944	2	1822	
1945	2	1823	
1946	2	1824	
1947	2	1825	
1948	2	1826	
1949	2	1827	
1950	2	1828	
1951	2	1829	
1952	2	1830	
1953	2	1831	
1954	2	1832	
1955	2	1833	
1956	2	1834	
1957	2	1835	
1958	2	1836	
1959	2	1837	
1960	2	1838	
1961	1	\N	ნაყინი
1962	1	\N	ნაცხი
1963	1	\N	ნახველი
1964	1	\N	ნიადაგი
1965	1	\N	N
1966	1	\N	დოკუმენტი
1973	1	\N	შპს ,,ვესტი 2008"
1974	1	\N	ქ.თბილისი.მარშალ გელოვანის გამზირი #3
1975	1	\N	ლაშა მწითური
1976	1	\N	შ.პ.ს.,,კრწანისი" სკოლა ,,კრწანისი მარჯი"
1977	1	\N	ქ.თბილისი კრწანისის ქუჩა #38
1978	1	\N	მაია ხუნდაძე
1979	1	\N	შ.პ.ს. ,,აჩი"
1980	1	\N	ქ.დუშეთი.დ.აღმაშენებლის ქუჩა #3.
1981	1	\N	ვლადიმერ კარიაული
1982	1	\N	შ.პ.ს. ,,ქეიჯი კორპორაცია"
1983	1	\N	ქ.თბილისი.ყიფშიძის ქუჩა #6.
1984	1	\N	გიგა ღამბაშიძე
1985	1	\N	შპს "ქობულეთური ტრეიდინგი"
1986	1	\N	ქ.თბილისი ხორაშაულის 25
1987	1	\N	ლევან მელაძრე
1988	1	\N	შ.პ.ს. ,,ვეტსანჰიგ-ეკოლოგია"
1989	1	\N	ქ.თბილისი.ორბელიანის ქუჩა #29.
1990	1	\N	ზურაბ მამაცაშვილი
1991	1	\N	მიღება
1992	1	\N	გაცემა
1993	1	\N	ზედ. N
1994	1	\N	ზედ. ტიპი
1995	1	\N	ზედ. თარიღი
1996	1	\N	ზომის ერთეული
1997	1	\N	დარჩა
1998	1	\N	ერთეულის ფასი
1999	1	\N	ღირებულება
2000	1	\N	დაფინანსების წყარო
2001	1	\N	საქონლის ანგარიში
2002	1	\N	მეორადი
2003	1	\N	ვადა
2004	1	\N	საქ. კატეგორია
2005	1	\N	მინიმალური რაოდენობა
2006	1	\N	ოთახი
2007	1	\N	თარო
2008	1	\N	თაროს N
2009	2	1973	
2010	2	1974	
2011	2	1975	
2012	2	1976	
2013	2	1977	
2014	2	1978	
2015	2	1979	
2016	2	1980	
2017	2	1981	
2018	2	1982	
2019	2	1983	
2020	2	1984	
2021	2	1985	
2022	2	1986	
2023	2	1987	
2024	2	1988	
2025	2	1989	
2026	2	1990	
2045	1	\N	ადგილი თაროზე
2046	1	\N	ბარკოდი
2047	1	\N	ზედნადების N
2048	1	\N	ზედნადების ტიპი
2049	1	\N	საქონლის კატეგორია
2050	1	\N	შემომტანი
2051	1	\N	ფირმის დასახელება
2052	1	\N	ფირმის ტელეფონი
2053	1	\N	ფირმის მისამართი
2054	1	\N	ფირმის ელ-ფოსტა
2055	1	\N	უფლებამოსილი პირის პირადი N
2056	1	\N	უფლებამოსილი პირის სახელი
2057	1	\N	უფლებამოსილი პირის გვარი
2058	1	\N	უფლებამოსილი პირის ტელეფონი
2059	1	\N	- აირჩიეთ -
2060	1	\N	ვის გააქვს
2061	1	\N	ვისთვის გააქვს
2062	1	\N	იურიდიული პირი
2063	1	\N	კერძო პირი
2064	1	\N	შიდა
2065	1	\N	გატანა
2066	1	\N	შ.პ.ს. ,,თელეთის ყველის სახლი"
2067	1	\N	გარდაბნის მუნიციპალიტეტი.სოფელი ზემო თელეთი
2068	1	\N	ანა მიქაძე-ჩიკვაიძე
2069	1	\N	გარდაბნის მუნიციპალიტეტი.სოფეი ზემო თელეთი
2070	1	\N	შ.პ.ს. ,,ხაჭაპურის სახლი"
2215	2	2196	Restore All
2216	2	2195	Reject All
2071	1	\N	ქ.თბილისი მესხიშვილის ქუჩა #12
2072	1	\N	ვასილი მაჭარაშვილი
2094	2	2066	
2095	2	2067	
2096	2	2068	
2097	2	2069	
2098	2	2070	
2099	2	2071	
2100	2	2072	
2101	1	\N	ოპერაციები
2102	1	\N	- ზედნადების ტიპი -
2103	1	\N	- ზომის ერთეული -
2104	1	\N	- დაფინანსების წყარო -
2105	1	\N	- საქონლის კატეგორია -
2106	1	\N	ძებნა
2107	1	\N	ფილტრი
2108	1	\N	კატეგორიები
2109	1	\N	კვლევების ჩამონათვალი
2110	1	\N	საანალიზო მასალის ტიპი
2111	1	\N	სორტირება
2112	1	\N	ანალიზის კატეგორია
2113	1	\N	ანალიზის გატეგორია
2114	1	\N	საანალიზო მასალის ტიპები
2115	1	\N	კოდ(ებ)ი
2116	1	\N	ანალიზის ჯგუფი
2117	1	\N	კატეგორია
2118	1	\N	მეთოდი
2119	1	\N	შეიცავს სხვა ტესტებს
2120	1	\N	ფასები
2121	1	\N	normativebi
2122	1	\N	ინტერპრეტაცია
2123	1	\N	დამატებითი ინფორმაცია
2124	1	\N	კალკულაცია
2125	1	\N	ქალი
2126	1	\N	კაცი
2127	1	\N	სქესი
2128	1	\N	ასაკის ერთეული
2129	1	\N	მინ. ასაკი
2130	1	\N	მაქს. ასაკი
2131	1	\N	მინ. ნორმა
2132	1	\N	მაქს. ნორმა
2133	1	\N	აპარატი
2134	1	\N	ჩანაწერის დამატება
2135	1	\N	დანახარჯი
2136	1	\N	თვითღირებულება
2137	1	\N	მიმდინარე თვითღირებულება
2138	1	\N	შეცვლის თარიღი
2139	1	\N	გატარებული
2140	1	\N	დაწუნებული
2141	1	\N	გატარებულია
2142	1	\N	მიღებულია
2143	1	\N	დაწუნებულია
2144	1	\N	დარჩენილია
2145	1	\N	დაწუნების მიზეზი
2146	1	\N	მიღებული
2147	2	2117	Category
2148	2	2118	Method
2149	2	2112	Test Category
2150	2	2116	Test Group
2153	2	2115	Code(s)
2154	2	2111	Ordering
2155	2	2108	Categories
2156	2	2104	- Finance Source -
2158	2	2113	Test Category
2160	2	2107	Filter
2161	2	2114	Sample Material Types
2162	2	2110	Sample Material Type
2163	2	2106	Search
2164	2	2105	- Product Category -
2165	2	2102	- Invoice Type -
2166	2	2101	Operations
2167	2	2120	Prices
2168	2	2119	Includes other tests
2169	2	2128	Age Unit
2170	2	2134	Add Record
2171	2	2123	Additional Information
2172	2	2125	Female
2173	2	2138	Change Date
2174	2	2140	Rejected
2175	2	2143	Rejected
2176	2	2127	Gender
2177	2	2132	Max. Normative
2178	2	2137	Current Cost
2179	2	2142	Received
2180	2	2126	Male
2181	2	2141	Entered
2182	2	2124	Calculation
2183	2	2139	Entered
2184	2	2131	Min.Nomative
2185	2	2122	Interpretation
2186	2	2133	Device
2187	2	2135	Cost
2188	2	2146	Received
2189	2	2130	Max. Age
2190	2	2144	Left
2191	2	2145	Reject Reason
2193	2	2136	Cost
2194	1	\N	კვლევის დამატება
2195	1	\N	ყველას დაწუნება
2196	1	\N	ყველას დაბრუნება
2197	1	\N	ყველას წაშლა
2198	1	\N	ყველას ბეჭდვა
2199	1	\N	ყურადღება
2200	1	\N	დარწმუნებული ხართ, რომ გნებავთ ამ მოქმედების შესრულება?
2201	1	\N	დიახ
2202	2	2121	
2211	2	2201	Yes
2213	2	2198	Print All
2214	2	2197	Delete All
2219	2	2065	Move
2220	2	2064	Internal
2221	2	2063	Individual
2222	2	2062	Legal
2223	2	2059	- SELECT -
2224	2	2056	First Name of Authorized Person
2225	2	2057	Last Name of Authorized Person
2226	2	2058	Phone of Authorized Person
2227	2	2061	For whom
2228	2	1027	Food
2229	2	1649	Send All
2230	2	1650	Send
2231	2	1966	Document
2233	2	1992	Out
2236	1	\N	შპს " ჯიმ "
2237	1	\N	ქ. თბილისი უზნაძის ქ. 49
2238	1	\N	ლერი უდესიანი
2239	1	\N	შპს "ჯორჯიან მანგანიზი
2240	1	\N	ქ. თბილისი მიცკევიჩის 27ბ
2241	1	\N	ირაკლი ნოზაძე
2242	1	\N	CCFTNB-დანამატი
2243	1	\N	Cl.septikum--ATCC შტამი
2244	1	\N	Cmm- სწრაფი დეტექციის კიტი (LOEWE)
2245	1	\N	Cms- სწრაფი დეტექციის კიტი (LOEWE)
2246	1	\N	CNNP-დანამატი
2247	1	\N	co2 - ის პაკეტი
2248	1	\N	CSA (Columbia sheep blood agar)
2249	1	\N	DAKO
2250	1	\N	dNTP  Qiagen 
2251	1	\N	80021
2252	1	\N	DRBG აგარი
2253	1	\N	4017352
2254	1	\N	Erysipelothrix insidiosa
2255	1	\N	Esherichia coli--ATCC შტამი
2256	1	\N	FITC მონიშნული ბოცვრის ანტიგენი 
2257	1	\N	FITC ჰემაგლუტინაციის ბუფერფხვნილი
2258	1	\N	Foodproof Sample Preparation Kit III
2259	1	\N	12280050
2260	1	\N	Francisella tularensis -6223 ATCC შტამი
2261	1	\N	GLRaV-1 ვირუსის Das Elisa-ს სრული ნაკრები 12. „GLRaV-1 Elisa complete kit 960” 
2262	1	\N	122372
2263	1	\N	GLRaV-3  ვირუსის Das Elisa-ს სრული ნაკრები „GLRaV-3 Elisa complete kit 960
2264	1	\N	Haemophilus influenzae ATCC შტამი
2265	1	\N	ITS5 5 პრაიმერი
2266	1	\N	  A8274(E08)
2267	1	\N	Klebsiella  ATCC შტამი
2268	1	\N	Listeria -19111 ATCC შტამი
2269	1	\N	L-ცისტეინი
2270	1	\N	Melissococcus plutonius ATCC შტამი
2271	1	\N	MgCl2      invitrogen
2272	1	\N	Cat # 201900
2273	1	\N	MYPGP აგარი(Mueller-Hinton broth,Yeast exsract,Potassium posphate,Glucose and Pyruvate)
2274	1	\N	Pasteurella multocida-ATCC შტამი
2275	1	\N	Phosphate Buffered Saline pH 7.4(PBS)
2276	1	\N	PLA (Paenibacillus Larvae agar)
2277	1	\N	P.Larvae ATCC შტამი
2278	1	\N	PMTV-  კარტოფილის მოპ-ტოპ ვირუსის Das Elisa-ს სრული ნაკრები4. „PMTV Elisa complete kit 480” 
2279	1	\N	110975
2280	1	\N	Proteus- ATCC შტამი
2281	1	\N	Pseudomonas aeruginosa ATCC შტამი
2282	1	\N	PureLink Pure Viral RNA/DNA  Mini kit  
2283	1	\N	15585011
2284	1	\N	PVM -  კარტოფილის ვირუსი M -ის Das Elisa-ს სრული ნაკრები . „PVM   Elisa complete kit 480”
2285	1	\N	113075
2286	1	\N	PVX- კარტოფილის ვირუსი Y -ის Das Elisa-ს სრული ნაკრები  . „PVX   Elisa complete kit 480” ;  
2287	1	\N	110575
2288	1	\N	PVY- კარტოფილის ვირუსი Y -ის Das Elisa-ს სრული ნაკრები PVY   Elisa complete kit 480” ; ;  “PVY
2289	1	\N	110275
2290	1	\N	QuEChERS საექსტრაქციო მარილების ნარევი (6 გ მაგნიუმის სულფატი MgSO4, 1.5 g ნატრიუმის აცეტატი CH3COONa)
2291	1	\N	RNA საექსტრაქციო კიტი
2292	1	\N	Rs-აგრისტრიპი
2293	1	\N	Rs- სწრაფი დეტექციის კიტი (LOEWE)
2294	1	\N	Salmonella ATCC შტამი
2295	1	\N	Salmonella typhimurium ATCC შტამი
2296	1	\N	ST-1 -  ATCC შტამი
2297	1	\N	Staphylococcus aureus-ATCC შტამი
2298	1	\N	Streptococus ATCC შტამი
2299	1	\N	SuperScript One-Step RT-PCR with Platinim RT/Taq1 Box Master mix
2300	1	\N	Ref #     210212
2301	1	\N	TAE ბუფერი 
2302	1	\N	REF V3125
2303	1	\N	Taq platinium DNA polymerase
2304	1	\N	ToMV- პომიდვრის მოზაიკის ვირუსის Das Elisa-ს სრული ნაკრები" ToMV Elisa complete kit 480”"
2305	1	\N	190175
2306	1	\N	TSWV- პომიდვრის ლაქიანობის და ჭკნობის ვირუსის Das Elisa-ს სრული TSWV Elisa complete kit 480” 
2307	1	\N	161175
2308	1	\N	TTC 1% ხსნარი
2309	1	\N	tween 20
2310	1	\N	VRBL აგარი
2396	1	\N	გლიცერინი    50%
2397	1	\N	A8274 (D07)
2398	1	\N	გლიცერინი 99.5%-იანი
2311	1	\N	WMV-2- საზამთროს მოზაიკის ვირუსის Das Elisa-ს სრული ნაკრები "WMV-2  Elisa complete kit 480”
2312	1	\N	G4251
2313	1	\N	XLD აგარი
2314	1	\N	4011162
2315	1	\N	Xylophilus ampelinus დეტექციის პჯრ ნაკრები
2316	1	\N	08009C
2317	1	\N	Yersinia pseudotuberculosis- ATCC შტამი
2318	1	\N	აგარი (Liofilchem)
2319	1	\N	აგაროზა
2320	1	\N	cat # 15585011
2321	1	\N	აგაროზა (Ultra Pure Agarose)  
2322	1	\N	15593-031
2323	1	\N	ავტოსემპლერის  ვიალები 2 მლ 
2324	1	\N	ავტოსემპლერის ვიალები 2 მლ
2325	1	\N	ავტოსემპლერის ვიალის მიკრო ჩასადგამი (250 მკლ)
2326	1	\N	ავტოსემპლერის ვიალის სეპტა
2327	1	\N	აზიდ დექტროზას ბულიონი
2328	1	\N	M1776
2329	1	\N	აზოტი (99,9995% სისუფთავის)
2330	1	\N	აზოტი,  99,9995% სისუფთავის
2331	1	\N	აზოტმჟავა
2332	1	\N	აზოტმჟავა HNO3, trace metals grade, (ρ=1.4 გ/მლ)
2333	1	\N	აზოტმჟავა   ვერცხლი
2334	1	\N	აზოტმჟავა ვერცხლი 
2335	1	\N	აზოტმჟავა კონც.
2336	1	\N	აკრიფლავინი
2337	1	\N	ალუმინ კალიუმის შაბი
2338	1	\N	ამიაკი
2339	1	\N	ამიაკი 25%-იანი
2340	1	\N	ამიაკის 25%-ანი ხსნარი
2341	1	\N	ამიკი
2342	1	\N	ამოიუმის ქლორიდი
2343	1	\N	ამონიუმის აცეტატი
2344	1	\N	ამონიუმისგვარჯილა
2345	1	\N	ამონიუმის ნიტრატი
2346	1	\N	ამონიუმის როდანიდი 0.05Nფიქსონალი
2347	1	\N	ამონიუმის  როდანიდი 0.1მოლ
2348	1	\N	ამონიუმის ფოსფატი ერთჩანაცვლებული
2349	1	\N	ამონიუმის ქლორიდი
2350	1	\N	ამონიუმის ქლორიდი 
2797	2	2335	
2351	1	\N	ამონიუმ-რკინის სულფატი
2352	1	\N	ანტიბიოტიკ ქლორანფენიკოლის დანამატი
2353	1	\N	5131022
2354	1	\N	არა აცეტილირებული ულტრა სისუფთავის ხარის შრატის ალბუმინი (Ultra pure BSA , non acetylatrd) არა აცეტილირებული
2355	1	\N	K0791
2356	1	\N	აღდგენილი l-glutationi (L-Glutathione Reduced)
2357	1	\N	95210
2358	1	\N	აცეტონიტრილი (ქრომატოგრაფიული სისუფთავის)
2359	1	\N	აცეტონი (ქრომატოგრაფიული სისუფთავის)
2360	1	\N	აცეტონი (ქრომატოგრაფიული სისუფთავის) 
2361	1	\N	ბაირდ პარკერის აგარი
2362	1	\N	4021452
2363	1	\N	ბაირდ-პარკერის აგარი
2364	1	\N	ბალზამი
2365	1	\N	ბარიუმის ქლორიდი
2366	1	\N	ბაქტერიოლოგიური აგარი (Biolife)
2367	1	\N	ბენზიდინის ფხვნილი
2368	1	\N	ბენზოლი
2369	1	\N	ბეტა-ლაქტამაზა
2370	1	\N	ბისმუტსულფიდ აგარი
2371	1	\N	ბლუთანგი
2372	1	\N	ბორის მჟავა
2373	1	\N	ბოცვრის მშრალი ციტრირებული პლაზმა
2374	1	\N	ბოცვრის ნორმალური შრატი
2375	1	\N	ბოცვრის პლაზმის ფიბრინოგენი
2376	1	\N	423700
2377	1	\N	ბრილიანტის მწვანეს აგარი
2378	1	\N	610059
2379	1	\N	ბრომთიმოლი
2380	1	\N	ბრომკრეზოლი მწვანე 
2381	1	\N	ბრუცელას სააგლუტინაციო შრატი
2382	1	\N	ბრუცელოზ ბულიონი
2383	1	\N	ბრუცელოზი ბაქტერიული გენომის აღმოჩენა
2384	1	\N	Ref# target 2 3841;    Ref # target 3 3887;  Biofire
2385	1	\N	ბურილის ბულიონი
2386	1	\N	ბუფერული ხსნარი 10.01
2387	1	\N	ბუფერული ხსნარი 4.01
2388	1	\N	ბუფერული ხსნარი 7.01
2389	1	\N	ბუფერულ-პეპტონიანი წყალი 
2390	1	\N	4021852
2391	1	\N	გალაქტოზა
2392	1	\N	გამა ფაგი
2393	1	\N	გამოხდილი წყალი
2394	1	\N	გლიცერინი
2395	1	\N	81017
2399	1	\N	გლიცერინი /აბუსალათინის ზეთი
2400	1	\N	გლიცერინის წყალხსნარი 50%
2401	1	\N	გლუკოზა
2402	1	\N	გმო ექსტრაქციის კიტი (GMO extraction kit)
2403	1	\N	გმო  სკრინინგის კიტი (TaqMan™ GMO Screening Kit
2404	1	\N	4466335
2405	1	\N	გოგირგმჟავა 
2406	1	\N	გოგირდმჟავა
2407	1	\N	გოგირდმჟავა 0.1ნ
2408	1	\N	89138
2409	1	\N	გოგირდმჟავა (ანალიზური სისუფთავის)
2410	1	\N	გოგირდმჟავა კონც.
2411	1	\N	გოგირდმჟავა ფიქსონალი  0.1ნ
2412	1	\N	გოგირდჟავა 
2413	1	\N	გრამის სარებავების ნაკრები
2414	1	\N	გრამის საღებავი
2415	1	\N	გულის ინფუზორული ბულიონი
2416	1	\N	გულ-ტვინის საინფუზიო ბულიონი
2417	1	\N	101415210
2418	1	\N	დანსილ ქლორიდი, ACS ხარისხი
2419	1	\N	დარიშხანის   სტანდარტული ხსნარი, 1000 მგ/ლ 
2420	1	\N	დეზოქსიქოლატ ციტრატ ლაქტოზის აგარი
2421	1	\N	4020462
2422	1	\N	დემეკლოციკლინის ჰიდროქლორიდის სტანდარტი
2423	1	\N	დიეთილის ეთერი
2424	1	\N	დიეთილის ეთერი (ქრომატოგრაფიული სისუფთავის)
2425	1	\N	დიტიზონი
2426	1	\N	დნმ-ის ექტრაქციის კიტი (Easy−DNA™ Kit)
2427	1	\N	ედეტა ნატრიუმის
2428	1	\N	ევან ბლუ
2429	1	\N	ეთანოლი 99.8% (Ethanol absolute)
2430	1	\N	K31002
2431	1	\N	ეთერინიკიფოროვის ნარევი
2432	1	\N	ეთიდიუმ ბრომიდი
2433	1	\N	ეთიდიუმის ბრომიდი (Ethidium Bromide)
2434	1	\N	9003-39-8
2435	1	\N	ეთილის სპირტი
2436	1	\N	ეთილის სპირტი    70%
2437	1	\N	ენდო
2438	1	\N	ეოზინი
2439	1	\N	ერიოქრომ შავი
2440	1	\N	ეშერიხია კოლის პოლივალენტური შრატი (5მლ-50მკლ)
2441	1	\N	ვანკომიცინის დანამატი
2442	1	\N	03-OX
2443	1	\N	ვერცხლის ნიტრატი
2444	1	\N	ვერცხლის ნიტრატი  0.05ნ
2445	1	\N	ვერცხლის ნიტრატი 0.1მოლ
2446	1	\N	ვერცხლის ნიტრატი 0.1 ნ
2447	1	\N	ვოგეს-პროსკაუერის რეაგენტი A
2448	1	\N	39442
2449	1	\N	ვოგეს-პროსკაუერის რეაგენტი B
2450	1	\N	3813
2451	1	\N	თიონინის აგარი
2452	1	\N	თიოშარდოვანა
2453	1	\N	თურქული FMDV სეროტიპი Asia 1 -სპეციფიური ანტისხეულების აღმომჩენი
2454	1	\N	4012782
2455	1	\N	თურქული FMDV სეროტიპი A-სპეციფიური ანტისხეულების აღმომჩენი
2456	1	\N	თურქული FMDV სეროტიპი O-სპეციფიური ანტისხეულების აღმომჩენი
2457	1	\N	 თურქული    ვირუსული გენომის აღმოჩენა
2458	1	\N	Tetracore TC-9032-064
2459	1	\N	თურქულის არასტრუქტურული ცილების აღმომჩენი სადიაგნოსტიკო კიტი
2460	1	\N	იზოამილის სპირტი
2461	1	\N	იზოპროპანოლი
2462	1	\N	Tetracore TC-9017-064
2463	1	\N	იმერსიული ზეთი
2464	1	\N	კადმიუმის სტანდარტული ხსნარი, 1000 მკ/ლ
2465	1	\N	კალიალუმინის შაბი 
2466	1	\N	კალიალუმო -ნატრიუმის ღვინისმჟავა(სეგეტის მარილი)
2467	1	\N	კალიუმ ალუმინის შაბი
2468	1	\N	კალიუმის ბიქრომატრი
2469	1	\N	კალიუმის ბრომატი
2470	1	\N	კალიუმის ბრომიდი                                                                   
2471	1	\N	კალიუმის იოდიდი
2472	1	\N	კალიუმის კარბონატი
2473	1	\N	25666
2474	1	\N	კალიუმის პერმანგანატი
2475	1	\N	კალიუმის სულფატი
2476	1	\N	კალიუმის ფოსფატი ორჩანაცვლებული
2477	1	\N	კალიუმის ქლორიდი
2478	1	\N	კალიუმის ქლორიდი 0.05N ფიქსონალი
2479	1	\N	კალიუმის ქრომატი
2480	1	\N	კალიუმის ქრომმჟავა
2481	1	\N	კალიუმის ჰიდროქსიდი
2482	1	\N	კალიუმის ჰიდროქსიდი (KOH)
2483	1	\N	კალციუმის ნიტრატი ტეტრაჰიდრატი
2484	1	\N	კალციუმის ქლორიდი
2485	1	\N	170572
2486	1	\N	კარტოფილ დექსტროზა საქაროზის აგარი
2487	1	\N	კარტოფილის მურა სიდამპლის გამომწვევი ბაქტერიის (Ralstonia solanacearum)  Das Elisa-ს სრული ნakrebi9. „Ralstonia solanacearum Elisa complete kit 960” ;
2488	1	\N	07069C
2489	1	\N	კარტოფილის რგოლური სიდამპლის გამომწვევი ბაქტერიის (Clavibacter michiganensis. subsp. sepedonicus)  Das Elisa-ს სრული ნაკრები11. „Clavibacter michiganensis. subsp. sepedonicus Elisa complete kit 960”   
2490	1	\N	120172
2491	1	\N	კატალაზა
2492	1	\N	კესლერი
2493	1	\N	კესლერის ბულიონი
2494	1	\N	კვარცის ქვიშა
2495	1	\N	კვერცხის გულის დანამატი ტელურიტით
2496	1	\N	81064
2497	1	\N	კინგის A აგარი
2498	1	\N	კინგის B აგარი
2499	1	\N	კლიგლერის აგარი
2500	1	\N	 5′ GGCGATGTCCATTCCCTG 3′) Sigma
2501	1	\N	კობალტის სულფატი
2502	1	\N	კოვაჩის რეაქტივი
2503	1	\N	კონიუგატი
2504	1	\N	კონტაგიოზური ექთიმა 
2505	1	\N	Cat # Ref 10928-042
2506	1	\N	 კრისტალ-ვიოლეტ-პექტატის აგარი
2507	1	\N	კრისტალური ვიოლეტი
2508	1	\N	კრისტალური იისფერი ნეიტრალური წითელის ნაღვლის გლუკოზის აგარი
2509	1	\N	610601
2588	1	\N	ნატრიუმის ჰიდროქსიდი (ფიქსონალი)
2510	1	\N	კრისტალური იისფერი ნეიტრალური წითელის ნაღვლის ლაქტოზის აგარი
2511	1	\N	4022082
2512	1	\N	ლაქტოზა
2513	1	\N	ლაქტოფენოლი
2514	1	\N	15281601
2515	1	\N	ლევინა
2516	1	\N	ლივენშტეინ-იენსენის აგარი
2517	1	\N	ლიმონმჟავა ნატრიუმი
2518	1	\N	ლიმონმჟავა, ქიმიურად სუფთა
2519	1	\N	ლიოფილიზირებული B anthracis კაფსულის ანტიგენ სპეციფიური ფლუორესცეინის იზოთიოციანითან კონიუგირებული ანტისხეულები
2520	1	\N	ლისტერიას მოძრაობის დასადგენი ნიადაგი
2521	1	\N	4021662
2522	1	\N	ლუგოლის ხსნარი
2523	1	\N	მაგნიუმის სულფატი 0.05ნ
2524	1	\N	მაგნიუმის სულფატი MgSO4 უწყლო
2525	1	\N	მაგნიუმის სულფატის ფიქსონალი
2526	1	\N	მაგნიუმის ქლორიდი
2527	1	\N	მალტოზა მონოჰიდრატი
2528	1	\N	მანიტი (Biolife)
2529	1	\N	მანიტი (Oxford)
2530	1	\N	მანიტი (Scharlau)
2531	1	\N	15525017
2532	1	\N	მარილიანი აგარი
2533	1	\N	KM9619
2534	1	\N	მარილმჟავა
2535	1	\N	მარილმჟავა 
2536	1	\N	მარილმჟავა 0.1ნ
2537	1	\N	მარილმჟავა 10%
2538	1	\N	მარილმჟავა კონ.
2539	1	\N	მარილმჟავა კონცენტრირებული,  ACS ხარისხი
2540	1	\N	მარილმჟავა ჰიდროქსილამინი
2541	1	\N	მასტიტის კალიფორნიული ტესტი
2542	1	\N	მეთანოლი (ქრომატოგრაფიული სისუფთავის)
2543	1	\N	მეთანოლი (ქრომატოგრაფული სისუფთავის)
2544	1	\N	მეთილენის ან ეთილის სპირტი-95 %
2545	1	\N	მეთილენის ლურჯი
2546	1	\N	მეთილენის წითელი
2547	1	\N	მეთილენ-ლურჯი
2548	1	\N	მეთილის ნარინჯი
2549	1	\N	მეთილის წითელი
2550	1	\N	მეთილნარინჯი
2551	1	\N	მეთილ- წითელი
2552	1	\N	მიკრო ფილტრები 0,45 μm
2553	1	\N	მიულერ-კაუფმანის ნიადაგი 
2554	1	\N	552175
2555	1	\N	მიულერ-ჰინტონის აგარი
2556	1	\N	მჟაუნმჟავა
2557	1	\N	მსხვილფეხა  საქონლის ჭირი ვირუსული გენომის აღმოჩენა
2558	1	\N	Tetracore TC-9031-064;     LSI VetMax BTV-NS3
2559	1	\N	მურექსიდი
2560	1	\N	მურომცევის საღებავი
2561	1	\N	მყარფაზური ექსტრაქციის სვეტი Strata X 33 μm 500 მგ/ 6 მლ
2562	1	\N	ნალიდიქსინის მჟავა
2563	1	\N	ნატრიუმ დოდეცილსულფატი (Ultra Pure Sodium Dodecyl l Sulfate (SDS)-
2564	1	\N	ნატრიუმი/კალიუმის 10% ხსნარი
2565	1	\N	ნატრიუმის აზიდი
2566	1	\N	ნატრიუმის აცეტატი სამწყლიანი
2567	1	\N	ნატრიუმის ბიკარბონატი
2568	1	\N	ნატრიუმის თიოსულფატი
2569	1	\N	ნატრიუმის თიოსულფატი 0.1ნ
2570	1	\N	ნატრიუმის კარბონატი
2571	1	\N	ნატრიუმის ნიტრატი
2572	1	\N	ნატრიუმის ნიტრიტი
2573	1	\N	ნატრიუმის ოქსალატი
2574	1	\N	ნატრიუმის სალიცილატი
2575	1	\N	ნატრიუმის სულფატი (ანალიზური სისუფთავის)
2576	1	\N	ნატრიუმის სულფიდი
2577	1	\N	ნატრიუმის სულფიტი 0.05ნ
2578	1	\N	ნატრიუმის ტუტე
2579	1	\N	ნატრიუმის ტუტე  20%
2580	1	\N	ნატრიუმის ქლორიდი
2581	1	\N	ნატრიუმის ძმარმჟავა 3 წყლიანი 
2582	1	\N	ნატრიუმის ჰიდროკარბონატი, ACS ხარისხი 
2583	1	\N	ნატრიუმის ჰიდროფოსფატი, ქიმიურად სუფთა
2584	1	\N	ნატრიუმის ჰიდროქსიდი
2585	1	\N	ნატრიუმის ჰიდროქსიდი 
2586	1	\N	ნატრიუმის ჰიდროქსიდი 0.1 ნ
2587	1	\N	ნატრიუმის ჰიდროქსიდი 0.1ნ
2674	1	\N	რეზორცინი
2589	1	\N	ნატრიუმის ჰიპოქლორიტი 0.5%
2590	1	\N	ნაღველ-ესკულინის დისკი
2591	1	\N	ნაღველ ლაქტოზიანი აგარი ბრილიანტის მწვანით
2592	1	\N	ნაღველ ლაქტოზიანი ბულიონი ბრილიანტის მწვანეთი 2%
2593	1	\N	4016042
2594	1	\N	ნახევრად თხიერი აგარი
2595	1	\N	ნესლერის რეაქტივი
2596	1	\N	ნესლერის რექტივი
2597	1	\N	ნიადაგი ვოგეს პროსკაუერის ტესტისთვის
2598	1	\N	610238
2599	1	\N	ნიადავი ვოგეს პროსკაუერის ტესტისთვის
2600	1	\N	Ref # 3829 BioFire
2601	1	\N	ნიკოტინის მჟავა
2602	1	\N	ნიმუშების გასაზავებელი დილუენტი
2603	1	\N	0360P
2604	1	\N	ნიუკასლი ELISA ანტისხეულების კიტი
2605	1	\N	ნიუკასლი Forward ვირუსული გენომის აღმოჩენა
2606	1	\N	5’-AGCTGTTGCAACCCCAAG-3’   Sigma
2607	1	\N	ნიუკასლი Probe
2608	1	\N	NP3  GTCTCGGAAATCGCCTCACAGACT;  Sigma
2609	1	\N	ნიუკასლი Reverse
2610	1	\N	5’-FAM-AAGCGTTTCTGTCTCCTTCCTCCA[BHQ]-3’  Sigma
2611	1	\N	ნიშადურის სპირტი
2612	1	\N	ნოდულარული დერმატიტი ვირუსული გენომის აღმოჩენა
2613	1	\N	Tetracore TC-9015-064
2614	1	\N	ორთოფოსფორმჟავა
2615	1	\N	ორთოფოსფორმჟავა, ქიმიურად სუფთა
2616	1	\N	ოქსიდაზა
2617	1	\N	ოქსიდაზა დისკი
2618	1	\N	ოქსიდაზას დისკი
2619	1	\N	4240042
2620	1	\N	ოქსიტეტრაციკლინის სტანდარტი
2621	1	\N	 პალადიუმის ხსნარი (მოდიფიკატორი  5% H3NO3-ში)
2622	1	\N	პალკამ აგარი
2623	1	\N	4012972
2624	1	\N	პალკამ აგარის ანტიმიკრობული დანამატი
2625	1	\N	4240044
2626	1	\N	პარამიქსოვირუსები Probe
2627	1	\N	5’-GGTGAGTCTATCCGGARGATACAAG-3’  Sigma
2628	1	\N	პარამიქსოვირუსები Reverse
2629	1	\N	5’-FAM-TTCTCTAGCAGTGGGACAGCCTGC[BHQ]-3’ Sigma
2630	1	\N	პარამიქსოვირუსები  ვირუსული გენომის აღმოჩენა- Forward
2631	1	\N	5’-CCTGAGGAGAGGCATTTGCTA-3’ Sigma
2632	1	\N	პარაფინი
2633	1	\N	8056
2634	1	\N	პარაფინის ზეთი
2635	1	\N	პასტერის პიპეტი
2636	1	\N	პეპტონიანი წყალი ტრიფტოფანით
2637	1	\N	551560
2638	1	\N	პეპტონ-ტრიფტონის წყალი
2639	1	\N	პირაგალოლის   მჟავა
2640	1	\N	პირდაპირი XeF
2641	1	\N	პირდაპირი XvF
2642	1	\N	პირდაპირი და უკუ პრაიმერი XvF XvR
2643	1	\N	52365
2644	1	\N	პირდაპირი პრაიმერი G1F
2645	1	\N	A8274(H04)
2646	1	\N	პირდაპირი პრაიმერი OL1
2647	1	\N	A8274(D09)
2648	1	\N	პირდაპირი პრაიმერი PAS1
2649	1	\N	A8274(E07)
2650	1	\N	პირდაპირი პრაიმერი PF1
2651	1	\N	პირდაპირი პრაიმერი Y2
2652	1	\N	A8274 (D10)  
2653	1	\N	პლეტ აგარი
2654	1	\N	პოლივინილპიროლიდონი (PVP40)
2655	1	\N	16500100
2656	1	\N	პოლიმიქსინ B-სულფატი
2657	1	\N	პჯრ ჩასატარებელი კიტი (Platinum® PCR Supermix High Fidelity
2658	1	\N	110475
2659	1	\N	ჟელატინი
2660	1	\N	რაპაპორტ ვასილიადისის ნიადაგი
2661	1	\N	4014952
2662	1	\N	რეაგენტების ნაკრები E.COLI O157h7
2663	1	\N	D 11000157
2664	1	\N	რეაგენტების ნაკრები ენტერობაქტერია საკაზაკიისათვის
2665	1	\N	D 12762689
2666	1	\N	რეაგენტების ნაკრები ვიბრიო პარაჰაემოლიტიკუსისათვის
2667	1	\N	D 11801836
2668	1	\N	რეაგენტების ნაკრები ლისტერია მონოციტოგენეზისათვის
2669	1	\N	D12863877
2670	1	\N	რეაგენტების ნაკრები ოქროსფერი სტაფილოკოკისათვის 
2671	1	\N	271030
2672	1	\N	რეაგენტების ნაკრები სალმონელასთვის
2673	1	\N	D 12404903
2675	1	\N	რეფერენს მასალა BCR-163
2676	1	\N	რეფერენს მასალა BCR-519
2677	1	\N	რკინა ამონიუმის შაბი
2678	1	\N	რკინა სულფიდ აგარი
2679	1	\N	რკინის სტანდარტი
2680	1	\N	რომანოვსკი გიმზა
2681	1	\N	რომანოვსკი-გიმზას სამუშაო ხსნარი
2682	1	\N	საკვები აგარი
2683	1	\N	610224
2684	1	\N	საკვები აგარი (Biolife)
2685	1	\N	საკვები აგარი (Liofilchem)
2686	1	\N	საკვები ბულიონი
2687	1	\N	საკვები ბულიონი (Biolife)
2688	1	\N	საკვები ბულიონი (Liofilchem)
2689	1	\N	სალმონელას ლატექს აგლუტინაციის ტესტი
2690	1	\N	4017142
2691	1	\N	სალმონელას პოლივალენტური შრატი
2692	1	\N	სალმონელა შგელას აგარი
2693	1	\N	სამშაქრიანი რკინის აგარი
2694	1	\N	საფუვრის ექსტრაქტის აგარი
2695	1	\N	საქაროზა
2696	1	\N	სახამებელი
2697	1	\N	სეგნეტის მარილი
2698	2	2236	
2699	2	2237	
2700	2	2238	
2701	2	2239	
2702	2	2240	
2703	2	2241	
2704	2	2242	
2705	2	2243	
2706	2	2244	
2707	2	2245	
2708	2	2246	
2709	2	2247	
2710	2	2248	
2711	2	2249	
2712	2	2250	
2713	2	2251	
2714	2	2252	
2715	2	2253	
2716	2	2254	
2717	2	2255	
2718	2	2256	
2719	2	2257	
2720	2	2258	
2721	2	2259	
2722	2	2260	
2723	2	2261	
2724	2	2262	
2725	2	2263	
2726	2	2264	
2727	2	2265	
2728	2	2266	
2729	2	2267	
2730	2	2268	
2731	2	2269	
2732	2	2270	
2733	2	2271	
2734	2	2272	
2735	2	2273	
2736	2	2274	
2737	2	2275	
2738	2	2276	
2739	2	2277	
2740	2	2278	
2741	2	2279	
2742	2	2280	
2743	2	2281	
2744	2	2282	
2745	2	2283	
2746	2	2284	
2747	2	2285	
2748	2	2286	
2749	2	2287	
2750	2	2288	
2751	2	2289	
2752	2	2290	
2753	2	2291	
2754	2	2292	
2755	2	2293	
2756	2	2294	
2757	2	2295	
2758	2	2296	
2759	2	2297	
2760	2	2298	
2761	2	2299	
2762	2	2300	
2763	2	2301	
2764	2	2302	
2765	2	2303	
2766	2	2304	
2767	2	2305	
2768	2	2306	
2769	2	2307	
2770	2	2308	
2771	2	2309	
2772	2	2310	
2773	2	2311	
2774	2	2312	
2775	2	2313	
2776	2	2314	
2777	2	2315	
2778	2	2316	
2779	2	2317	
2780	2	2318	
2781	2	2319	
2782	2	2320	
2783	2	2321	
2784	2	2322	
2785	2	2323	
2786	2	2324	
2787	2	2325	
2788	2	2326	
2789	2	2327	
2790	2	2328	
2791	2	2329	
2792	2	2330	
2793	2	2331	
2794	2	2332	
2795	2	2333	
2796	2	2334	
2798	2	2336	
2799	2	2337	
2800	2	2338	
2801	2	2339	
2802	2	2340	
2803	2	2341	
2804	2	2342	
2805	2	2343	
2806	2	2344	
2807	2	2345	
2808	2	2346	
2809	2	2347	
2810	2	2348	
2811	2	2349	
2812	2	2350	
2813	2	2351	
2814	2	2352	
2815	2	2353	
2816	2	2354	
2817	2	2355	
2818	2	2356	
2819	2	2357	
2820	2	2358	
2821	2	2359	
2822	2	2360	
2823	2	2361	
2824	2	2362	
2825	2	2363	
2826	2	2364	
2827	2	2365	
2828	2	2366	
2829	2	2367	
2830	2	2368	
2831	2	2369	
2832	2	2370	
2833	2	2371	
2834	2	2372	
2835	2	2373	
2836	2	2374	
2837	2	2375	
2838	2	2376	
2839	2	2377	
2840	2	2378	
2841	2	2379	
2842	2	2380	
2843	2	2381	
2844	2	2382	
2845	2	2383	
2846	2	2384	
2847	2	2385	
2848	2	2386	
2849	2	2387	
2850	2	2388	
2851	2	2389	
2852	2	2390	
2853	2	2391	
2854	2	2392	
2855	2	2393	
2856	2	2394	
2857	2	2395	
2858	2	2396	
2859	2	2397	
2860	2	2398	
2861	2	2399	
2862	2	2400	
2863	2	2401	
2864	2	2402	
2865	2	2403	
2866	2	2404	
2867	2	2405	
2868	2	2406	
2869	2	2407	
2870	2	2408	
2871	2	2409	
2872	2	2410	
2873	2	2411	
2874	2	2412	
2875	2	2413	
2876	2	2414	
2877	2	2415	
2878	2	2416	
2879	2	2417	
2880	2	2418	
2881	2	2419	
2882	2	2420	
2883	2	2421	
2884	2	2422	
2885	2	2423	
2886	2	2424	
2887	2	2425	
2888	2	2426	
2889	2	2427	
2890	2	2428	
2891	2	2429	
2892	2	2430	
2893	2	2431	
2894	2	2432	
2895	2	2433	
2896	2	2434	
2897	2	2435	
2898	2	2436	
2899	2	2437	
2900	2	2438	
2901	2	2439	
2902	2	2440	
2903	2	2441	
2904	2	2442	
2905	2	2443	
2906	2	2444	
2907	2	2445	
2908	2	2446	
2909	2	2447	
2910	2	2448	
2911	2	2449	
2912	2	2450	
2913	2	2451	
2914	2	2452	
2915	2	2453	
2916	2	2454	
2917	2	2455	
2918	2	2456	
2919	2	2457	
2920	2	2458	
2921	2	2459	
2922	2	2460	
2923	2	2461	
2924	2	2462	
2925	2	2463	
2926	2	2464	
2927	2	2465	
2928	2	2466	
2929	2	2467	
2930	2	2468	
2931	2	2469	
2932	2	2470	
2933	2	2471	
2934	2	2472	
2935	2	2473	
2936	2	2474	
2937	2	2475	
2938	2	2476	
2939	2	2477	
2940	2	2478	
2941	2	2479	
2942	2	2480	
2943	2	2481	
2944	2	2482	
2945	2	2483	
2946	2	2484	
2947	2	2485	
2948	2	2486	
2949	2	2487	
2950	2	2488	
2951	2	2489	
2952	2	2490	
2953	2	2491	
2954	2	2492	
2955	2	2493	
2956	2	2494	
2957	2	2495	
2958	2	2496	
2959	2	2497	
2960	2	2498	
2961	2	2499	
2962	2	2500	
2963	2	2501	
2964	2	2502	
2965	2	2503	
2966	2	2504	
2967	2	2505	
2968	2	2506	
2969	2	2507	
2970	2	2508	
2971	2	2509	
2972	2	2588	
2973	2	2510	
2974	2	2511	
2975	2	2512	
2976	2	2513	
2977	2	2514	
2978	2	2515	
2979	2	2516	
2980	2	2517	
2981	2	2518	
2982	2	2519	
2983	2	2520	
2984	2	2521	
2985	2	2522	
2986	2	2523	
2987	2	2524	
2988	2	2525	
2989	2	2526	
2990	2	2527	
2991	2	2528	
2992	2	2529	
2993	2	2530	
2994	2	2531	
2995	2	2532	
2996	2	2533	
2997	2	2534	
2998	2	2535	
2999	2	2536	
3000	2	2537	
3001	2	2538	
3002	2	2539	
3003	2	2540	
3004	2	2541	
3005	2	2542	
3006	2	2543	
3007	2	2544	
3008	2	2545	
3009	2	2546	
3010	2	2547	
3011	2	2548	
3012	2	2549	
3013	2	2550	
3014	2	2551	
3015	2	2552	
3016	2	2553	
3017	2	2554	
3018	2	2555	
3019	2	2556	
3020	2	2557	
3021	2	2558	
3022	2	2559	
3023	2	2560	
3024	2	2561	
3025	2	2562	
3026	2	2563	
3027	2	2564	
3028	2	2565	
3029	2	2566	
3030	2	2567	
3031	2	2568	
3032	2	2569	
3033	2	2570	
3034	2	2571	
3035	2	2572	
3036	2	2573	
3037	2	2574	
3038	2	2575	
3039	2	2576	
3040	2	2577	
3041	2	2578	
3042	2	2579	
3043	2	2580	
3044	2	2581	
3045	2	2582	
3046	2	2583	
3047	2	2584	
3048	2	2585	
3049	2	2586	
3050	2	2587	
3051	2	2674	
3052	2	2589	
3053	2	2590	
3054	2	2591	
3055	2	2592	
3056	2	2593	
3057	2	2594	
3058	2	2595	
3059	2	2596	
3060	2	2597	
3061	2	2598	
3062	2	2599	
3063	2	2600	
3064	2	2601	
3065	2	2602	
3066	2	2603	
3067	2	2604	
3068	2	2605	
3069	2	2606	
3070	2	2607	
3071	2	2608	
3072	2	2609	
3073	2	2610	
3074	2	2611	
3075	2	2612	
3076	2	2613	
3077	2	2614	
3078	2	2615	
3079	2	2616	
3080	2	2617	
3081	2	2618	
3082	2	2619	
3083	2	2620	
3084	2	2621	
3085	2	2622	
3086	2	2623	
3087	2	2624	
3088	2	2625	
3089	2	2626	
3090	2	2627	
3091	2	2628	
3092	2	2629	
3093	2	2630	
3094	2	2631	
3095	2	2632	
3096	2	2633	
3097	2	2634	
3098	2	2635	
3099	2	2636	
3100	2	2637	
3101	2	2638	
3102	2	2639	
3103	2	2640	
3104	2	2641	
3105	2	2642	
3106	2	2643	
3107	2	2644	
3108	2	2645	
3109	2	2646	
3110	2	2647	
3111	2	2648	
3112	2	2649	
3113	2	2650	
3114	2	2651	
3115	2	2652	
3116	2	2653	
3117	2	2654	
3118	2	2655	
3119	2	2656	
3120	2	2657	
3121	2	2658	
3122	2	2659	
3123	2	2660	
3124	2	2661	
3125	2	2662	
3126	2	2663	
3127	2	2664	
3128	2	2665	
3129	2	2666	
3130	2	2667	
3131	2	2668	
3132	2	2669	
3133	2	2670	
3134	2	2671	
3135	2	2672	
3136	2	2673	
3137	2	2675	
3138	2	2676	
3139	2	2677	
3140	2	2678	
3141	2	2679	
3142	2	2680	
3143	2	2681	
3144	2	2682	
3145	2	2683	
3146	2	2684	
3147	2	2685	
3148	2	2686	
3149	2	2687	
3150	2	2688	
3151	2	2689	
3152	2	2690	
3153	2	2691	
3154	2	2692	
3155	2	2693	
3156	2	2694	
3157	2	2695	
3158	2	2696	
3159	2	2697	
3160	1	\N	შ.პ.ს. ,,იბერკომპანი"
3161	1	\N	ქ.თბილისი ჭავჭავაძის გამზირი #37 ,,ლ"
3162	1	\N	გიორგი გამგონეიშვილი
3163	1	\N	 შ.პ.ს. ,,იმერი"
3164	1	\N	ქ.ტყიბული ბარათაშვილის ქუჩა #25
3165	1	\N	ეთერი ჩიკვაიძე
3166	1	\N	შპს "იმპერვეტი "
3167	1	\N	ქ. თბილისი. წერეთლის გამზ. #142
3168	1	\N	მიხეილ თეთრუაშვილი
3169	1	\N	შ.პ.ს. ,,ინა"
3170	1	\N	ქ.თბილისი.გოგოლაურის ქუჩა #5
3171	1	\N	ინა ვეფხვაძე
3172	1	\N	შპს ,,იუნიფიშ ჯი"
3173	1	\N	ქ. თბილისი პეკინის ქუჩა #5
3174	1	\N	ოთარი ფხაკაძე
3175	1	\N	შპს ,,იუჯი ბაღი"
3176	1	\N	ქ.თბილისი ალექსიძის ქუჩა #8
3177	1	\N	ჯარჯი ჭიკაიძე
3178	1	\N	შ.პ.ს. ,,იფქლი პირველი"
3179	1	\N	ქ.თბილისი.გოძიაშვილის #22/24.
3180	1	\N	მირზა ლობჟანიძე
3181	1	\N	შ.პ.ს '' კავკასია - 2"
3182	1	\N	საგარეჯოს რნ-ი სოფ. იორმუღანლო
3183	1	\N	ემზარ ძამაშვილი
3184	1	\N	შპს კარდიოლოგიური კლინიკა " გული "
3185	1	\N	ქ. თბილისი ქეთევან წამებულის # 12 ბ 38
3186	1	\N	აკაკი ასათიანი
3187	1	\N	შპს 'კასკო - 2015 "
3188	1	\N	ქ. თბილისი. გაგრის ქ. # 2
3189	1	\N	გიორგი ბეროშვილი
3190	1	\N	შ.პ.ს. ,,კომპლექსაგრო"
3191	1	\N	ქარელის მუნიციპალიტეტი.სოფელი ბებნისი.
3192	1	\N	გიორგი ჭონიშვილი
3193	1	\N	შპს" კოწახურა "
3194	1	\N	ქ. კასპი ცემ. ქარხნის მიმდებარე ტერიტორია
3195	1	\N	თამაზ ნიპარიშვილი
3196	1	\N	შ.პ.ს. ,,კრწანისი" სკოლა კრწანისი ,,მარჯი"
3197	1	\N	ქ. თბილისი.კრწანისის ქ.#38.
3198	1	\N	შპს "ლაგუელ"
3199	1	\N	ქ. თბილისი შარდენის ქუჩა #1
3200	1	\N	ელეონორა შენგელია
3201	1	\N	შ.პ.ს. ,,ლამპარი 2008"
3202	1	\N	თამილა მელითაური
3203	1	\N	შპს : ლაშარელა "
3204	1	\N	მარნეული სულხან საბას ქ. # 13
3205	1	\N	თორნიკე ლაშხი
3206	1	\N	შპს " ლეანკა "
3207	1	\N	დედოფლისწყარო ჰერეთის  მე -2 ჩიხი
3208	1	\N	ქეთინო ჩალახრშვილი
3209	1	\N	შპს ,,ლიდერფუდ+"
3210	1	\N	ქ. მცხეთა ნარეკვავის დასახლება საავტომობილო გზის 27-ე კმ.
3211	1	\N	ემზარი ზარიაშვილი
3212	1	\N	შპს "ლისიტესტი "
3213	1	\N	ქ. თბილისი ლისის ტბის მიმდებარე ტერიტორია
3214	1	\N	ზურაბ კვანტალიანი
3215	1	\N	მიმღები განყოფილება
3216	1	\N	ნიმუში
3217	1	\N	ხელშეკრულება N45.78
3218	1	\N	მომართვა N23
3219	1	\N	ახალი მომართვის დამატება
3220	1	\N	მომართვის N
3221	1	\N	მომართვის ატვირთვა
3222	1	\N	აქტის ატვირთვა
3223	1	\N	დაზიანებული და ნეკროზული ქსოვილი
3224	1	\N	ნიმუშები:
3225	1	\N	ანალიზები:
3226	1	\N	ნიუკასლი - ანტისხეული
3227	1	\N	ყუთის ნომერი
3228	1	\N	მეპარტონე
3229	1	\N	პირადი N
3230	1	\N	დასრულება
3231	1	\N	დარწმუნებული ხართ, რომ გნებავთ მონაცემების დამახსოვრება?
3232	1	\N	ალიქვოტირება
3233	1	\N	გაყოფა
3234	1	\N	რამდენჯერ გნებავთ გაყოფა?
3235	2	3160	
3236	2	3161	
3237	2	3162	
3238	2	3163	
3239	2	3164	
3240	2	3165	
3241	2	3166	
3242	2	3167	
3243	2	3168	
3244	2	3169	
3245	2	3170	
3246	2	3171	
3247	2	3172	
3248	2	3173	
3249	2	3174	
3250	2	3175	
3251	2	3176	
3252	2	3177	
3253	2	3178	
3254	2	3179	
3255	2	3180	
3256	2	3181	
3257	2	3182	
3258	2	3183	
3259	2	3184	
3260	2	3185	
3261	2	3186	
3262	2	3187	
3263	2	3188	
3264	2	3189	
3265	2	3190	
3266	2	3191	
3267	2	3192	
3268	2	3193	
3269	2	3194	
3270	2	3195	
3271	2	3196	
3272	2	3197	
3273	2	3198	
3274	2	3199	
3275	2	3200	
3276	2	3201	
3277	2	3202	
3278	2	3203	
3279	2	3204	
3280	2	3205	
3281	2	3206	
3282	2	3207	
3283	2	3208	
3284	2	3209	
3285	2	3210	
3286	2	3211	
3287	2	3212	
3288	2	3213	
3289	2	3214	
3298	2	3223	
3301	2	3226	
3310	1	\N	მიმართვა
3311	1	\N	ახალი მიმართვის დამატება
3312	1	\N	მიმართვის N
3313	1	\N	- რეგიონი -
3314	1	\N	მიმართვის ატვირთვა
3315	1	\N	ჩანაწერის წაშლა
3316	1	\N	წაშლის მიზეზი
3317	1	\N	სტატუსი
3318	1	\N	დაწუნება
3319	1	\N	შაბლონები
3320	1	\N	შაბლონის დასახელება
3321	1	\N	შაბლონის ატვირთვა
3322	1	\N	პერიოდი
3323	1	\N	შემკვეთი
3324	1	\N	ტესტირება
3325	1	\N	პერიოდიდან
3326	1	\N	პერიოდამდე
3327	1	\N	თარიღიდან
3328	1	\N	თარიღამდე
3329	1	\N	შემოწმება
3330	1	\N	რეგისტრაციის თარიღი
3331	1	\N	სინჯის მიღების თარიღი
3332	1	\N	ჩატარების თარიღი
3333	1	\N	პასუხების შეყვანის თარიღი
3334	1	\N	კონფირმაციის თარიღი
3335	1	\N	პასუხის შეყვანის თარიღი
3336	1	\N	პასუხ(ებ)ი
3337	1	\N	ანალიზის პასუხ(ებ)ი
3338	1	\N	შედეგი
3339	1	\N	ნორმატივი
3340	1	\N	ჩატარების დრო
3341	1	\N	რეგისტრაციის
3342	1	\N	სინჯის მიღების
3343	1	\N	ჩატარების
3344	1	\N	პასუხების შეყვანის
3345	1	\N	დარწმუნებული ხართ, რომ გნებავთ ჩანაწერის გაუქმება/აღდგენა?
3346	1	\N	კონფირმაცია
3347	1	\N	დარწმუნებული ხართ, რომ გნებავთ კონფირმაცია?
3348	1	\N	დადებითი
3349	1	\N	გასუფთავება
3350	1	\N	ხარისხი
3392	1	\N	ლევან
3393	1	\N	გიორგაძე
3394	2	3392	Levan
3395	2	3393	Giorgadze
3396	2	799	Plastic bag
3399	2	3336	Answers
3400	2	3337	Test results
3401	2	3335	Result enter date
3402	2	3338	Result
3403	2	3339	Normative
3404	2	3340	Test time
3405	2	3341	Register
3407	2	3343	Test
3408	2	3344	Test result enter
3409	2	3346	Confirmation
3411	2	3348	Positive
3412	2	3349	Clear
3413	2	3350	Quality
3415	2	3314	Upload appeal
3416	2	3315	Delete record
3417	2	3316	Delete reason
3418	2	3317	Status
3419	2	3318	Reject
3420	2	3319	Templates
3421	2	3320	Name of template
3422	2	3321	Upload template
3423	2	3322	Period
3424	2	3323	Customer
3425	2	3324	Testing
3426	2	3325	From
3427	2	3326	To
3428	2	3327	From date
3429	2	3328	To date
3430	2	3329	Check
3431	2	3330	Registration Date
3433	2	3332	Test done date
3434	2	3333	Result record date
3435	2	3219	Add new appeal
3436	2	3220	Appeal N
3437	2	3221	Upload Appeal
3438	2	3222	Upload act
3439	2	3224	Samples:
3440	2	3225	Tests:
3442	2	3227	Box number
3443	2	3228	Owner
3444	2	3229	Personal ID
3445	2	3230	Finish
3447	2	3233	Devide
3448	2	3310	Appeal
3449	2	3311	Add new appeal
3450	2	3312	Appeal N
3451	2	3313	- REGION -
3452	2	3215	Reception
3453	2	3216	Sample
3454	2	3217	Contract N45.78
3455	2	3218	Appeal N23
3456	1	\N	შეიყვანეთ გაუქმების მიზეზი
3457	1	\N	- აირჩიეთ მიზეზი -
3458	1	\N	დაწერეთ მიზეზი
3459	1	\N	კვლევა
3460	1	\N	ლაბორატოირა
3461	1	\N	- ალიქვოტირება -
3462	1	\N	მასიური მიღება
3463	1	\N	უარყოფითი
3464	1	\N	პასუხი
3465	1	\N	დერივატირება
3466	1	\N	- დერივატის ტიპი -
3467	1	\N	ნიმუშების სია
3468	1	\N	საველე N
3469	1	\N	ადგილმდებარეობა
3484	2	3456	Enter reject reason
3486	2	3458	Enter reason
3487	2	3459	Test
3488	2	3460	Lab
3489	2	3461	- ALIQUOTING -
3491	2	3463	Negative
3492	2	3464	Result
3493	2	3465	Derivating
3494	2	3466	- DERIVATE TYPE -
3495	2	3467	Sample List
3496	2	3468	Field ID
3498	2	3469	Location
3499	2	3232	Aliquoting
3500	1	\N	განადგურება
3501	1	\N	ისტორია
3502	1	\N	ავტორი
3503	2	3502	Author
3504	2	3501	History
3505	2	3500	Dispose
3506	1	\N	ხარისხის კონტროლის თარიღი
3507	1	\N	გიორგი გიორგაძე
3508	1	\N	კოდი2
3509	1	\N	დასახელებ2ა
3510	1	\N	მეთოდი2
3511	1	\N	რეგისტრაციის2
3512	1	\N	სინჯის მიღები2ს
3513	1	\N	ჩატარების2
3514	1	\N	პასუხების შეყვანი2ს
3515	1	\N	შენიშვნა2
3516	1	\N	კონფირმაციის თარიღი2
3517	1	\N	დარწმუნებული ხართ, რომ გნებავთ ნიმუშის დაწუნება?
3518	1	\N	ნაცხის - ალიქვოტირება
3519	1	\N	რეგ. თარიღი
3520	1	\N	მიღების თარიღი
3521	1	\N	პასუხის თარიღი
3522	1	\N	ხარ. კონტრ. თარიღი
3523	1	\N	კონფ. თარიღი
3524	1	\N	ზედნ. თარიღი
3525	1	\N	ერთ. ფასი
3526	1	\N	საქ. ანგარიში
3527	1	\N	მინ. რაოდენობა
3528	1	\N	ადგ. თაროზე
3529	1	\N	საიდ. კოდი
3530	1	\N	უფლ. პირის პ/N
3531	1	\N	უფლ. პ/სახელი
3532	1	\N	უფლ. პ/გვარი
3533	1	\N	უფლ. პ/ტელეფონი
3534	1	\N	ზომის ერთ.
3535	1	\N	დაფ. წყარო
3536	1	\N	ახალი კონტრაგენტის დამატება
3537	1	\N	მფლობელი
3538	1	\N	დარჩენილია 570 ლარი
3539	1	\N	კონტრაგენტის დამატება
3540	1	\N	გასუთავება
3541	1	\N	ხელშეკრულების რედაქტირება
3833	1	\N	არაქტიური
3542	1	\N	ხელშეკრულების დამატება
3543	1	\N	ნიმუშის ბეჭდვა
3544	1	\N	ნიმუშის დამატება
3545	1	\N	მიმართვის რედაქტირება
3546	1	\N	მიმართვის ბეჭდვა
3547	1	\N	მიმართვის დამატება
3548	1	\N	აქტის რედაქტირება
3549	1	\N	აქტის დამატება
3550	1	\N	ანალიზების რედაქტირება
3551	1	\N	შეჩერება
3552	1	\N	დაწუნების გაუქმება
3553	1	\N	უარყოფა
3554	1	\N	განადგურების ტიპები
3555	1	\N	განადგურების ტიპის დამატება
3557	2	3507	
3558	2	3508	
3559	2	3509	
3562	2	3512	
3563	2	3513	
3564	2	3514	
3568	2	3518	
3576	2	3526	
3588	2	3538	
3606	1	\N	სავარაუდო დასრულება
3607	1	\N	სავარაუდო დას.
3608	1	\N	გადავადება
3609	1	\N	ახალი ვადა
3610	1	\N	შპა " ბმბ "
3611	1	\N	ბოლნისის მუნიც. სოფ. რატევანი
3612	1	\N	მიხეილ საკოფაშვილი
3613	1	\N	შპს 'Fast Food "
3614	1	\N	ქ. თბილისი შარტავას ქ. # 2
3615	1	\N	თორნიკე
3616	1	\N	შპს " FOOD 7 "
3617	1	\N	ქ. თბილისი მუხიანის საცხოვრებელი რაიონი
3618	1	\N	ლევან გოსაძე
3619	1	\N	შ.პ.ს. GEO UKRAVIT
3620	1	\N	ქ.თბილისი 
3621	1	\N	რევაზი ქოქიაშვილი
3622	1	\N	შპს   ,,G& GROUP"
3623	1	\N	ქ.თბილისის დ. თავდადებულის ქუჩა #29
3624	1	\N	ლუკა ალექსიშვილი
3625	1	\N	შ.პ.ს. ,,GMN ხორცპროდუქტი"
3626	1	\N	ქ.თბილისი.წყალტუბოს ქუჩა მე-2 კორპ. მე-3 სად. ბინა #70
3627	1	\N	მაია ვეფხვაძე
3628	1	\N	შპს "GOLDEN GRAINS "
3629	1	\N	. თბილისი აღმაშენებლის ხეივანი მე -9 კმ 3 სარ
3630	1	\N	თემური მაზიაშვილი
3631	1	\N	შპს " GPG გრუპი "
3632	1	\N	ქ. თბილსი. გულუას ქ.# 3 
3633	1	\N	ვლადიმერ გულუაშვილი
3634	1	\N	შპს "IORI - G"
3635	1	\N	საგარეჯოს მუნიც. სოფ. იორმუღანლო
3636	1	\N	სულეიმანი ჯეირანოვი
3637	1	\N	შპს ,,NIARTVIZION"
3638	1	\N	ქ.თბილისი ვარკეთილის დასახლება IVმ/რ 419-ის მიმდებარე ტერიტორია
3639	1	\N	ზაზა ანთაძე
3640	1	\N	შპს ,,NOCERE'
3641	1	\N	ქთილისი  ს.ცინცაძის ქუჩა #43 ბინა #12ა
3642	1	\N	გივი ნათენაძე
3643	1	\N	შ.პ.ს. ,,აბაშის მერძევეობის ფერმა"
3644	1	\N	ქ.თბილისი.კოსტავას ქუჩა #37-39.
3645	1	\N	ტარიელი ლომდარეიშვილი
3646	1	\N	შპს " აგრალური უნივერსიტეტი საცდელი ბაზა"
3647	1	\N	ქ. თბილისი. დ. აღმაშენებლის ხეივანი # 240
3648	1	\N	თეიმურაზ გოგორიშვილი
3649	1	\N	შპს აგროლაინი
3650	1	\N	ქ. თბილისი ფანასკერტელის 19 ბ 130
3651	1	\N	ივანე ქელბაქია
3652	1	\N	შპს "აგრო პროდუქტი "
3653	1	\N	ქ.თბილისი ქართლის ქ. #13
3654	1	\N	იოსებ სხირტლაძე
3655	1	\N	შპს "აგროსისტემები "
3656	1	\N	ქ. მარნეული იალღუჯა
3657	1	\N	ვახტანგ გასვიანი
3658	1	\N	შპს "ა. ვ. ხორცის მაღაზია "
3659	1	\N	ქ. თბილისი ვაჟა ფშაველას მე -2კვ 11ბ კორ
3660	1	\N	ივანე გორგოძე
3661	1	\N	შპს"აზალი +"
3662	1	\N	ქ. თბილისი თევდორე თვდლის 27
3663	1	\N	მელანო დარჩია 
3664	1	\N	შ.პ.ს. ,,აიბი აგრო"
3665	1	\N	ქ.თბილისი მცხეთის ქუჩა #8 ბინა #106
3666	1	\N	თორნიკე ჟღენტი
3667	1	\N	შ.პ.ს.,,აისბერგ თბილისი"
4129	2	3674	
3668	1	\N	ქ.თბილისი გაგრის ქუჩა #2
3835	1	\N	ვაზი
3669	1	\N	თეიმურაზი რამიშვილი
3670	1	\N	შპს " ალალი - 2015 "
3671	1	\N	მარნეული ჯავახიშვილის ქ # 12
3672	1	\N	ლევან ხაღულაშვილი
3673	1	\N	შპს  ,,ალბატროს+
3674	1	\N	ქ.მცხეთა ნატახტარი. ნარეკვავი
3675	1	\N	ნიკოლოზ  დარსაველიძე
3676	1	\N	შ.პ.ს. ,,ალტურასი"
3677	1	\N	ქ.თბილისი ც.დადიანის ქ.#141 ბინა#47
3678	1	\N	ვალერიან მეზურნიშვილი
3679	1	\N	შპს " ალუბლები"
3680	1	\N	ქ. თბილისი. თ. აბულაძის ქ. # 16
3681	1	\N	ნათია გურგენიძე
3682	1	\N	შპს " ამაღლება "
3683	1	\N	დმანისის მუნიც. სოფ. განთიადი
3684	1	\N	გიორგი  დევნოზაშვილი
3685	1	\N	შ.პ.ს. ,,ამბრი"
3686	1	\N	ქ.თბილისი.კრწანისის ქუჩა #17ბ
3687	1	\N	პაატა ვასენკო
3688	1	\N	შპს " ამრა + "
3689	1	\N	ქ. თბილისი სანდროეულის # 1
3690	1	\N	მაია თოლორაია
3691	1	\N	შ.პ.ს "ანი და ნიკა"
3692	1	\N	ქ. თბილისი ცინცა\\ზის ქ. N 77
3693	1	\N	ნინო ჯამასპიშვილი
3694	1	\N	შპს " არგო "
3695	1	\N	ქ. თბილისი თემქა მე - 2 მიკ 21 კორ ბ 35
3696	1	\N	მამუკა ჩაგელიშვილი
3697	1	\N	შ.პ.ს. ,,არიკი"
3698	1	\N	ქ.თბილისი დ. გამრეკელის ქუჩა #2
3699	1	\N	მორტეზა ხანუკი
3700	1	\N	შ.პ.ს. ,,ასორტი ვერე"
3701	1	\N	ქ.თბილისი მხატვრის ქუჩა #8
3702	1	\N	ჭაბუკი ცომაია
3703	1	\N	შპს "ასპრია სიიდს "
3704	1	\N	ქ. თბილისი ოთარ ჭილაძის ქ. 166 კორპ 6 ბ 7ა
3705	1	\N	ნანა გაბრავა
3706	1	\N	შ.პ.ს. ,,ასპრია სიიდს ჯორჯია"
3707	1	\N	ქ.თბილისი.ო.ჭილაძის ქ. #166.კორპ.#6.ბინა #7ა.
3708	1	\N	შ.პ.ს ,,აჩი"
3709	1	\N	ქ.დუშეთი დ.აღმაშენებლის ქუჩა #3 
3710	1	\N	ვლადიმერი კარიაულუ
3711	1	\N	შპს "ახალი + "
3712	1	\N	ქ. თბილისი თევდორე მღვდლის # 27
3713	1	\N	მელანო დარჩიძე
3714	1	\N	შ.პ.ს. ,,ახალი ჯგუფი"
3715	1	\N	მცხეთის მუნიციპალიტეტი.სოფელი წიწამური
3716	1	\N	ლაურა ვეფხვაძე
3717	1	\N	შპს " ბერთა მთა "
3718	1	\N	ქ. თბილისი რუსთაველის გამზ # 12
3719	1	\N	ზურაბ მარსაგიშვილი
3720	1	\N	შპს  "ბლუბერი "
3721	1	\N	ოზურგეთის მუნიც. სოფ. დაბა ნარუჯა
3722	1	\N	მამია ჯანაშია
3723	1	\N	შ.პ.ს. ,,ბმბ"
3724	1	\N	ბოლნისის მუნიციპალიტეტი სოფელი რატევანი
3725	1	\N	მიხეილი ავქოფაშვილი
3726	1	\N	შპს ბრიტანულ-ქართული საბავშვო ბაღი ABC2
3727	1	\N	ქ.თბილისი ნადირაძის ქუჩა #28
3728	1	\N	ნინო გოცაძე
3729	1	\N	შ.პ.ს. ,,გიორგი"
3730	1	\N	მცხეთის მუნიციპალიტეტი მუნიციპალიტეტი
3731	1	\N	გიორგი სამხარაძე
3732	1	\N	შპს " გიორგი და კომპანია "
3733	1	\N	ქ. კასპი მაჩაბლის ქ 12
3734	1	\N	შ.პ.ს. ,,გორი"
3735	1	\N	გრიგოლი ნადირაძე
3736	1	\N	შპს " გრინდოგი '
3737	1	\N	ქ. ტბილისი წნეტის ქ. #140
3738	1	\N	ლასა არესიძე
3739	1	\N	შ.პ.ს. ,,გუდაური სქი რესორტ"
3740	1	\N	ყაზბეგის მუნიციპალიტეტი.დაბა გუდაური
3741	1	\N	ივანე ქავთარაძე
3742	1	\N	შ.პ.ს. ,,დადუ"
3743	1	\N	შ.პ.ს. ,,დეასი"
3744	1	\N	ქ.თბილისი.ლადო ასათიანის ქუჩა #58.ბინა #16.
3745	1	\N	ზაზა ჩიჩუა
3746	1	\N	შპს ' დედოფლისწყაროს ნობათი "
3747	1	\N	დედოფლისწყაროს მუნც სოფ. ხორნაბუჯი
3748	1	\N	ვანო ბენაშვილი
3749	1	\N	შპს "დილის პროდუქტი "
3750	1	\N	ქ. თბილისი გორგასლის 115
3751	1	\N	გიორგი ჩიკვაიძე
3752	1	\N	შპს ,,დიფონი"
3753	1	\N	დუშეთის მუნიციპალიტეტი.სოფელი აბანოსხევი
3754	1	\N	შპს " დოლჩე ვიტა "
3755	1	\N	ქ. თბილისი ხომვლელის ქ. #11
3756	1	\N	ივანე მერაბიშვილი
3757	1	\N	შ.პ.ს. ,,ელიფ"
3758	1	\N	ქ.თბილისი სადგურის ქუჩა #57ა
3759	1	\N	გელა თაბუკაშვილი
3760	1	\N	შ.პ.ს.,,ელფი"
3761	1	\N	ქ.თბილისი მირინ მეფის ქუჩა #68
3762	1	\N	გრიგოლი ქემერტელიძე
3763	1	\N	შპს 'ელფუდი"
3764	1	\N	ქ.თბილისი ჩაჩავას ნაკ.2-4-6-8-10
3765	1	\N	შ.პ.ს. ,,ემლენი
3766	1	\N	ქ.თბილისი  ქერჩის ქუჩა #21
3767	1	\N	ემზარი ტაბაღუა
3768	1	\N	შპს "ენ გრუპ "
3769	1	\N	ქ. თბილისი მოსკოვის გამ. # 8
3770	1	\N	ლაშა ბარბაქაძე
3771	1	\N	შპს ' ექსკლუზუვი "
3772	1	\N	ქ. მარნეული 26 მაისის ქუჩა
3773	1	\N	ვუგარ ზეინალოვი
3774	1	\N	შპს " ექსტრა მითი "
3775	1	\N	ქ. ქუთაისი ხუნდაძის ქ. # 40
3776	1	\N	ალეკო ჭაბაშვილი
3777	1	\N	შ.პ.ს. ,,ვაგმამწარა"
3778	1	\N	ზუგდიდის მუნიციპალიტეტი სოფელი ახალ აბასთუმანი
3779	1	\N	თემური გუნავა
3780	1	\N	შპსვაგრო მაქსი
3781	1	\N	ეთერი ქირია
3782	1	\N	შ.პ.ს. ,,ვაზიანი 2012"
3783	1	\N	ქ.თბილისი მცხეთის ქუჩა #47
3784	1	\N	თამაზი იმნაძე
3785	1	\N	შპს " ვაკის პელმენი "
3786	1	\N	ქ. თბილისი მოსეშვილის ქ. # 2
3787	1	\N	მამუკა გოროზია
3788	1	\N	შპს "ვანილა ქეიქ "
3789	1	\N	ქ. თბილისი პეტრიწის ქ. #8
3790	1	\N	გიორგი მარგიშვილი
3791	1	\N	შ.პ.ს. ,,ვესტ დიზაინი"
3792	1	\N	მცხეთის მუნიციპალიტეტი  სოფ.ძეგვი
3793	1	\N	პაატა ჯაჯანიძე
3794	1	\N	შ.პ.ს "ვესტი 2008"
3795	1	\N	ქ. თბილისი მარშალ გელოვანის გამზირი N3
3796	1	\N	შპს' ვესტინვესტი "
3797	1	\N	ქ. თბილისი გ. ლირთქიფანიძის ქ #13ა
3798	1	\N	დავით ჩოკოშვილი
3799	1	\N	ქ.თბილისი ორბელიანის ქუჩა #29
3800	1	\N	ზურაბ მაცაცაშვილი
3801	1	\N	შპს " ვორლდ ფუდი "
3802	1	\N	ქ. თბილისი. ვაზისუბანი მე -4 მიკ1 კვ მე - 14კორპ მიმდებარე ტერიტორია
3803	1	\N	ლასა მეგრელიშვილი
3804	1	\N	შ.პ.ს.,, ვუდინტერნეიშნალ"
3805	1	\N	ქ.თბილისი  კავსაძის ქუჩა #10
3806	1	\N	გიორგი მურღულია
3807	1	\N	შპს " ზეი "
3808	1	\N	მცხეთის მუნიციპალიტეტი სოფ მუხრანი
3809	1	\N	გიორგი ზარიაშვილი
3810	1	\N	შ.პ.ს. ,,ზენა"
3811	1	\N	გარდაბნის მუნიციპალიტეტი,სოფელი კრწანისი
3812	1	\N	რუსლანი ნაჭყებია
3813	1	\N	შპს' თათია "
3814	1	\N	გარდაბნის მუნიც. სოფ. სართიჭალა
3815	1	\N	ზურაბ მჭედლიშვილი
3816	1	\N	შპს " თბილისის სამეფო სასტუმროები "
3817	1	\N	ქ. თბილისი პეტრიაშვილის ქ. # 42
3818	1	\N	მარინე  ბორაშვილი
3819	1	\N	შ.პ.ს. ,,მადლიანი 2016"
3820	1	\N	ქ.თბილისი დავითაშვილის ქუჩა #29
3821	1	\N	გია ბალანჩივაძე
3822	1	\N	სინჯის მიღება
3823	1	\N	ტესტის ჩატარება
3824	1	\N	პასუხების შეყვანა
3825	1	\N	რეგისტრაცა
3826	1	\N	I დონე
3827	1	\N	II დონე
3828	1	\N	III დონე
3829	1	\N	ცხოველის N
3830	1	\N	- ხელშეკრულების ტიპი -
3831	1	\N	- სტატუსი -
3832	1	\N	აქტიური
3834	1	\N	დამატებითი დოკუმენტი
3836	1	\N	- ნიმუშის ტიპი -
3837	1	\N	- კვლევა -
3838	1	\N	უფლებები
3839	1	\N	კვლევა1
3840	1	\N	კვლევა2
3841	1	\N	მაქს. ფასი
3842	1	\N	მაქს. რაოდენობა
3843	1	\N	ლიმიტები
3844	1	\N	დოკუმენტის ატვირთვა
3845	1	\N	მიზეზი
3846	1	\N	რედაქტირების მიზეზი
3847	1	\N	დარწმუნებული ხართ, რომ გნებავთ კვლევის გაუქმება/აღდგენა?
3848	1	\N	პასუხის ტიპი
3849	1	\N	თქვენ არ გაქვთ წვდომა ინტერნეტთან
3850	1	\N	შ.პ.ს. ,,შვნაბადა"
3851	1	\N	ქ.თბილისი ჯანჯღავას ქუჩა #62
3852	1	\N	თამარი სუბელიანი
3853	1	\N	შპს "მშვინდა "
3854	1	\N	ქ. თბილისი სოფ. ტაბახმელა
3855	1	\N	ნიკოლოზ ბოშოშვილი
3856	1	\N	შპს ,,საბაკონსტრაქშენი"
3857	1	\N	ქ.თბილისი მიქელაძის ქუჩა #9
3858	1	\N	დავითი ფარასტაშვილი
3859	1	\N	შპს "ქიზიქი "
3860	1	\N	ქ. თბილისი ბერი გაბრიელის გამზ 155
3861	1	\N	გიორგი შეითნიშვილი
3862	1	\N	შ.პ.ს.,,ნიკა"
3863	1	\N	ქ.წნორი მშვიდობის ქუჩა
3864	1	\N	ლია ბაგალაშვილი
3865	1	\N	შ.პ.ს. ,,მატადორი"
3866	1	\N	საგარეჯო.კახეთის გზატკეცილი #7
3867	1	\N	იოსებ კოხტაშვილი
3868	1	\N	ფასიდან
3869	1	\N	ფასამდე
3870	1	\N	მაქს. ფასიდან
3871	1	\N	მაქს. ფასამდე
3872	1	\N	მაქს. რაოდენობიდან
3873	1	\N	მაქს. რაოდენობამდე
3874	1	\N	forms
3875	1	\N	ფორმების შექმნა
3876	1	\N	დამკვეთი
3877	1	\N	არჩევა
3878	1	\N	პირადი ნომერი
3879	1	\N	დაბადების თარიღი
3880	1	\N	- სქესი -
3881	1	\N	ქალაქი
3882	1	\N	საფოსტო კოდი
3883	1	\N	დამკვეთი დაწესებულება
3884	1	\N	განყოფილება
3885	1	\N	დაწესებულების მისამართი
3886	1	\N	პაციენტი/შემთხვევა
3887	1	\N	(H-ნიმუში/სინჯი)
3888	1	\N	(იხ. ინფორმაცია პაციენტის/შემთხვევის შესახებ)
3889	1	\N	კლინიკური სიმპტომების დაწყების თარიღი
3890	1	\N	წინასწარი კლინიკური დიაგნოზი
3891	1	\N	გარდაცვლილი
3892	1	\N	(A-აუტოფსიური ნიმუში/სინჯი)
3893	1	\N	გარდაცვალების თარიღი
3894	1	\N	კულტურა
3895	1	\N	საიდენტიფიკაციო N
3896	1	\N	დათესვის თარიღი
3897	1	\N	დამცავი კონტეინერის N
3898	1	\N	ნიმუშ(ებ)ის ჭურჭლის No/ ნიმუშის ტიპი/აღების დრო:
3899	1	\N	ნიმუშ(ებ)ის აღების თარიღი
3900	1	\N	- ნიმუშ(ებ)ის აღების ადგილი -
3901	1	\N	ამღები პირ(ებ)ი
3902	1	\N	ნიმუშ(ებ)ის ჭურჭლის No
3903	1	\N	აღების დრო
3904	1	\N	დამზადების თარიღი/დრო
3905	1	\N	დამკვეთის მოთხოვნები
3906	1	\N	კულტურის დადასტურება
3907	1	\N	კულტურის შენახვა
3908	1	\N	ნიმუშის კვლევა
3909	1	\N	სინჯის კვლევა
3910	1	\N	ბაქტერიოლოგიური
3911	1	\N	სეროლოგიური
3912	1	\N	მოლეკულური
3913	1	\N	ვირუსოლოგიური
3914	1	\N	საკვლევი პათოგენი
3915	1	\N	მარკერი
3916	1	\N	გამოკვლევის მეთოდი
3917	1	\N	I მიმღები დაწესებულება
3918	1	\N	გამომკვლევი დაწესებულება
3919	1	\N	ნიმუშის ჭურჭლის No
3920	1	\N	ტრანსპორტირებზე პასუხისმგებელი პირები
3921	1	\N	გაგზავნის თარიღი/დრო
4013	1	\N	ტრანსპორტირებაზე პასუხისმგებელი პირები
3922	1	\N	A ივსება ნიმუშის მოპოვებისას ან ლაბორატორიიდან სინჯის/კულტურის გაგზავნისას
3923	1	\N	B ივსება ნიმუშის/სინჯის/კულტურის მიღებისა და ტრანზიტის დროს
3924	1	\N	I მიღება
3925	1	\N	მიღების თარიღი/დრო
3926	1	\N	ნიმუშის ჭურჭლის N
3927	1	\N	სარეგისტრაციო N
3928	1	\N	I ნიმუშის ჭურჭლის N
3929	1	\N	I სარეგისტრაციო N
3930	1	\N	II ნიმუშის ჭურჭლის N
3931	1	\N	II სარეგისტრაციო N
3932	1	\N	III ნიმუშის ჭურჭლის N
3933	1	\N	III სარეგისტრაციო N
3934	1	\N	IV ნიმუშის ჭურჭლის N
3935	1	\N	IV სარეგისტრაციო N
3936	1	\N	მდგომარეობა
3937	1	\N	დამაკმაყოფილებელი
3938	1	\N	არადამაკმაყოფილებელი,
3939	1	\N	დანიშნულება
3940	1	\N	ადგილზე გამოსაკვლევი
3941	1	\N	გადაეცა:
3942	1	\N	პირი
3943	1	\N	თარიღი/დრო
3944	1	\N	სატრანზიტო
3945	1	\N	I ტრანზიტი
3946	1	\N	II მიმღები დაწესებულება
3947	1	\N	ტრანსპორტირებაზე პასუხისმგებელი პირი I
3948	1	\N	ტრანსპორტირებაზე პასუხისმგებელი პირი II
3949	1	\N	II მიღება
3950	1	\N	II ტრანზიტი
3951	1	\N	III მიმღები დაწესებულება
3952	1	\N	III მიღება
3953	1	\N	უკან
3954	1	\N	დამახსოვრება
3955	1	\N	ქალაქი/საფოსტო კოდი
3956	1	\N	I ადგილზე გამოსაკვლევი
3957	1	\N	II ადგილზე გამოსაკვლევი
3958	1	\N	III ადგილზე გამოსაკვლევი
3959	1	\N	IV ადგილზე გამოსაკვლევი
3960	1	\N	I სატრანზიტო
3961	1	\N	II სატრანზიტო
3962	1	\N	III სატრანზიტო
3963	1	\N	IV სატრანზიტო
3964	1	\N	დამკვეთის ტიპი
3965	1	\N	საფუძველი
3966	1	\N	სხვა
3967	1	\N	ეპიდსედამხედველობა
3968	1	\N	პროექტი
3969	1	\N	პროგრამა
3970	1	\N	საფუძველი:
3971	1	\N	- პროგრამა -
3972	1	\N	- პროექტი -
3973	1	\N	დამკვეთის დამატება
3974	1	\N	ნიმუშის ტიპი:
3975	1	\N	კლინიკური
3976	1	\N	გარემო
3977	1	\N	ინფორმაცია პაციენტის შესახებ
3978	1	\N	არარეზიდენტი
3979	1	\N	საბუთის N
3980	1	\N	- ქვეყანა -
3981	1	\N	საქართველო
3982	1	\N	- რაიონი -
3983	1	\N	- ქალაქი/სოფელი -
3984	1	\N	საფოსტო ინდექსი
3985	1	\N	პაციენი/შემთხვევა
3986	1	\N	დათესვის თარიღი/დრო
3987	1	\N	დამკვეთის მოთხოვნები:
3988	1	\N	ნიმუშ(ებ)ის აღების ადგილი
3989	1	\N	ამღები პირები
3990	1	\N	სინჯის დასახელება
3991	1	\N	C-ჰეპატიტი
3992	1	\N	შიცი
3993	1	\N	შიდსი
3994	1	\N	რეგისტრაცია2
3995	1	\N	კალენდარი
3996	1	\N	ხარისხის კონტროლის გრაფიკი
3997	1	\N	ჩვენება
3998	1	\N	თვე
3999	1	\N	კვირა
4000	1	\N	დღეს
4001	1	\N	ხარისხის კონტროლის შედეგები
4002	1	\N	ტესტის ტიპი
4003	1	\N	დადებითი კონტროლი
4004	1	\N	კალიბრაცია
4005	1	\N	ეპიდზედამხედველობა
4006	1	\N	პასპორტის N
4007	1	\N	- მოქალაქეობა -
4008	1	\N	ნიმუშ(ებ)ის ჭურჭლის N
4009	1	\N	- მიმღები დაწესებულება -
4010	1	\N	- გამომკვლევი დაწესებულება -
4011	1	\N	შევსებაზე პასუხისმგებელი პირის სახელი, გვარი
4012	1	\N	ტელეფონის ნომერი
4014	1	\N	გადაგზავნა
4015	1	\N	- გადაეცა პირს -
4016	1	\N	- ლაბორატორია -
4017	1	\N	ტრანზიტი
4018	1	\N	მიმღები დაწესებულება
4019	1	\N	ხარისხის კონტროლის მოთხოვნები
4020	1	\N	სინჯია
4021	1	\N	GPS კოორდინატები
4022	1	\N	E
4023	1	\N	F(მ)
4024	1	\N	დამზადების თარიღი
4025	1	\N	შემსრულებელი ჯგუფის N
4026	1	\N	წერტილის N
4027	1	\N	- სტაცია -
4028	1	\N	ღია
4029	1	\N	დახურული
4030	1	\N	- საკვლევი მასალის დასახელება -
4031	1	\N	ნიმუშის აღების თარიღი/დრო
4032	1	\N	გადახრის კუთხე
4033	1	\N	მანძილი მეტრებში
4034	1	\N	საკვლევი პათაგონი
4035	1	\N	- გამოკვლევის მეთოდი -
4036	1	\N	ხარისხის მართვა
4037	1	\N	ტესტების კალენდარი
4038	1	\N	დოკუმენტების კონტროლი
4039	1	\N	აუდიტი
4040	1	\N	კონტროლების რეესტრი
4041	1	\N	ხარისხის კონტროლის შედეგები - ენტერობაქტერია (Enterobacter sakazakii)
4042	1	\N	ჩატარების თარიღი და დრო
4043	1	\N	ლოგიკური პასუხი
4044	1	\N	ტექსტური პასუხი
4045	1	\N	რიცხვითი პასუხი
4046	1	\N	ლოტის N
4047	1	\N	კვლევების რაოდენობა
4048	1	\N	წაღების შესახებ ინფორმაცია არ არის
4049	1	\N	წაღების თარიღი/დრო
4050	1	\N	ვინ წაიღო
4051	1	\N	შეხსენების თარიღი/დრო
4052	1	\N	აირჩიეთ ლაბორატორია
4053	1	\N	ჩაატარა - გიორგი გიორგაძემ
4054	1	\N	ვინ ჩაატარა
4055	1	\N	დოკუმენტის დასახელება
4056	1	\N	ატვირთვა
4057	1	\N	პროცედურები
4058	1	\N	ბრძანება #342
4059	1	\N	მაგალითი 1
4060	1	\N	მაგალითი 2
4065	2	3610	
4066	2	3611	
4067	2	3612	
4068	2	3613	
4069	2	3614	
4070	2	3615	
4071	2	3616	
4072	2	3617	
4073	2	3618	
4074	2	3619	
4075	2	3620	
4076	2	3621	
4077	2	3622	
4078	2	3623	
4079	2	3624	
4080	2	3625	
4081	2	3626	
4082	2	3627	
4083	2	3628	
4084	2	3629	
4085	2	3630	
4086	2	3631	
4087	2	3632	
4088	2	3633	
4089	2	3634	
4090	2	3635	
4091	2	3636	
4092	2	3637	
4093	2	3638	
4094	2	3639	
4095	2	3640	
4096	2	3641	
4097	2	3642	
4098	2	3643	
4099	2	3644	
4100	2	3645	
4101	2	3646	
4102	2	3647	
4103	2	3648	
4104	2	3649	
4105	2	3650	
4106	2	3651	
4107	2	3652	
4108	2	3653	
4109	2	3654	
4110	2	3655	
4111	2	3656	
4112	2	3657	
4113	2	3658	
4114	2	3659	
4115	2	3660	
4116	2	3661	
4117	2	3662	
4118	2	3663	
4119	2	3664	
4120	2	3665	
4121	2	3666	
4122	2	3667	
4123	2	3668	
4124	2	3669	
4125	2	3670	
4126	2	3671	
4127	2	3672	
4128	2	3673	
4130	2	3675	
4131	2	3676	
4132	2	3677	
4133	2	3678	
4134	2	3679	
4135	2	3680	
4136	2	3681	
4137	2	3682	
4138	2	3683	
4139	2	3684	
4140	2	3685	
4141	2	3686	
4142	2	3687	
4143	2	3688	
4144	2	3689	
4145	2	3690	
4146	2	3691	
4147	2	3692	
4148	2	3693	
4149	2	3694	
4150	2	3695	
4151	2	3696	
4152	2	3697	
4153	2	3698	
4154	2	3699	
4155	2	3700	
4156	2	3701	
4157	2	3702	
4158	2	3703	
4159	2	3704	
4160	2	3705	
4161	2	3706	
4162	2	3707	
4163	2	3708	
4164	2	3709	
4165	2	3710	
4166	2	3711	
4167	2	3712	
4168	2	3713	
4169	2	3714	
4170	2	3715	
4171	2	3716	
4172	2	3717	
4173	2	3718	
4174	2	3719	
4175	2	3720	
4176	2	3721	
4177	2	3722	
4178	2	3723	
4179	2	3724	
4180	2	3725	
4181	2	3726	
4182	2	3727	
4183	2	3728	
4184	2	3729	
4185	2	3730	
4186	2	3731	
4187	2	3732	
4188	2	3733	
4189	2	3734	
4190	2	3735	
4191	2	3736	
4192	2	3737	
4193	2	3738	
4194	2	3739	
4195	2	3740	
4196	2	3741	
4197	2	3742	
4198	2	3743	
4199	2	3744	
4200	2	3745	
4201	2	3746	
4202	2	3747	
4203	2	3748	
4204	2	3749	
4205	2	3750	
4206	2	3751	
4207	2	3752	
4208	2	3753	
4209	2	3754	
4210	2	3755	
4211	2	3756	
4212	2	3757	
4213	2	3758	
4214	2	3759	
4215	2	3760	
4216	2	3761	
4217	2	3762	
4218	2	3763	
4219	2	3764	
4220	2	3765	
4221	2	3766	
4222	2	3767	
4223	2	3768	
4224	2	3769	
4225	2	3770	
4226	2	3771	
4227	2	3772	
4228	2	3773	
4229	2	3774	
4230	2	3775	
4231	2	3776	
4232	2	3777	
4233	2	3778	
4234	2	3779	
4235	2	3780	
4236	2	3781	
4237	2	3782	
4238	2	3783	
4239	2	3784	
4240	2	3785	
4241	2	3786	
4242	2	3787	
4243	2	3788	
4244	2	3789	
4245	2	3790	
4246	2	3791	
4247	2	3792	
4248	2	3793	
4249	2	3794	
4250	2	3795	
4251	2	3796	
4252	2	3797	
4253	2	3798	
4254	2	3799	
4255	2	3800	
4256	2	3801	
4257	2	3802	
4258	2	3803	
4259	2	3804	
4260	2	3805	
4261	2	3806	
4262	2	3807	
4263	2	3808	
4264	2	3809	
4265	2	3810	
4266	2	3811	
4267	2	3812	
4268	2	3813	
4269	2	3814	
4270	2	3815	
4271	2	3816	
4272	2	3817	
4273	2	3818	
4274	2	3819	
4275	2	3820	
4276	2	3821	
4280	2	3825	
4290	2	3835	
4305	2	3850	
4306	2	3851	
4307	2	3852	
4308	2	3853	
4309	2	3854	
4310	2	3855	
4311	2	3856	
4312	2	3857	
4313	2	3858	
4314	2	3859	
4315	2	3860	
4316	2	3861	
4317	2	3862	
4318	2	3863	
4319	2	3864	
4320	2	3865	
4321	2	3866	
4322	2	3867	
4323	2	3868	
4324	2	3869	
4325	2	3870	
4326	2	3871	
4327	2	3872	
4328	2	3873	
4368	2	3913	
4377	2	3922	
4378	2	3923	
4397	2	3942	
4424	2	3969	
4446	2	3991	
4447	2	3992	
4448	2	3993	
4477	2	4022	
4488	2	4033	
4508	2	4053	
4513	2	4058	
4516	2	1073	
4517	1	\N	რაიონი
4518	1	\N	რეგიონი
4519	1	\N	კვლევები/ტესტები
4520	1	\N	დიაგნოზი
4521	1	\N	ტესტის დანიშვნა
4522	1	\N	სინჯის მომზადება
4523	1	\N	- ყველა -
4524	1	\N	ადამიანის ნიმუშების კვლევა შავი ჭირის გამომწვევზე.
4631	1	\N	სოიოს აგარი
4525	1	\N	ადამიანის ნიმუშების კვლევა ჯილეხის გამომწვევზე.
4526	1	\N	ტესტები
4527	1	\N	დათესვა SBA აგარზე
4528	1	\N	დათესვა მაკ-კონკის  აგარზე.
4529	1	\N	დათესვა CIN აგარზე
4530	1	\N	დათესვა BHIB ბულიონში
4531	1	\N	დათესვა PLET აგარზე.
4532	1	\N	ჩათესვა თხევად საკვებ ნიადაგში.
4533	1	\N	დათესვა SBA აგარზე.
4534	1	\N	- ტიპი -
4535	1	\N	შრატი
4536	1	\N	პლაზმა
4537	1	\N	რნმ
4538	1	\N	დნმ
4539	1	\N	კვლევის დასახელება
4540	1	\N	ტესტის დასრულება
4541	1	\N	კვლევის ობიექტი
4542	1	\N	აღების ადგილი
4543	1	\N	ქალაქი/სოფელი
4545	1	\N	ინციდენტების მართვა
4546	1	\N	შედეგები
4547	1	\N	არადამაკმაყოფილებელი
4548	1	\N	რაიონის დასახელება
4549	1	\N	ქალაქის, დასახლებული პუნქტის ან სოფლის დასახელება
4550	1	\N	რეგიონის დასახელება
4551	1	\N	ქუჩის დასახელება და ნომერი
4552	1	\N	სავარაუდო დიაგნოზი
4553	1	\N	გადაცემა
4554	1	\N	ტრანზიტი (გარე გადაცემა)
4555	1	\N	- დეპარტამენტი -
4556	1	\N	გადაცემის თარიღი/დრო
4557	1	\N	NCDC
4558	1	\N	განმეორებითი ახალი პაროლი არ ედრება
4559	1	\N	ოპერაციები დადასტურების მოლოდინში
4560	1	\N	დადასტურება
4561	1	\N	უარყფა
4562	1	\N	თქვენ გაქვთ
4563	1	\N	წაუკითხავი შეტყობინება
4571	2	4524	
4572	2	4525	
4574	2	4527	
4575	2	4528	
4576	2	4529	
4577	2	4530	
4578	2	4531	
4579	2	4532	
4580	2	4533	
4607	2	4561	
4610	1	\N	ინდივიდუალური
4611	1	\N	ჯგუფური
4612	1	\N	აღების თარიღი/დრო
4613	1	\N	სინჯის ტიპი
4614	1	\N	პროექტი/პროგრამა
4615	1	\N	თვითმომართვა
4616	1	\N	- პროგრამა/პროექტი -
4624	1	\N	კომპაქტური რეგისტრაციის ფორმა
4625	1	\N	კონტაქტირებული
4626	1	\N	ალიქვოტი/დერივატი
4627	1	\N	ჯილეხი (ციმბირული წყლული) - პათ. მასალა
4628	1	\N	ბრუცელოზი
4629	1	\N	ცხვრის სისხლიანი აგარი
4630	1	\N	სოიოს ბულიონი
4632	1	\N	როზ-ბენგალი
4634	2	850	Wrong login/password
4637	2	2006	Room
4638	2	2046	Barcode
4639	2	3836	- Sample type -
4640	2	4631	
4643	2	4627	
4644	2	4628	
4645	2	4629	
4646	2	4630	
4647	2	4632	
4648	2	3457	- SELECT REASON -
4649	2	2008	Shelf number
4650	2	1088	Animal Disease Diagnostic Department
4651	2	1076	Department of statistics and Sample registration
4653	2	1097	Error!
4654	2	1962	Swab
4655	2	1963	Sputum
4656	2	1964	Soil
4657	2	1965	N
4658	2	3515	Note2
4659	2	3520	Accession date
4660	2	3527	Min. amount
4661	2	3554	Destruction Methods
4662	2	3838	Access rights
4663	2	3879	- Date of Birth -
4665	2	3877	Select
4667	2	3880	Gender
4668	1	\N	ანალიზების პარამეტრები
4669	1	\N	ადამიანი
4670	1	\N	GPS კოორდინატებიდან გადახრის კუთხე
4671	1	\N	GPS კოორდინატებიდან მანძილი მეტრებში
4672	1	\N	შევსებული ინფორმაცია
4673	1	\N	ზოგადი ინფორმაცია
4674	1	\N	ლაბორატორიული კვლევის მოთხოვნის ფორმა
4675	1	\N	ინფორმაცია პაციენტის/შემთხვევის შესახებ
4676	1	\N	ნიმუშის მიღება ლაბორატორიის მიერ
4677	1	\N	ინფორმაცია
4678	1	\N	ძირითადი ინფორმაცია
4679	1	\N	ინფორმაცია დამკვეთის შესახებ შესახებ
4680	1	\N	ინფორმაცია ნიმუშების შესახებ
4681	1	\N	რეესტრი
4682	1	\N	დამცავი კონტეინერი N
4683	1	\N	პაციენტის სახელი
4684	1	\N	პაციენტის გვარი
4685	1	\N	გამომგზავნი დაწესებულება
4686	1	\N	გაგზავნის თარიღი
4687	1	\N	პაციენტი
4688	1	\N	ნიმუშ(ებ)ის ტიპი
4689	1	\N	მოთხოვნილი გამოკვლევა
4690	2	4023	F (m)
4694	1	\N	საკვლევი მასალა
4695	2	4052	Select Laboratory
4719	1	\N	საკვლევი მასალის რაოდრენობა
4720	2	4626	Aliquot/Derivate
4721	2	4668	Test parameters
4722	2	3550	Edit Test
4723	2	4547	Poor condition
4724	2	3938	Poor condition,
4725	2	4056	Upload
4726	2	3549	Add act
4729	2	3833	Inactive
4731	2	3832	Active
4732	1	\N	კვლევის დამკვეთი
4733	1	\N	პროგრამა/პროექტი
4734	1	\N	პაციენტის სქესი
4735	1	\N	პაციენტის დაბადების თარიღი
4736	1	\N	პაციენტის მისამართი: ქვეყანა
4737	1	\N	პაციენტის მისამართი: რეგიონი
4738	1	\N	პაციენტის მისამართი: რაიონი
4739	1	\N	პაციენტის მისამართი: ქალაქი/სოფელი
4740	1	\N	პაციენტის სრული მისამართი
4741	1	\N	პაციენტის საფოსტო ინდექსი
4742	1	\N	პაციენტის ელ-ფოსტა
4743	1	\N	ნიმუშის აღების თარიღი და დრო
4744	1	\N	დამზადების თარიღი და დრო
4745	2	4542	Collection place
4746	2	3903	Collection time
4747	2	4612	Collection Date/Time
4748	1	\N	პაციენტის პასპორტის N
4749	1	\N	პაციენტის მოქალაქეობა
4750	1	\N	პაციენტის პირადი N
4865	2	4688	Sample(s) type
4751	1	\N	პაციენტის ტელეფონი
4752	1	\N	კულტურის დასახელება
4753	1	\N	კულტურის საიდენტიფიკაციო N
4754	1	\N	დათესვის თარიღი და დრო
4755	1	\N	ნიმუშის ამღები პირები
4756	2	3609	Add new date
4757	2	3910	Bacteriology
4758	2	4686	Send date
4759	2	3921	Send date/time
4760	2	3555	Add Destruction method
4761	2	4558	Passwords do not match
4762	2	3976	Environment
4763	2	3893	Date of death
4764	2	4560	Confirmation
4765	2	4003	Positive Control
4766	2	3834	Additional document
4767	2	3954	Save
4768	2	3548	Edit act
4769	2	4024	Creation Date
4771	2	4744	Creation Date and Time
4772	2	3904	Creation Date/Time
4773	2	4682	Shielding container ID
4774	2	3897	Shielding container ID
4775	1	\N	ნიმუშის აღების დრო
4776	1	\N	გაგზავნის თარიღი და დრო
4777	1	\N	შევსებაზე პასუხისმგებელი პირის ტელეფონის ნომერი
4778	1	\N	ტრანსპორტირებაზე პასუხისმგებელი პირები (სახელი, გვარი)
4779	1	\N	GPS კოორდინატი N (განედი)
4780	1	\N	GPS კოორდინატი E (გრძედი)
4781	1	\N	GPS კოორდინატი F (სიმაღლე მეტრებში)
4782	1	\N	ქვეყანა
4783	1	\N	კვლევის ობიექტის დასახელება
4784	1	\N	სტაცია
4785	2	1997	Left
4786	2	3885	Address 
4787	2	4520	Diagnosis
4788	2	3517	Are you sure, you want to reject sample?
4789	2	3347	Are you sure, you want to confirm?
4790	2	3231	Are you sure, you want to save data?
4791	2	3345	Are you sure, you want to delete/restore record?
4792	2	4029	Closed
4793	2	4555	- Department -
4794	2	3844	Upload document
4795	2	4055	Document Name
4796	2	4005	Surveillance
4797	2	777	Are you sure you want to delete product?
4798	2	855	Are you sure, you want to change group?
4799	2	783	Are you sure to delete group?
4800	2	2200	Are you sure to complete this operation?
4801	2	2000	Finance Source
4802	2	3535	Finance Source
4803	2	4000	Today
4805	2	2048	Invoice Type
4806	1	\N	მიღების თარიღი და დრო
4807	1	\N	ნიმუშის მდგომარეობა
4808	1	\N	გადაეცა პირს
4809	2	1994	Invoice Type
4810	2	3524	Invoice Date
4811	2	2003	Expiration date
4812	2	3849	No Internet Connection
4813	2	4610	Individual
4814	2	4677	Information
4815	2	4680	Sample Info
4816	2	3977	Calendar
4817	2	3999	Week
4823	2	3837	- Test Group -
4824	2	1060	- Test Groups -
4825	2	4047	Number of tests/test groups
4827	2	2109	List of tests/test groups
4828	2	4519	Tests/Test groups
4829	2	2194	Add Test/Test Group
4830	2	3975	Clinical
4831	2	3889	Date of symptoms onset 
4832	2	3523	Confirmation date
4833	2	3539	Add Contragent
4834	2	4539	Test/Test Group Name
4835	2	3894	Culture
4836	2	4752	Culture Name
4837	2	3906	Culture Confirmation
4838	2	4753	Culture ID
4839	2	4016	- Lab -
4840	2	4674	Laboratory Examination Request Form
4841	2	3843	Limits
4842	2	4043	Logical Answer
4843	2	4046	Lot ID
4844	2	4059	Example 1 
4845	2	4060	Example 2
4846	2	3915	Marker
4847	2	3936	Condition
4849	2	3845	Reason
4850	2	3912	Molecular
4852	2	3546	Print appeal
4854	2	3545	Edit appeal
4855	2	3547	Add appeal
4856	2	2005	Minimal amount
4857	2	2129	Min. Age
4858	2	4806	Accession date/time
4859	2	3925	Accession date/time
4860	2	3537	Owner
4861	2	3988	Sample(s) collection place
4862	2	3900	- Sample(s) collection place -
4863	2	3899	Sample(s) collection date
4864	2	1081	Department of statistics and Sample registration
4867	2	4775	Sample collection time
4868	2	4743	Sample collection date and time
4869	2	4031	Sample collection Date/time
4870	2	4557	NCDC&PH
4871	2	4039	Audit
4872	2	3536	Add new contragent
4873	2	4776	Send date/time
4874	2	3916	Research Method 
4875	2	4035	- Research Method  -
4876	2	3540	Clear
4877	2	1993	Invoice ID
4878	2	2047	Invoice ID
4879	2	1995	Invoice Date
4881	2	3534	Measurement Unit
4882	2	1996	Measurement Unit
4883	2	2103	- Measurement Unit -
4884	2	3943	Date/time
4885	2	2007	Shelf
4886	2	3998	Month
4887	1	\N	პროექტი ან პროგრამა
4888	2	4004	Calibration
4889	1	\N	საიდენტიფიკაციო კოდი ან პირადი N
4890	1	\N	ინტერნეტის მისამართი
4891	1	\N	საბანკო ინფორმაიცა
4892	2	4625	Contact
4894	2	4689	Requested Research
4895	2	1096	Requested Researches
4896	2	4007	- Citizenship -
4897	2	4755	Collected by
4898	2	3543	Print Barcode
4899	2	3544	Add sample
4900	2	4807	Sample Condition
4901	2	3974	Sample Type:
4902	2	4559	Operations Pending Approval
4903	2	4006	Passport ID
4904	2	3521	Result Date
4905	2	3848	Result type
4906	2	3985	Patient /Case
4907	2	4687	Patient
4908	2	4684	Patient Last name
4909	2	4735	Patient - Date of Birth
4910	2	4742	Patient - e-mail
4911	2	4738	Patient Address - Rayon
4912	2	4737	Patient Address - Region
4913	2	4739	Patient Address - Town or Village
4914	2	4736	Patient Address - Country
4915	2	4749	Patient Address - Citizenship
4917	2	4748	Patient Passport Number
4918	2	4741	Patient Address - Post Code
4919	2	4683	Patient First name
4920	2	4734	Patient Gender
4921	2	4751	Patient Phone Number
4922	1	\N	ხარისხის კონტროლის ჩატარების თარიღი
4923	1	\N	სავარაუდო დასრულების თარიღი
4924	1	\N	ჩატარების თარიღი/დრო
4925	1	\N	აირჩიეთ მიზეზი
4926	1	\N	თუ ვერ მოძებნეთ მიზეზი ჩამოსაშლელ მენიუში დაწერეთ აქ
4927	2	4750	Patient Personal ID
4928	2	3886	Patient /Case
4929	2	3878	Personal ID
4930	2	4733	Program/Project
4931	2	4616	- Program/Project -
4932	2	3968	Project
4933	2	3972	- Project -
4934	2	4887	Project or Program
4935	2	4614	Project /Program
4936	2	4057	Procedures
4937	2	4517	Rayon
4938	2	3982	- Rayon -
4939	2	4548	Rayon name
4940	2	4550	Region name
4941	2	3846	Reason of Editing
4942	2	4891	Bank Info
4943	2	3895	Identification Number
4944	2	4889	Identification Number or Personal ID
4945	2	3529	Identification Number
4946	1	\N	საბანკო ინფორმაცია
4947	2	1112	Specimen
4948	2	4020	Specimen
4949	2	3990	Specimen name
4950	2	3927	Registration Number
4951	2	3984	Post Code
4952	2	3882	Post Code
4953	2	3965	Basis
4954	2	3970	Basis:
4955	2	3981	Georgia
4956	2	2049	Product Category
4957	2	3911	Serologic
4958	2	3342	Specimen receive
4959	2	3331	Specimen receive date
5183	1	\N	ჩილე
4960	2	3822	Specimen receive
4961	2	4522	Specimen preparation
4962	2	4613	Specimen type
4963	2	3831	- Status -
4964	2	4784	Habitats
4965	2	4027	- Habitats -
4966	2	3966	Other
4967	2	4012	Phone
4968	2	4526	Tests
4969	2	4037	Tests Calendar
4970	2	4521	Assign test
4971	2	4002	Test type
4972	2	3823	Conducting test
4973	2	4534	- Type -
4974	2	3953	Back
4975	1	\N	ავსტრალია
4976	1	\N	ავსტრია
4977	1	\N	ავღანეთი
4978	1	\N	აზერბაიჯანი
4979	1	\N	ალბანეთი
4980	1	\N	ალგერია
4981	1	\N	ამერიკის სამოა
4982	1	\N	ამერიკის შეერთებული შტატები
4983	1	\N	ანგოლა
4984	1	\N	ანგუილა
4985	1	\N	ანდორა
4986	1	\N	ანტარქტიდა
4987	1	\N	ანტიგუა და ბარბუდა
4988	1	\N	არაბთა გაერთიანებული საამიროები
4989	1	\N	არგენტინა
4990	1	\N	არუბა
4991	1	\N	აღმოსავლეთ ტიმორი
4992	1	\N	ახალი ზელანდია
4993	1	\N	ახალი კალედონია
4994	1	\N	ბანგლადეში
4995	1	\N	ბარბადოსი
4996	1	\N	ბაჰამა
4997	1	\N	ბაჰრეინი
4998	1	\N	ბელგია
4999	1	\N	ბელიზე
5000	1	\N	ბელოდუსი
5001	1	\N	ბენინი
5002	1	\N	ბირტანეთის ვირჯინიის კუნძულები
5003	1	\N	ბოლივია
5004	1	\N	ბოსნია და ჰერცოგოვინა
5005	1	\N	ბოსტვანა
5006	1	\N	ბრაზილია
5007	1	\N	ბრიტანეთის ინდოეთის ოკეანის ტერიტორია
5008	1	\N	ბრუნეი
5009	1	\N	ბუვე (კუნძული)
5010	1	\N	ბულგარეთი
5011	1	\N	ბურკინა ფასო
5012	1	\N	ბურმუდა
5013	1	\N	ბურუნდი
5014	1	\N	ბუტანი
5015	1	\N	გაბონი
5016	1	\N	გაიანა
5017	1	\N	გამბია
5018	1	\N	განა
5019	1	\N	გერმანია
5020	1	\N	გვადელუპე
5021	1	\N	გვატემალა
5022	1	\N	გვინეა
5023	1	\N	გვინეა-ბისაუ
5024	1	\N	გიბრალტარი
5025	1	\N	გრელანდია
5026	1	\N	გრენადა
5027	1	\N	გუამი
5028	1	\N	დანია
5029	1	\N	დასავლეთ საჰარა
5030	1	\N	დიდი ბრიტანეთი
5031	1	\N	დომინიკა
5032	1	\N	დომინიკის რესპუბლიკა
5033	1	\N	ეგვიპტე
5034	1	\N	ეთიოპია
5035	1	\N	ეკვადორი
5036	1	\N	ეკვატორული გვინეა
5037	1	\N	ელ სალვადორი
5038	1	\N	ერაყი
5039	1	\N	ერითრია
5040	1	\N	ესპანეთი
5041	1	\N	ესტონეთი
5042	1	\N	ვანუატუ
5043	1	\N	ვატიკანი
5044	1	\N	ვენესუელა
5045	1	\N	ვიეტნამი
5046	1	\N	ზაირი
5047	1	\N	ზამბია
5048	1	\N	ზიმბაბვე
5049	1	\N	თურქეთი
5050	1	\N	თურქმენეთი
5051	1	\N	იამაიკა
5052	1	\N	იაორდანია
5053	1	\N	იაპონია
5054	1	\N	იემენი
5055	1	\N	ინდოეთი
5056	1	\N	ინდონეზია
5057	1	\N	ირანის ისლამური რესპუბლიკა
5058	1	\N	ირლანდია
5059	1	\N	ისლანდია
5060	1	\N	ისრაელი
5061	1	\N	იტალია
5062	1	\N	იუგოსლავია
5063	1	\N	კაბო-ვერდე
5064	1	\N	კაიმანის კუნძულები
5065	1	\N	კამბოჯა
5066	1	\N	კამერუნი
5067	1	\N	კანადა
5068	1	\N	კატარი
5069	1	\N	კენია
5070	1	\N	კვიპროსი
5071	1	\N	კირიბატი
5072	1	\N	კოლუმბია
5073	1	\N	კომორის კუნძულები
5074	1	\N	კონგო
5075	1	\N	კორეის რესპუბლიკა
5076	1	\N	კორეის სახალხო დემოკრატიული რესპუბლიკა
5077	1	\N	კოსტა რიკა
5078	1	\N	კოტ-დ'ივუარი
5079	1	\N	კუბა
5080	1	\N	კუკის კუნძულები
5081	1	\N	ლაოსი
5082	1	\N	ლატვია
5083	1	\N	ლესოტო
5084	1	\N	ლიბანი
5085	1	\N	ლიბერია
5086	1	\N	ლიტვა
5087	1	\N	ლიხტენშტეინი
5088	1	\N	ლუქსემბურგი
5089	1	\N	მადაგასკარი
5090	1	\N	მავრიტანია
5091	1	\N	მაიოტე
5092	1	\N	მაკაუ
5093	1	\N	მალავი
5094	1	\N	მალაიზია
5095	1	\N	მალდივა
5096	1	\N	მალი
5097	1	\N	მალტა
5098	1	\N	მაროკო
5099	1	\N	მარშალის კუნძულები
5100	1	\N	მექსიკა
5101	1	\N	მიანმარი
5102	1	\N	მიკრონეზია
5103	1	\N	მოზამბიკი
5104	1	\N	მოლდოვა
5105	1	\N	მონაკო
5106	1	\N	მონსერატი
5107	1	\N	მონღოლეთი
5108	1	\N	ნამიბია
5109	1	\N	ნაურუ
5110	1	\N	ნეპალი
5111	1	\N	ნიგერი
5112	1	\N	ნიგერია
5113	1	\N	ნიკარაგუა
5114	1	\N	ნიუე
5115	1	\N	ნორვეგია
5116	1	\N	ნორფოლკის კუნძული
5117	1	\N	ომანი
5118	1	\N	პაკისტანი
5119	1	\N	პალაუ
5120	1	\N	პანამა
5121	1	\N	პაპუა ახალი გვინეა
5122	1	\N	პარაგვაი
5123	1	\N	პერუ
5124	1	\N	პოლონეთი
5125	1	\N	პორტუგალია
5126	1	\N	პუერტო რიკო
5127	1	\N	რუანდა
5128	1	\N	რუმინეთი
5129	1	\N	რუსეთის ფედერაცია
5130	1	\N	საბერძნეთი
5131	1	\N	სამოა
5132	1	\N	სამხრეთ აფრიკა
5133	1	\N	სამხრეთ ჯორჯია
5134	1	\N	სან მარინო
5135	1	\N	საუდის არაბეთი
5136	1	\N	საფრანგეთი
5137	1	\N	საფრანგეთი, მეტროპოლია
5138	1	\N	საფრანგეთის გვიანა
5139	1	\N	საფრანგეთის პოლინეზია
5140	1	\N	საფრანგეთის სამხრეთული ტერიტორიები
5141	1	\N	სენეგალი
5142	1	\N	სერა ლეონე
5143	1	\N	სვაზილენდი
5144	1	\N	სინგაპური
5145	1	\N	სირიის არაბული რესპუბლიკა
5146	1	\N	სლოვაკია
5147	1	\N	სლოვენია
5148	1	\N	სოლომონის კუნძულები
5149	1	\N	სომალი
5150	1	\N	სომხეთი
5151	1	\N	სუდანი
5152	1	\N	სურინამი
5153	1	\N	ტაივანი, ჩინეთის პროვინცია
5154	1	\N	ტაილანდი
5155	1	\N	ტანზანიის გაერთიანებული რესპუბლიკა
5156	1	\N	ტაჯიკეთი
5157	1	\N	ტოგო
5158	1	\N	ტოკელაუ
5159	1	\N	ტონგა
5160	1	\N	ტრინიდად და ტაბაგო
5161	1	\N	ტუვალუ
5162	1	\N	ტუნისი
5163	1	\N	უგანდა
5164	1	\N	უზბეკეთი
5165	1	\N	უკრაინა
5166	1	\N	უნგრეთი
5167	1	\N	ურუგვაი
5168	1	\N	ფარერის კუნძულები
5169	1	\N	ფილიპინები
5170	1	\N	ფინეთი
5171	1	\N	ფიჯი
5172	1	\N	ფოლკლენდის კუნძულები
5173	1	\N	ქოქოსის კუნძულები
5174	1	\N	ქუვეითი
5175	1	\N	ყაზახეთი
5176	1	\N	ყირგიზეთი
5177	1	\N	შვეიცარია
5178	1	\N	შვეცია
5179	1	\N	შობის კუნძულები
5180	1	\N	შრილანკა
5181	1	\N	ჩადი
5182	1	\N	ჩეხეთი
5184	1	\N	ჩინეთი
5185	1	\N	ჩრდილოეთ მარიანის კუნძულები
5186	1	\N	ცენტრალური აფრიკის რესპუბლიკა
5187	1	\N	წმინდა ელენეს კუნძული
5188	1	\N	ხორვატია
5189	1	\N	ჯიბუტი
5190	1	\N	ჰაიტი
5191	1	\N	ჰერდი და მაკდონალდის კუნძულები
5192	1	\N	ჰოლანდია
5193	1	\N	ჰოლანდიის ანტილები
5194	1	\N	ჰონდურასი
5195	1	\N	ჰონკონგი
5200	2	3533	Phone of Authorized Person
5201	2	2051	Company Name
5202	2	2054	Company e-mail
5203	2	2053	Company Adress
5204	2	2052	Company Phone
5205	2	3875	Create Form
5206	2	3881	Town
5207	2	4543	Town/Village
5208	2	3983	- Town/Village -
5209	2	4782	Country
5210	2	3980	- Country -
5211	2	2055	Personal ID of Authorized Person
5212	2	3530	Personal ID of Authorized Person
5213	2	3532	Last Name of Authorized Person
5214	2	3531	First Name of Authorized Person
5215	2	3955	Town/Postal Code
5216	2	4028	Open
5217	2	4523	- ALL -
5219	2	4546	Results
5220	2	4051	Remainder Date/Time
5221	2	4042	Conducting Date/Time
5222	2	4924	Conducting Date/Time
5223	2	3829	Animal ID
5224	2	4678	General Info
5225	2	4563	Unread message
5226	2	4026	Point ID
5227	2	3890	Initial clinical diagnosis
5228	2	3506	Date of Quality Control
5229	2	4019	Requarments of Quality Control
5230	2	4001	Quality Control Results
5231	2	4922	Quality Control Conducting Date
5232	2	3522	Date of Quality Control
5233	2	3542	Add Contract
5234	2	3541	Edit Contract
5235	2	3830	- Contract type -
5236	2	3874	Forms
5237	2	4021	GPS Coordinates
5238	2	4780	GPS coordinate E (Longitude)
5239	2	4779	GPS coordinate N (Longitude)
5242	2	4781	GPS coordinate F (Elevation in meters)
5243	2	3887	(H-Sample/Specimen)
5245	2	3931	II Registration Number
5246	2	3929	I Registration Number
5259	2	4926	
5261	2	5183	
5262	2	4975	
5263	2	4976	
5264	2	4977	
5265	2	4978	
5266	2	4979	
5267	2	4980	
5268	2	4981	
5269	2	4982	
5270	2	4983	
5271	2	4984	
5272	2	4985	
5273	2	4986	
5274	2	4987	
5275	2	4988	
5276	2	4989	
5277	2	4990	
5278	2	4991	
5279	2	4992	
5280	2	4993	
5281	2	4994	
5282	2	4995	
5283	2	4996	
5284	2	4997	
5285	2	4998	
5286	2	4999	
5287	2	5000	
5288	2	5001	
5289	2	5002	
5290	2	5003	
5291	2	5004	
5292	2	5005	
5293	2	5006	
5294	2	5007	
5295	2	5008	
5296	2	5009	
5297	2	5010	
5298	2	5011	
5299	2	5012	
5300	2	5013	
5301	2	5014	
5302	2	5015	
5303	2	5016	
5304	2	5017	
5305	2	5018	
5306	2	5019	
5307	2	5020	
5308	2	5021	
5309	2	5022	
5310	2	5023	
5311	2	5024	
5312	2	5025	
5313	2	5026	
5314	2	5027	
5315	2	5028	
5316	2	5029	
5317	2	5030	
5318	2	5031	
5319	2	5032	
5320	2	5033	
5321	2	5034	
5322	2	5035	
5323	2	5036	
5324	2	5037	
5325	2	5038	
5326	2	5039	
5327	2	5040	
5328	2	5041	
5329	2	5042	
5330	2	5043	
5331	2	5044	
5332	2	5045	
5333	2	5046	
5334	2	5047	
5335	2	5048	
5336	2	5049	
5337	2	5050	
5338	2	5051	
5339	2	5052	
5340	2	5053	
5341	2	5054	
5342	2	5055	
5343	2	5056	
5344	2	5057	
5345	2	5058	
5346	2	5059	
5347	2	5060	
5348	2	5061	
5349	2	5062	
5350	2	5063	
5351	2	5064	
5352	2	5065	
5353	2	5066	
5354	2	5067	
5355	2	5068	
5356	2	5069	
5357	2	5070	
5358	2	5071	
5359	2	5072	
5360	2	5073	
5361	2	5074	
5362	2	5075	
5363	2	5076	
5364	2	5077	
5365	2	5078	
5366	2	5079	
5367	2	5080	
5368	2	5081	
5369	2	5082	
5370	2	5083	
5371	2	5084	
5372	2	5085	
5373	2	5086	
5374	2	5087	
5375	2	5088	
5376	2	5089	
5377	2	5090	
5378	2	5091	
5379	2	5092	
5380	2	5093	
5381	2	5094	
5382	2	5095	
5383	2	5096	
5384	2	5097	
5385	2	5098	
5386	2	5099	
5387	2	5100	
5388	2	5101	
5389	2	5102	
5390	2	5103	
5391	2	5104	
5392	2	5105	
5393	2	5106	
5394	2	5107	
5395	2	5108	
5396	2	5109	
5397	2	5110	
5398	2	5111	
5399	2	5112	
5400	2	5113	
5401	2	5114	
5402	2	5115	
5403	2	5116	
5404	2	5117	
5405	2	5118	
5406	2	5119	
5407	2	5120	
5408	2	5121	
5409	2	5122	
5410	2	5123	
5411	2	5124	
5412	2	5125	
5413	2	5126	
5414	2	5127	
5415	2	5128	
5416	2	5129	
5417	2	5130	
5418	2	5131	
5419	2	5132	
5420	2	5133	
5421	2	5134	
5422	2	5135	
5423	2	5136	
5424	2	5137	
5425	2	5138	
5426	2	5139	
5427	2	5140	
5428	2	5141	
5429	2	5142	
5430	2	5143	
5431	2	5144	
5432	2	5145	
5433	2	5146	
5434	2	5147	
5435	2	5148	
5436	2	5149	
5437	2	5150	
5438	2	5151	
5439	2	5152	
5440	2	5153	
5441	2	5154	
5442	2	5155	
5443	2	5156	
5444	2	5157	
5445	2	5158	
5446	2	5159	
5447	2	5160	
5448	2	5161	
5449	2	5162	
5450	2	5163	
5451	2	5164	
5452	2	5165	
5453	2	5166	
5454	2	5167	
5455	2	5168	
5456	2	5169	
5457	2	5170	
5458	2	5171	
5459	2	5172	
5460	2	5173	
5461	2	5174	
5462	2	5175	
5463	2	5176	
5464	2	5177	
5465	2	5178	
5466	2	5179	
5467	2	5180	
5468	2	5181	
5469	2	5182	
5470	2	5184	
5471	2	5185	
5472	2	5186	
5473	2	5187	
5474	2	5188	
5475	2	5189	
5476	2	5190	
5477	2	5191	
5478	2	5192	
5479	2	5193	
5480	2	5193	
5481	2	5194	
5482	2	5195	
5483	2	5195	
5484	2	4925	SELECT REASON
5486	2	4036	Quality Control
5487	2	4038	Document Control
5488	2	2199	Attention
5489	2	3841	Max. Price
5490	2	4669	Human
5491	2	3528	Location on the shelf
5492	2	2045	Location on the shelf
5494	2	3989	Collected by persons
5495	2	3901	Collected by persons
5498	2	4556	Transfer Date
5500	2	3884	Department
5502	2	3896	Subculturing Date
5503	2	4754	Subculturing Date/Time
5504	2	3986	Subculturing Date/Time
5505	2	3941	Sent to person:
5506	2	4808	Sent to person
5507	2	4015	- Sent to person -
5508	2	4553	Transfer
5509	2	3842	Max. Quantity
5510	2	3937	Good Condition
5512	2	3552	Cancel Rejection
5513	2	4054	Conducted by
5514	2	4679	Customer Info
5515	2	4675	Patient/Case Info
5516	2	3995	Calendar
5518	2	3839	Test Group 1
5519	2	3840	Test Group 2
5520	2	3973	Add Customer
5521	2	3964	Customer type
5522	2	3987	Customer requirements 
5523	2	3905	Customer requirements 
5524	2	4611	Batch
5525	2	3891	Cadaver
5526	2	3892	(A - Autopsy sample / specimen )
5528	2	3908	Sample Research
5529	2	3876	Сustomer
5530	2	3519	Registration Date
5531	2	4518	Region
5532	2	3918	Testing Facility
5533	2	4010	- Testing Facility -
5534	2	4685	Sent by Facility
5535	2	3883	Requesting by Facility
5537	2	3951	III Recipient Facility
5538	2	3946	II Recipient Facility
5539	2	3917	I Recipient Facility
5540	2	4018	Recipient Facility
5541	2	4009	- Recipient Facility -
5542	1	\N	კონტრაგენტის დასახელება
5543	1	\N	ნიმუშის დაწუნება
5544	1	\N	კვლევის საფუძველი
5545	1	\N	ჯილეხი
5546	1	\N	პაციენტი სახელი, გვარი
5547	1	\N	10/10/1885
5548	1	\N	მამრობითი
5549	1	\N	აჭარა, ბათუმი
5550	1	\N	მედი ქლაბი
5551	1	\N	გამყოფილება
5552	1	\N	პედიატრია
5553	1	\N	სახელი, გვარი
5554	1	\N	დათო ჟორჟოლიანი
5555	1	\N	კულტურის დადასტურება, ნიმუშის კვლევა
5556	1	\N	5454165
5557	1	\N	წყლულის შიგთავსი
5558	1	\N	20/07/2017 12:03
5559	1	\N	Bacilus Antracis
5560	1	\N	ბაქტერიოლოგიური, მოლეკულური
5561	1	\N	27651283
5562	1	\N	სისხლი
5563	1	\N	ნიმუშის ისტორია
5564	2	3933	III Registration Number
5565	2	3935	IV Registration Number
5566	2	4624	Compact Registration Form
5567	2	3994	Registration 2
5570	2	3952	III Receving
5571	2	3462	Batch Receving
5572	2	1991	Receving
5573	2	3949	II Receving
5574	2	3924	I Receving
5575	2	4676	Sample Receving by Lab
5576	2	3950	II Transit
5577	2	3961	II Transit
5578	2	3963	IV Transit
5579	2	3960	I Transit
5580	2	3945	I Transit
5581	2	5544	Basis for Research
5584	2	5545	
5586	2	5547	
5588	2	5549	
5589	2	5550	
5591	2	5552	
5593	2	5554	
5595	2	5556	
5596	2	5557	
5597	2	5558	
5598	2	5559	
5599	2	5560	
5600	2	5561	
5603	2	4681	Registry
5604	2	4017	Transit
5606	2	4025	Performers Group ID
5607	2	4694	Test Material
5608	2	863	Consumables
5609	2	3932	III Sample Local ID
5610	2	3930	II Sample Local ID
5611	2	3934	IV Sample Local ID
5612	2	3928	I Sample Local ID
5614	2	3898	Sample(s) Local ID, Sample Type/Collection time
5615	2	5555	Culture confirmation, Sample Testing
5616	2	5543	Reject Sample
5617	2	5563	Sample Tracking
5618	2	3926	Sample Local ID
5619	2	3919	Sample Local ID
5620	2	3914	Pathogen
5621	2	4615	Self-Directed
5623	2	4014	Send
5624	1	\N	ფორმის ნახვა
5625	1	\N	ფორმის რედაქტირება
5626	2	3939	Purpose
5627	2	4030	- Test Material -
5628	2	4719	Test Material - Count
5629	2	4034	Pathogen
5632	2	3957	II Lab Testing
5633	2	3958	III Lab Testing
5634	2	3959	IV Lab Testing
5635	2	3956	I Lab Testing
5636	2	3940	Lab Testing
5637	2	4040	Controls Registry
5640	2	4008	Sample(s) Local ID
5641	2	3902	Sample(s) Local ID
5642	2	4045	Numeric answer
5643	2	4044	Test answer
5650	2	4013	Responsible Persons for Tranportation
5652	2	3947	1 Responsible Person for Tranportation
5653	2	3948	2 Responsible Person for Tranportation
5656	2	4778	Responsible Persons for Tranportation (First Name, Last Name)
5657	2	5562	Blood
5658	2	4946	Bank Info
5660	2	5624	Form View
5661	2	5625	Edit Form
5662	2	4673	General Info
5663	2	4672	Filled Info
5664	2	4554	Transfer ( External )
5665	1	\N	3489
5666	1	\N	545416564
5667	1	\N	2-4
5668	1	\N	ხარისხის კონტროლის მონაცემები
5669	2	3824	Result Date
5670	2	4923	Estimated result Date
5671	2	5668	Quality Control Data
5672	2	3516	Confirmation Date 2
5673	2	3334	Confirmation Date
5674	2	5665	
5675	2	5666	
5676	2	5667	
5677	2	3826	I Level
5678	2	3828	III Level
5679	2	3827	II Level
5681	2	3962	III Transit
5682	2	1061	Placeholder
5683	2	3978	Non-resident
5684	2	1063	Akhaltsikhe ZDL
5685	2	3608	Postponement
5686	2	5551	Department
5687	1	\N	ოპერაცია
5689	1	\N	გარე გადაცემა
5690	1	\N	დამკვეთის დასახელება
5691	1	\N	ჩაატარა
5692	1	\N	უარყოფითი ტესტები
5693	1	\N	დადებითი ტესტები
5694	1	\N	მოდალური ფანჯარა
5695	1	\N	ჩატარდა
5696	1	\N	არ ჩატარდა
5697	1	\N	თანმხლები ფორმა
5698	1	\N	ფორმა
5699	1	\N	ტრანსპ. პასუხისმგებელი პირები
5700	1	\N	ტრანსპ. პასუხისმგებელი პირები (სახელი, გვარი)
5707	2	5694	
5714	1	\N	ახალი დამკვეთის დამატება
5716	1	\N	საკვლევი მასალის რაოდენობა
5717	1	\N	აირჩიეთ დაწუნების მიზეზი
5718	1	\N	ნიმუში არ არის მოთავსებული სატრანსპორტო კონტეინერში
5719	1	\N	ნიმუში არ არის მოთავსებული დამცავ კონტეინერში
5720	1	\N	ხარისხის კონტროლია
5721	1	\N	არ ტარდება
5722	1	\N	ყოველ დღე
5723	1	\N	ყოველ
5724	1	\N	ანალიზის შესრულებამდე
5725	1	\N	ანალიზის შესრულების შემდეგ
5726	1	\N	ანალიზის შესრულების პარალელურად
5727	1	\N	საათზე
5728	1	\N	წუთით ადრე
5729	1	\N	წუთით გვიან
5730	1	\N	- ხარისხის კონტროლის ტესტები -
5731	1	\N	პროცედურების აღწერა
5732	1	\N	ლოტი/კოდი
5733	1	\N	დადებითი (St aureus (ATCC 25923))
5734	1	\N	უარყოფითი (E. Coli (ATCC 25922))
5735	1	\N	St aureus (ATCC 25923)
5736	1	\N	E. Coli (ATCC 25922)
5737	1	\N	დადებითი (St aureus (ATCC 25923)) - (ლურჯი შეღებვა)
5738	1	\N	ლურჯი შეღებვა
5739	1	\N	წითელი შეღებვა
5740	1	\N	საეჭვო
5741	1	\N	უარყოფითი (E. Coli (ATCC 25922)) - (წითელი შეღებვა)
5742	1	\N	ინტერპრეტაცია/კომენტარი
5743	1	\N	563147842
5744	1	\N	632158974
5745	1	\N	125896574
5746	1	\N	325879888
5747	1	\N	987455521
6261	2	6028	
5748	1	\N	კიტის ხარისხის მონაცემები
5749	1	\N	21/07/2017 ენტერობაქტერია (Enterobacter sakazakii) - 2
5750	1	\N	22/07/2017 ენტერობაქტერია (Enterobacter sakazakii) - 3
5751	1	\N	პაციენტის გვარიწ
5752	1	\N	ხარისხის კონტრ. შედეგი
5753	1	\N	ტესტის დასრულების თარიღი
5754	1	\N	დასრულების თარიღი
5755	1	\N	შეცდომა
5756	1	\N	აირჩიეთ ხელშეკრულების ტიპი
5758	1	\N	კონტრაგენტი დამატებულია.
5759	1	\N	მიმართვა ნომრით ~NAME~ უკვე არსებობს!
5760	1	\N	ა.ბ.
5761	1	\N	ც
5762	1	\N	დ
5763	1	\N	ე
5764	1	\N	ვ
5765	1	\N	ხელშეკრულების ნომრით ~NAME~ უკვე არსებობს!
5766	1	\N	ფასი შეტანილი არ არის!
5767	1	\N	ხარისხის შიდა კონტროლი
5768	1	\N	რეაქტივის ხარისხის მონაცემები
5769	1	\N	კვლევების პარამეტრები
5770	1	\N	კვლევა/ტესტი
5771	1	\N	პათოგენი
5784	2	5728	
5785	2	5729	
5790	2	5734	
5791	2	5735	
5792	2	5736	
5794	2	5738	
5795	2	5739	
5797	2	5741	
5799	2	5743	
5800	2	5744	
5801	2	5745	
5802	2	5746	
5803	2	5747	
5805	2	5749	
5806	2	5750	
5807	2	5751	
5815	2	5760	
5816	2	5761	
5818	2	5763	
5819	2	5764	
5827	1	\N	კონტროლი
5828	1	\N	-- ყველა -- 
5829	1	\N	აირიეთ ჩანაწერი
5830	1	\N	ვირულოსოლოგიის და მლეკული ბიოლოგიის ლაბორატორია
5831	1	\N	ინსტრუმენტალური კვლევების ლაბორატორია
5832	1	\N	ნებისმიერი განყოფილება
5833	1	\N	პათ. მორფოლოგიური კვლევების და პარაზიტოლოგიის ლაბორატორია
5834	1	\N	ხელშეკრულების ნომერი შეტანილი არ არის!
5838	2	5830	
5839	2	5831	
5841	2	5833	
5843	2	4670	Angle of deviation from GPS coordinates
5845	2	4671	Distance from GPS coordinates ( in meters )
5846	2	5717	Please select reason of rejection
5847	2	5756	Please select type of Contract
5848	2	5724	Until test
5849	2	5726	At the same time as the test
5850	2	5725	After test
5851	2	5696	Not conducted
5852	2	5714	Add new customer
5853	2	4032	Deviation Angle
5854	2	5689	Transfer to External Lab
5855	2	5762	D
5857	2	5733	Positive (St aureus (ATCC 25923)
5858	2	5737	Positive (St aureus (ATCC 25923) - (Blue)
5859	2	5693	POsitive Tests
5860	2	5690	Customer name
5861	2	3847	Are you sure, you want to cancel/restore test?
5862	2	5754	Finish date
5864	2	3967	Epid-Surveillance
5865	2	1998	Price for one
5866	2	3525	Price for one
5867	2	4050	By whom
5868	2	2060	By whom
5870	2	4538	DNA
5871	2	5697	Accompanying form
5872	2	4562	You have
5873	2	4890	Internet URL
5874	2	5742	Interpretation/Comment
5875	2	4545	Incident management
5877	2	3888	(See Patioent information)
5880	2	5770	Test group/Test
5881	2	5769	Test settings
5882	2	4732	Customer
5883	2	4541	Research object
5884	2	4783	Research object name
5886	2	5748	Kit Quality Data
5887	2	5542	Contragent Name
5888	2	5827	Control
5889	2	3907	Storing Culture
5890	2	5732	Lot/Code
5891	2	5548	Male
5892	2	3510	Method2
5894	2	2002	Secondary
5989	1	\N	რიცხვითი
5896	2	5759	Appeal with ~NAME~ is already exist!
5897	2	1961	Ice-cream
5898	2	5832	Any Dep
5900	2	5719	Sample is not in Protective Conteiner
6262	2	6030	
5901	2	5718	Sample is not in Transportaion Conteiner
5902	2	5771	Pathogen
5904	2	5546	Patient First Name, Last Name
5905	2	4740	Patient Full Address
5906	2	4536	Plasma
5907	2	3971	- Program -
5908	2	5731	Description of the procedures
5909	2	3234	Number of Aliquots
5910	2	5768	Reagent Quality Data
5911	2	3511	\tRegistration 2
5912	2	4537	RNA
5913	2	5727	At o'clock
5914	2	3979	Document Number
5915	2	5740	Suspect
5916	2	3606	Estimated result Date
5917	2	3607	Estimated result Date
5918	2	4552	Probable Diagnosis
5919	2	5716	Number of test material
5920	2	3944	For Transit
5921	2	2004	Product Category
5923	2	2001	Product Report
5924	2	5553	Name, Last Name
5927	2	3909	Testing Specimen
5928	2	4540	End of test
5929	2	5753	Date of test result
5930	2	5699	Responsible Persons for Tranportation
5931	2	5700	Responsible Persons for Tranportation (Name)
5932	2	5692	Negative Tests
5933	2	5766	Field "Price" is empty!
5934	2	5698	Form
5936	2	4549	Nem of Town/Village 
5937	2	1999	Price
5938	2	5828	-- ALL --
5939	2	5723	Every
5941	2	5722	Everyday
5944	2	3920	Responsible Persons for Tranportation0
5946	2	4011	Responsible Persons for filling - Name
5947	2	4777	Responsible Person for filling - Phone
5948	2	2050	Customer
5949	2	5755	Error
5950	2	3551	suspend
5952	2	5691	Conducted By
5953	2	5695	Is Conducted
5954	2	3997	View
5955	2	4048	There is no information about logging
5956	2	4049	Logging Date/time
5957	2	5720	Quality Control
5958	2	3996	Quality Control Schedule
5959	2	5730	- Quality Control Tests -
5961	2	4041	Quality Control Results - Enterobacteria (Enterobacter sakazakii)
5962	2	5752	Quality Control Results
5963	2	5767	Test Quality Control Results
5965	2	5834	Contract number is blank
5966	2	5765	Contract with ~NAME~ already exist!
5630	1	\N	ბადზოტი, ენტეროტექსემია, ემკარი, ნეკრობაქტერიოზი, ავთვისებიანი შეშუპება, ანაერობული დიზინტერია
5631	1	\N	ბიო-სუბსტრატი
5638	1	\N	ნიმუშის რედაქტირება
5639	1	\N	ანალიზის დამატება
5967	1	\N	ჩანაწერის რედაქტირება
5968	1	\N	ჩანაწერი არჩეული არ არის
5969	1	\N	ახალი ჩანაწერის დამატება
5970	1	\N	აირჩეული ჩანაწერის რედაქტირება
5971	1	\N	არჩეული ჩანაწერის წაშლა
5972	1	\N	ხელშეკრულება არჩეული არ არის
5973	1	\N	პარკოსანი კულტურები
5974	1	\N	პომიდორი
5975	1	\N	თევზის პრესერვი
5976	1	\N	საზამთრო
5977	1	\N	ბაქტერიოლოგია
5978	1	\N	ენტომოლოგია
5979	1	\N	ვირულოსოლოგია და მოლეკულური ბიოლოგია
5980	1	\N	ზოგადი ქიმია
5981	1	\N	ინსტრუმენტალური კვლევები
5982	1	\N	მიკრობიოლოგიური კვლევები
5983	1	\N	მოლეკულური ბიოლოგია
5984	1	\N	პათ. მორფოლოგია და პარაზიტოლოგია
5985	1	\N	ფიტოპათოლოგია
5986	1	\N	ცოფის დიაგნოსტიკა
5987	1	\N	ხარისხის ტესტები
5988	1	\N	dasaxeleba
5990	1	\N	E.coli O 157H7 (PCR)
5991	1	\N	ლოგიკური
5992	1	\N	wwww
5993	1	\N	ტექსტური
5994	1	\N	AOAC 2007.01
5995	1	\N	EN 13804:2003
5996	1	\N	EN 14083-2013
5997	1	\N	ენტერობაქტერია (Enterobacter sakazakii)
5998	1	\N	ენტერობაქტერია (Enterobacter sakazakii) (PCR)
5999	1	\N	ენტერობაქტერიების განსაზღვრა სურსათში
6000	1	\N	ენტეროკოკების განსაზღვრა სურსათში (მზა საკვები)
6001	1	\N	ენტეროკოკების განსაზღვრა წყალში
6002	1	\N	ეშერიხია კოლის გამოკვლევა სურსათში
6263	2	6031	
6003	1	\N	ეშერიხია კოლის გამოკვლევა წყალში
6004	1	\N	ვიბრიო (Vibrio parahaemolitycus)
6005	1	\N	კოლი-ფორმები
6006	1	\N	კოლი-ფორმები (სასმელი წყალი)
6007	1	\N	ლისტერია
6008	1	\N	ლისტერია (PCR)
6009	1	\N	ლისტერია მონოციტოგენეზი (რაოდენობრივი განსაზღვრა)
6010	1	\N	მეზოფილური აერობები და ფაკულტატური ანაერობები
6011	1	\N	მეზოფილური აერობები და ფაკულტატური ანაერობები (წყალი)
6012	1	\N	ნაწლავის ჩხირის ჯგუფის ბაქტერიები (კოლი-ფორმები) (წყალი) (GOST 18963)
6013	1	\N	ნიადაგის ახალი კვლევა
6014	1	\N	ობის და საფუარის სოკოები
6015	1	\N	პოლიმერაზული ჯაჭვური რეაქცია (PCR)
6016	1	\N	პრეზუმციული B. cereus-ის აღმოჩენა და დათვლა
6017	1	\N	პროტეუსი (Proteus)
6018	1	\N	სალმონელა
6019	1	\N	სალმონელა PCR
6020	1	\N	სალმონელა (სასმელი წყალი)
6021	1	\N	სტაფილოკოკი (ოქროსფერი)
6022	1	\N	სტაფილოკოკი (ოქროსფერი) (PCR) (რძე და რძის პროდუქტებში)
6023	1	\N	ტესტ 1
6024	1	\N	ტესტ 2
6025	1	\N	ტეტრაციკლინი
6026	1	\N	ფსევდომონა აეროგინოზა (სასმელი წყალი)
6027	1	\N	გოსტ 27207-87
6028	1	\N	ქლორტეტრაციკლინი
6029	1	\N	°
6030	1	\N	mg O2/ლ
6031	1	\N	oT
6032	1	\N	P20M
6033	1	\N	pH
6034	1	\N	ბალი
6035	1	\N	გ ექვ/ლ
6036	1	\N	კკალ 100გ პროდუქტში
6037	1	\N	მგ KOH/გ
6038	1	\N	მგ-ეკვ/ლ
6039	1	\N	მგ/კგ
6040	1	\N	მგ/ლ
6041	1	\N	მკს/სმ
6042	1	\N	მმოლ (½O)კგ
6043	1	\N	მმოლ/კგ
6044	2	5969	Add new record
6045	2	5639	Add new test
6046	2	5989	Numeric
6047	2	5968	Please select record
6048	2	5967	Edit record
6049	2	5971	Delete selected record
6050	2	5972	Contract is not selected
6051	2	5638	Edit sample
6052	2	5987	Quality Control Tests
6053	2	5970	Edit selected recod
6054	2	5993	Textual
6055	2	5991	Logical
6056	2	6029	°
6057	2	1086	Kutaisi ZDL
6058	2	4535	Serum
6059	2	4551	Street Name and Number
6060	2	5721	Not conducted
6061	2	5687	Operation
6062	2	5758	Customer added
6063	2	5829	Select record
6064	2	3553	 Deny
6065	2	5983	Molecular biology
6066	2	5982	Microbiological tests
6067	2	5977	Bacteriology
6068	2	5985	Phytopathology
6069	2	5980	General chemistry
6070	2	1071	Laboratory of Virology and Molecular Biology
6071	2	5979	Virology and Molecular Biology
6072	1	\N	ტ
6074	1	\N	ბაღჩეული კულტურები
6075	1	\N	ვაგინალური ნაცხი
6076	1	\N	მცენარეული მასალა
6077	1	\N	ნიმუში დამატებულია.
6078	1	\N	ჩანაწერი წაიშალა.
6079	1	\N	მონაცემები განახლებულია.
6080	1	\N	კარტოფილის მურა სიდამპლე (Ralstonia solanacearum)
6081	1	\N	კარტოფილის რგოლური სიდამპლე (Clavibacter michiganensis)
6334	2	6131	
6082	1	\N	მზა სურსათი (სეს)
6083	1	\N	ნაცხი (თვალის და ცხვირის/ოკულარული&ნაზალური)
6084	1	\N	ნაცხი (ნაზალური, კლოაკის, ტრაქეის)
6085	1	\N	ნახევარფაბრიკატები (ფრინველის, ცხოველის, მცენარეული)
6086	1	\N	ნახევარფაბრიკატები (ხორცი)
6087	1	\N	ნახევარფაბრიკატი (პილმენი, ხინკალი)
6088	1	\N	ნიადაგი (გარემოს ნიმუში)
6089	1	\N	პათ.მასალა
6090	1	\N	პათ.მასალა (მოგდებული ნაყოფი)
6091	1	\N	პათ. მასალა (ცხოველის შინაგანი ორგანოები)
6264	2	6032	
6092	1	\N	პარკოსანი კულტურები (თესლი)
6093	1	\N	პარკოსნების თესლი, მ.შ. ბარდა, ლობიო, ცულისპირა,უგრეხელი, მუხუდო, სოია, ბურღული, ქუმელი, ფანტელა
6094	1	\N	პილპილი მარცვლებში, წიწაკა წითელი, დაფქული, დარიჩინი
6095	1	\N	პური, ფუნთუშეული და ერბოზელილი ნაწარმი
6096	1	\N	რძე
6097	1	\N	რძე და რძის ნაწარმი
6098	1	\N	რძე და რძის ნაწარმი (ნაღების, არაჟნის და კარაქის გარდა)
6099	1	\N	რძემჟავა პროდუქტი
6100	1	\N	რძე (მშრალი)
6101	1	\N	რძე მშრალი პროდუქტები, კონსერვები რძის (რძე შესქელებული და კონცენტრირებული)
6102	1	\N	რძე (ნედლი)
6103	1	\N	რძე (პასტერიზებული)
6104	1	\N	საკვები პროდუქტები
6105	1	\N	საკვები (ცხოველის,ფრინველის)
6106	1	\N	სალათები ბოსტნეულის (მოხარშული, მოშუშული, შემწვარი)
6107	1	\N	სალათები (კვერცხიანი)
6108	1	\N	სალათები ნედლი ბოსტნეულის კვერცხიანი, დაკონსერვებული ბოსტნეულით
6109	1	\N	სალათები (ნედლი ბოსტნეულის, ხილის)
6110	1	\N	სალათები ნედლი, მოხარშული და მოშუშული ბოსტნეულის და ხილის
6111	1	\N	სალათები (ხორცის, ფრინველის, თევზის, შაშხეულის)
6112	1	\N	სალათები ხორცის, ფრინველის, თევზის, შაშხეულისა და ა.შ. დამატებით
6113	1	\N	სამედიცინო დანიშნულების სურსათი
6114	1	\N	სანაყოფე სითხე
6115	1	\N	სარეველა მცენარეები
6116	1	\N	სასახსრე სითხე
6117	1	\N	სასმელი წყალი
6118	1	\N	სასურსათო მარცვლეული (მ.შ. ხორბალი, ჟვავი, ტრიტიკალე, შვრია, ქერი, ფეტვი, წიწიბურა, ბრინჯი, სიმინდი, სორგო)
6119	1	\N	საღეჭი რეზინა
6120	1	\N	სიმინდი (თესლი)
6121	1	\N	სისხლი-შრატი
6122	1	\N	სოკო (გამხმარი)
6123	1	\N	სოკოს კულტურა
6124	1	\N	სოკოს კულტურის იდენტიფიკაცია
6125	1	\N	სპერმა
6126	1	\N	სუბპროდუქტი
6127	1	\N	სუბტროპიკული კულტურები (ხურმა, ჩაი, დაფნა, ლეღვი, კივი..)
6128	1	\N	სუთი ღორის (გაცივებული, დამარილებული,)
6129	1	\N	სუნელები და სანელებლები
6130	1	\N	სურსათი/ცხოველთა საკვები
6131	1	\N	ტექნიკური კულტურები
6132	1	\N	ტექნიკური კულტურები (თესლი)
6133	1	\N	ტკიპა
6134	1	\N	ტორტი
6135	1	\N	ტორტი ვაფლის
6136	1	\N	ტროპიკული კულტურები (ბანანი, მანგო, ავოკადო..)
6137	1	\N	ტყის და დეკორატიული მცენარეები
6138	1	\N	ფარში (ქათმის, წიწილის)
6139	1	\N	ფარში შერეული
6140	1	\N	ფეკალი
6141	1	\N	ფრინველის ლეში
6142	1	\N	ფრინველის შიგნეული (ღვიძლი, გული, კუჭი)
6143	1	\N	ფრინველის ხორცი
6144	1	\N	ფუტკარი
6145	1	\N	ფუტკარი (ბარტყები)
6146	1	\N	ფქვილი და ბურღულეული
6147	1	\N	ფქვილი და ბურღულეული (არაქისით)
6335	2	6132	
6148	1	\N	ფქვილის საკონდიტრო ნაწარმი
6149	1	\N	ღორის და გარეული ნადირის ხორცი
6150	1	\N	ყავა
6151	1	\N	ყველი
6152	1	\N	ყველი მდნარი
6153	1	\N	ყური
6154	1	\N	შარდი
6155	1	\N	შაურმა, ჩიზბურგერი, ჰამბურგერი
6156	1	\N	შაქრიანი საკონდიტრო ნაწარმი (მ.შ. შოკოლადი, კარამელი, კანფეტები, ირისი, ჰალვა, მარმელადი, ზეფირი, საღეჭი რეზინი)
6157	1	\N	შენახული პროდუქტები (ჩირი, ჩურჩხელა, ჩირი, ქიშმიში, ჩაი, ...)
6265	2	6033	
6158	1	\N	შოკოლადი (ცვეულებრივი, შიგთავსით, ყველა ტიპის)
6159	1	\N	ჩაი
6160	1	\N	ჩაი, ყავა
6161	1	\N	ჩაი, ყავა, კაკაო
6162	1	\N	ჩვილ ბავშვთა კვებისთვის განკუთვნილი სურსათი
6163	1	\N	ჩირი (ხილი, კენკროვნები), ცუკატები
6164	1	\N	ჩირქი
6165	1	\N	ჩიფსი კარტოფილის
6166	1	\N	ჩლიქი
6167	1	\N	ცივი წვნიანი კერძები
6168	1	\N	ციტრუსები
6169	1	\N	ცხელი წვნიანი კერძები
6170	1	\N	ცხოველთა საკვები (მცენარეული)
6171	1	\N	ცხოველთა საკვები (ცხოველური)
6172	1	\N	ცხოველის ლეში
6173	1	\N	ცხოველის ლეში ან თავი
6174	1	\N	ცხოველის ლეში და პარენქიმული ორგანოები
6175	1	\N	ცხოველის ლეში, თავი და თავის ტვინი
6176	1	\N	ძეხვეული (მოხარშული - სოსისი, სარდელი)
6177	1	\N	ძეხვეული (ნახევრად შებოლილი, მოხარშულ-შებოლილი)
6178	1	\N	წყალი
6179	1	\N	ხაჭო, ნადუღი
6180	1	\N	ხაჭო, ყველი, ნადუღი
6181	1	\N	ხახვის თესლი
6182	1	\N	ხე-მცენარეები (თესლი)
6183	1	\N	ხეხილი
6184	1	\N	ხეხილი (თესლოვნები)
6185	1	\N	ხეხილი (კურკოვნები)
6186	1	\N	ხეხილის ბაქტერიული სიდამწვრე (Erwinia amylovora)
6187	1	\N	ხილი, კენკრა, ბოსტნეული, სოკო (ნედლი, გამხმარი)
6188	1	\N	ხილი, კენკრა, ყურძენი (სწრაფად გაყინული)
6189	1	\N	ხილი, კენკრა, ყურძენი სწრაფად გაყინული და მათი გადამუშავების პროდუქტები
6190	1	\N	ხორბალი
6191	1	\N	ხორბლის ფქვილი (მ.შ მაკარონის ნაწარმისათვის, შვრიის, ტრიტიკალის, სიმინდის, ქერის, ფეტვის, ბრინჯის, წიწიბურას, ბარდას, სო
6192	1	\N	ხორცი
6193	1	\N	ხორცი (ახალი, გაცივებული, გაყინული)
6194	1	\N	ხორცი და ხორცპროდუქტები
6195	1	\N	ჰაერი (ექსპოზირებული საკვებ ნიადაგიანი პეტრის ფინჯანი)
6196	1	\N	ჩანაწერი  დამატებულია.
6197	1	\N	ჩანაწერი  განახლებულია.
6203	1	\N	- ნიმუში -
6204	1	\N	საველე&nbsp;N
6205	1	\N	ცხოველის&nbsp;N
6206	1	\N	მიმართვა არჩეული არ არის
6207	1	\N	აქტი არჩეული არ არის
6208	1	\N	მინ.დღე
6209	1	\N	მაქს.დღე
6210	1	\N	კომენტარი
6336	2	6133	
6214	2	5630	
6215	2	5631	
6216	2	5973	
6217	2	5974	
6218	2	5975	
6219	2	5976	
6220	2	5978	
6221	2	5981	
6222	2	5984	
6223	2	5986	
6224	2	5988	
6225	2	5990	
6226	2	5992	
6227	2	5994	
6228	2	5995	
6229	2	5996	
6230	2	5997	
6231	2	5998	
6232	2	5999	
6233	2	6000	
6234	2	6001	
6235	2	6002	
6236	2	6003	
6237	2	6004	
6238	2	6005	
6239	2	6006	
6240	2	6007	
6241	2	6008	
6242	2	6009	
6243	2	6010	
6244	2	6011	
6245	2	6012	
6246	2	6013	
6247	2	6014	
6248	2	6015	
6249	2	6016	
6250	2	6017	
6251	2	6018	
6252	2	6019	
6253	2	6020	
6254	2	6021	
6255	2	6022	
6256	2	6023	
6257	2	6024	
6258	2	6025	
6259	2	6026	
6260	2	6027	
6266	2	6034	
6267	2	6035	
6268	2	6036	
6269	2	6037	
6270	2	6038	
6271	2	6039	
6272	2	6040	
6273	2	6041	
6274	2	6042	
6275	2	6043	
6276	2	6072	
6277	2	6074	
6278	2	6075	
6279	2	6076	
6280	2	6077	
6281	2	6078	
6282	2	6079	
6283	2	6080	
6284	2	6081	
6285	2	6082	
6286	2	6083	
6287	2	6084	
6288	2	6085	
6289	2	6086	
6290	2	6087	
6291	2	6088	
6292	2	6089	
6293	2	6090	
6294	2	6091	
6295	2	6092	
6296	2	6093	
6297	2	6094	
6298	2	6095	
6299	2	6096	
6300	2	6097	
6301	2	6098	
6302	2	6099	
6303	2	6100	
6304	2	6101	
6305	2	6102	
6306	2	6103	
6307	2	6104	
6308	2	6105	
6309	2	6106	
6310	2	6107	
6311	2	6108	
6312	2	6109	
6313	2	6110	
6314	2	6111	
6315	2	6112	
6316	2	6113	
6317	2	6114	
6318	2	6115	
6319	2	6116	
6320	2	6117	
6321	2	6118	
6322	2	6119	
6323	2	6120	
6324	2	6121	
6325	2	6122	
6326	2	6123	
6327	2	6124	
6328	2	6125	
6329	2	6126	
6330	2	6127	
6331	2	6128	
6332	2	6129	
6333	2	6130	
6337	2	6134	
6338	2	6135	
6339	2	6136	
6340	2	6137	
6341	2	6138	
6342	2	6139	
6343	2	6140	
6344	2	6141	
6345	2	6142	
6346	2	6143	
6347	2	6144	
6348	2	6145	
6349	2	6146	
6350	2	6147	
6351	2	6148	
6352	2	6149	
6353	2	6150	
6354	2	6151	
6355	2	6152	
6356	2	6153	
6357	2	6154	
6358	2	6155	
6359	2	6156	
6360	2	6157	
6361	2	6158	
6362	2	6159	
6363	2	6160	
6364	2	6161	
6365	2	6162	
6366	2	6163	
6367	2	6164	
6368	2	6165	
6369	2	6166	
6370	2	6167	
6371	2	6168	
6372	2	6169	
6373	2	6170	
6374	2	6171	
6375	2	6172	
6376	2	6173	
6377	2	6174	
6378	2	6175	
6379	2	6176	
6380	2	6177	
6381	2	6178	
6382	2	6179	
6383	2	6180	
6384	2	6181	
6385	2	6182	
6386	2	6183	
6387	2	6184	
6388	2	6185	
6389	2	6186	
6390	2	6187	
6391	2	6188	
6392	2	6189	
6393	2	6190	
6394	2	6191	
6395	2	6192	
6396	2	6193	
6397	2	6194	
6398	2	6195	
6399	2	6196	
6400	2	6197	
6401	2	6203	
6402	2	6204	
6403	2	6205	
6404	2	6206	
6405	2	6207	
6406	2	6208	
6407	2	6209	
6408	2	6210	
6409	1	\N	N/A
6410	1	\N	ჯგუფები
6411	1	\N	ლაბორატორიები
6412	1	\N	32189-2013
6413	1	\N	945:46:920:115:930:30
6414	1	\N	Clinica Veterinary Microbiology.Second Edition.2013 წ.გვ112-115
6415	1	\N	Clinica Veterinary Microbiology.Second Edition.2013 წ.გვ 128-132
6416	1	\N	Clinica Veterinary Microbiology.Second Edition.2013 წ.გვ180-182
6417	1	\N	EN 13805:2003
6418	1	\N	Europ.Commit.on Antimicr.Suscept.Testing.Breakpoint tables for interpr.of MICs and zone diametrs.Ver.4.0,2014
6419	1	\N	ISO 15304:2002
6420	1	\N	Official Journal of the EU Annex XX (L88/97)
6421	1	\N	Болезни и вред.пчел с основами микробиол.В.И. Полтев и Е.В.Нешатаева.1970г.გვ 79
6422	1	\N	Болезни и вред.пчел с основами микробиол.В.И. Полтев и Е.В.Нешатаева.1970г.გვ 85
6423	1	\N	Лаб.иссл. в вет.Б.И.Антонов и П.Н. Блинова.1971г.ст 143
6424	1	\N	Лаб.иссл. в вет.Б.И.Антонов и П.Н. Блинова.1971г.ст 153-154
6425	1	\N	Лаб.иссл. в вет.Б.И.Антонов и П.Н. Блинова.1971г.ст 37-39
6426	1	\N	Лаб.иссл. в вет.Б.И.Антонов и П.Н. Блинова.1971г.ст49
6427	1	\N	Лаб.иссл. в вет.Б.И.Антонов и П.Н. Блинова.1971г.ст 84-87
6428	1	\N	Лаб.иссл. в вет.-спр.Б.И.Антонов и др.1985 г.ст.177-181
6429	1	\N	Лаб.иссл. в вет.-спр.Б.И.Антонов и др.1985 г.ст209-212
6430	1	\N	ბიოცდა
6431	1	\N	გოსტ 10856-96
6432	1	\N	გოსტ 13586.5-2015
6433	1	\N	გოსტ 26808-86
6434	1	\N	გოსტ 26829-86
6435	1	\N	გოსტ 27670-88
6436	1	\N	გოსტ 31954-2012 (ისო 6059:1984
6437	1	\N	გოსტი 12042–80
6438	1	\N	ერთ. თვითღირებულება
6439	1	\N	ქუ ცხელების ანტისხეულების აღმომჩენი IFA სლაიდი
6440	1	\N	ქუ ცხელების ანტისხეულების აღმომჩენი კიტი
6441	1	\N	ქუ-ცხელება  ბაქტერიული გენომის აღმოჩენა  forward
6442	1	\N	ქუ-ცხელება probe
6443	1	\N	ქუ-ცხელება reverse
6444	1	\N	ღორის აფრიკული ცხელება ვირუსული გენომის აღმოჩენა
6445	1	\N	ღორის აფრიკული ცხელების ანტისხეულის აღმომჩენი კიტი
6446	1	\N	ღორის კლასიკური ცხელება ვირუსული გენომის აღმოჩენა
6447	1	\N	ღორის კლასიკური ცხელების ანტისხეულის აღმომჩენი კიტი
6448	1	\N	ყირიმ კონგოს ჰემორაგიული ცხელება probe
6449	1	\N	ყირიმ კონგოს ჰემორაგიული ცხელება Reverse
6450	1	\N	ყირიმ კონგოს ჰემორაგიული ცხელება ვირუსული გენომის აღმოჩენა Forward
6451	1	\N	1000 მარცვლის მასის განსაზღვრა
6452	1	\N	კონტროლის ტესტი:
6453	1	\N	ტესტის დასახელება
6454	1	\N	აფხაზეთი
6455	1	\N	აჭარის ავტონომიური რესპუბლიკა
6456	1	\N	გურიის მხარე
6457	1	\N	ზემო აფხაზეთი
6458	1	\N	იმერეთის მხარე
6459	1	\N	კახეთის მხარე
6460	1	\N	მცხეთა-მთიანეთის მხარე
6461	1	\N	რაჭა-ლეჩხუმისა და ქვემო სვანეთის მხარე
6462	1	\N	სამეგრელო-ზემო სვანეთის მხარე
6463	1	\N	სამცხე-ჯავახეთის მხარე
6464	1	\N	ქვემო ქართლის მხარე
6465	1	\N	ქ. თბილისი
6466	1	\N	შიდა ქართლის მხარე
6467	1	\N	რაიონი/ქალაქი
6468	1	\N	ბათუმი
6469	1	\N	ქედის რაიონი
6470	1	\N	ქობულეთის რაიონი
6471	1	\N	შუახევის რაიონი
6472	1	\N	ხელვაჩაურის რაიონი
6473	1	\N	ხულოს რაიონი
6474	1	\N	ბაღდათის რაიონი
6475	1	\N	ვანის რაიონი
6476	1	\N	ზესტაფონის რაიონი
6477	1	\N	თერჯოლის რაიონი
6478	1	\N	სამტრედიის რაიონი
6479	1	\N	საჩხერის რაიონი
6480	1	\N	ტყიბულის რაიონი
6481	1	\N	ქ. ქუთაისი
6482	1	\N	წყალტუბოს რაიონი
6483	1	\N	ჭიათურის რაიონი
6484	1	\N	ხარაგაულის რაიონი
6485	1	\N	ხონის რაიონი
6486	1	\N	აბუქეთა
6487	1	\N	აგარა
6488	1	\N	არსენაული
6489	1	\N	აქუცა
6490	1	\N	აწჰესი
6491	1	\N	ახო
6492	1	\N	ბალაძეები
6493	1	\N	ბზუბზუ
6494	1	\N	გარეტყე
6495	1	\N	გეგელიძეები
6496	1	\N	გობრონეთი
6497	1	\N	გოგიაშვილები
6498	1	\N	გულები
6499	1	\N	გუნდაური
6500	1	\N	დაბა ქედა
6501	1	\N	დანდალო
6502	1	\N	დოლოგანი
6503	1	\N	დოხოძეები
6504	1	\N	ვაიო
6505	1	\N	ვარჯანისი
6506	1	\N	ზედა აგარა
6507	1	\N	ზედა ბზუბზუ
6508	1	\N	ზედა მახუნცეთი
6509	1	\N	ზენდიდი
6510	1	\N	ზესოფელი
6511	1	\N	ზვარე
6512	1	\N	ზუნდაგა
6513	1	\N	ინაშარიძეები
6514	1	\N	კანტაური
6515	1	\N	კვაშტა
6516	1	\N	კოკოტაური
6517	1	\N	კოლოტაური
6518	1	\N	კორომხეთი
6519	1	\N	კუჭულა
6520	1	\N	მახუნცეთი
6521	1	\N	მერისი
6522	1	\N	მეძიბნა
6523	1	\N	მილისი
6524	1	\N	მოსიაშვილები
6525	1	\N	ნამლისევი
6526	1	\N	ნამონასტრევი
6527	1	\N	ორცვა
6528	1	\N	ოტოფნარა
6529	1	\N	ოქტომბერი
6530	1	\N	პირველი მაისი
6531	1	\N	სილიბაური
6532	1	\N	სირაბიძეები
6533	1	\N	სიხალიძეები
6534	1	\N	ტიბეთა
6535	1	\N	უჩხითი
6536	1	\N	ქედა
6537	1	\N	ქვედა აგარა
6538	1	\N	ქვედა ბზუბზუ
6539	1	\N	ქვედა მახუნცეთი
6540	1	\N	ქოსოფელი
6541	1	\N	შევაბური
6542	1	\N	ცხემნა
6543	1	\N	ცხმორისი
6544	1	\N	ძენწმანი
6545	1	\N	წონიარისი
6546	1	\N	ჭალახმელა
6547	1	\N	ჭინკაძეები
6548	1	\N	ხარაულა
6549	1	\N	ხუნკუდა
6550	1	\N	ჯალაბაშვილები
6551	1	\N	სოფელი
6552	1	\N	ალამბარი
6553	1	\N	აჭი
6554	1	\N	აჭყვისთავი
6555	1	\N	ბობოყვათი
6556	1	\N	ბუკნარი
6557	1	\N	გვარა
6558	1	\N	გორგაძეები
6559	1	\N	დაბა
6560	1	\N	დაბა ოჩხამური
6561	1	\N	დაბა ჩაქვი
6562	1	\N	დაგვა
6563	1	\N	ზედა აჭყვა
6564	1	\N	ზედა დაგვა
6565	1	\N	ზედა კვირიკე
6566	1	\N	ზედა კონდიდი
6567	1	\N	ზედა სამება
6568	1	\N	ზენეთი
6569	1	\N	ზენითი
6570	1	\N	თეთროსანი
6571	1	\N	თიკერი
6572	1	\N	კვირიკე
6573	1	\N	კოხი
6574	1	\N	ლეღვა
6575	1	\N	მუხაესტატე
6576	1	\N	ნათაბიარი
6577	1	\N	ნაკაიძეები
6578	1	\N	ნაცხავატები
6579	1	\N	ოჩხამური
6580	1	\N	საჩინო
6581	1	\N	სახალვაშო
6582	1	\N	სკურა
6583	1	\N	ქაქუთი
6584	1	\N	ქვედა აჭყვა
6585	1	\N	ქვედა დაგვა
6586	1	\N	ქვედა კვირიკე
6587	1	\N	ქვედა კონდიდი
6588	1	\N	ქვედა სამება
6589	1	\N	ქობულეთი
6590	1	\N	შუაღელე
6591	1	\N	ჩაისუბანი
6592	1	\N	ჩაქვი
6593	1	\N	ჩაქვისთავი
6594	1	\N	ჩოლოქი
6595	1	\N	ცეცხლაური
6596	1	\N	ციხისძირი
6597	1	\N	წითელი ოქტომბერი
6598	1	\N	წყავროკა
6599	1	\N	ჭახათი
6600	1	\N	ხალა
6601	1	\N	ხუცუბანი
6602	1	\N	ჯიხანჯური
6603	1	\N	ადლია
6604	1	\N	აეროპორტი
6605	1	\N	ავგია
6606	1	\N	ანგისა
6607	1	\N	აჭარისაღმართი
6608	1	\N	აჭარისწყალი
6609	1	\N	ახალსოფელი
6610	1	\N	ახალშენი
6611	1	\N	ახალშენის მეურნეობა
6612	1	\N	ბერაძეები
6613	1	\N	განთიადი
6614	1	\N	გემულაური
6615	1	\N	გოგირდოვანი წყლები
6616	1	\N	გონიო
6617	1	\N	დაბა მახინჯაური
6618	1	\N	დაბა ხელვაჩაური
6619	1	\N	ევგენიძეები
6620	1	\N	ერგე
6621	1	\N	ვარშალომიძეები
6622	1	\N	ზაბლავეთი
6623	1	\N	ზანაქიძეები
6624	1	\N	ზედა ახალშენი
6625	1	\N	ზედა განახლება
6626	1	\N	ზედა განთიადი
6627	1	\N	ზედა თხილნარი
6628	1	\N	ზედა კაპრეშუმი
6629	1	\N	ზედა კირნათი
6630	1	\N	ზედა მახინჯაური
6631	1	\N	ზედა მახო
6632	1	\N	ზედაღელე
6633	1	\N	ზედა ჩხუტუნეთი
6634	1	\N	ზედა წინსვლა
6635	1	\N	ზედა ჭარნალი
6636	1	\N	ზედა ჯოჭო
6637	1	\N	თოდოგაური
6638	1	\N	თხილნარი
6639	1	\N	თხილნარის მეურნეობა
6640	1	\N	ინჯალო
6641	1	\N	კალენდერე
6642	1	\N	კაპანდები
6643	1	\N	კაპნისთავი
6644	1	\N	კაპრეშუმი
6645	1	\N	კახაბერი
6646	1	\N	კვარიათი
6647	1	\N	კიბე
6648	1	\N	კირნათი
6649	1	\N	კობალეთი
6650	1	\N	მარადიდი
6651	1	\N	მასაურა
6652	1	\N	მაღლაკონი
6653	1	\N	მაჭახლისპირი
6654	1	\N	მახვილაური
6655	1	\N	მახინჯაური
6656	1	\N	მახო
6657	1	\N	მეჯინისწყალი
6658	1	\N	მინდა
6659	1	\N	მირვეთი
6660	1	\N	მიქელაძეები
6661	1	\N	მწვანე კონცხი
6662	1	\N	ნაკირნათევი
6663	1	\N	ნამანდრევი
6664	1	\N	ორთაბათუმი
6665	1	\N	სალიბაური
6666	1	\N	სამება
6667	1	\N	სარფი
6668	1	\N	სატეხია
6669	1	\N	სიმონეთი
6670	1	\N	სინდიეთი
6671	1	\N	სკურდიდი
6672	1	\N	ტაშხანა
6673	1	\N	ურეხი
6674	1	\N	ფერია
6675	1	\N	ქედ-ქედი
6676	1	\N	ქეთქედი
6677	1	\N	ქვედა სალიბაური
6678	1	\N	ქვედა ჩხუტუნეთი
6679	1	\N	ქვედა ჯოჭო
6680	1	\N	ქოქოლეთი
6681	1	\N	ყოროლისთავი
6682	1	\N	შავლიძეები
6683	1	\N	შარაბიძეები
6684	1	\N	შუშანეთი
6685	1	\N	ჩელტა
6686	1	\N	ჩიქუნეთი
6687	1	\N	ჩხუტუნეთი
6688	1	\N	ცისკარაძეები
6689	1	\N	ცხემლარა
6690	1	\N	წინსვლა
6691	1	\N	წიქარეული
6692	1	\N	ჭარნალი
6693	1	\N	ჭარნალის მეურნეობა
6694	1	\N	ჭირნალა
6695	1	\N	ხელვაჩაური
6696	1	\N	ხერთვისი
6697	1	\N	ხე ყრუ
6698	1	\N	ჯიბინაური
6699	1	\N	დეკანაშვილები
6700	1	\N	ადაძეები
6701	1	\N	ახალი უბანი
6702	1	\N	ბაკო
6703	1	\N	ბეღლეთი
6704	1	\N	ბოძაური
6705	1	\N	გელავრა
6706	1	\N	გელაური
6707	1	\N	გელაძეები
6708	1	\N	გოდგაძეები
6709	1	\N	გუდასახო
6710	1	\N	გურძაული
6711	1	\N	დაბა ხულო
6712	1	\N	დავლაძეები
6713	1	\N	დანისპარაული
6932	1	\N	ნალექი
6714	1	\N	დიაკონიძეები
6715	1	\N	დიდაჭარა
6716	1	\N	დიოკნისი
6717	1	\N	ელელიძეები
6718	1	\N	ელიაწმინდა
6719	1	\N	ვანაძეები
6720	1	\N	ვაშაყმაძეები
6721	1	\N	ვაშლოვანი
6722	1	\N	ვერნები
6723	1	\N	ზედა დეკანაშვილები
6724	1	\N	ზედა ვაშლოვანი
6725	1	\N	ზედა თხილვანა
6726	1	\N	თაგო
6727	1	\N	თხილვანა
6728	1	\N	იაკობაძეები
6729	1	\N	ირემაძეები
6730	1	\N	კალოთა
6731	1	\N	კვატია
6732	1	\N	კორტოხი
6733	1	\N	კურცხალი
6734	1	\N	ლაბეიძეები
6735	1	\N	მანიაკეთი
6736	1	\N	მახალაკური
6737	1	\N	მეელე
6738	1	\N	მეკეიძეები
6739	1	\N	მერჩხეთი
6740	1	\N	მეხალაშვილები
6741	1	\N	მთისუბანი
6742	1	\N	მინთაძეები
6743	1	\N	ნადავრი
6744	1	\N	ოქრუაშვილები
6745	1	\N	ოშანახევი
6746	1	\N	პანტნარი
6747	1	\N	პაქსაძეები
6748	1	\N	რაქვთა
6749	1	\N	რიყეთი
6750	1	\N	სამზიარი
6751	1	\N	საციხური
6752	1	\N	სკვანა
6753	1	\N	სტეფანაშვილები
6754	1	\N	სხანდარა
6755	1	\N	ტაბახმელა
6756	1	\N	ტუნაძეები
6757	1	\N	უჩხო
6758	1	\N	ფაჩხა
6759	1	\N	ფუშრუკაული
6760	1	\N	ქედლები
6761	1	\N	ქვედა ვაშლოვანი
6762	1	\N	ქვედა თხილვანა
6763	1	\N	ქურდული
6764	1	\N	ღორჯომი
6765	1	\N	ღურტა
6766	1	\N	ყინჩაური
6767	1	\N	ყიშლა
6768	1	\N	შაბანოღლები
6769	1	\N	შუასოფელი
6770	1	\N	შურმული
6771	1	\N	ჩაო
6772	1	\N	ცეცხლაძეები
6773	1	\N	ძირკვაძეები
6774	1	\N	ძმაგულა
6775	1	\N	წაბლანა
6776	1	\N	წინწკალაშვილები
6777	1	\N	წინწკალაძეები
6778	1	\N	ჭახავრი
6779	1	\N	ჭახაური
6780	1	\N	ჭერი
6781	1	\N	ხიხაძირი
6782	1	\N	ჯაყელები
6783	1	\N	ჯვარიქედი
6784	1	\N	ჯვარიქეთი
6785	1	\N	გლდანი-ნაძალადევის რაიონი
6786	1	\N	დიდგორის რაიონი
6787	1	\N	დიდუბე-ჩუღურეთის რაიონი
6788	1	\N	ვაკე-საბურთალოს რაიონი
6789	1	\N	ისანი-სამგორის რაიონი
6790	1	\N	ძველი თბილისის რაიონი
6791	1	\N	თბილისი
6792	1	\N	E.coli O157H7
6793	1	\N	pH (გოსტ 31469-2012 )
6794	1	\N	pH (გოსტ 32169-2013 )
6795	1	\N	pH (სახელმძღვანელო pH/con510-თვის )
6796	1	\N	ავთვისებიანი შეშუპება
6797	1	\N	აზოტის აქროლადი ფუძეების განსაზღვრა
6798	1	\N	ანაერობული დიზინტერია
6799	1	\N	აუესკის ლაბორატორიული დიაგნოსტიკა
6800	1	\N	აქროლადი მჟავების განსაზღვრა
6801	1	\N	აქტინომიკოზი
6802	1	\N	ბრადზოტი
6803	1	\N	ბრუცელოზი (პჯრ (PCR))
6804	1	\N	ბრუცელოზი – რძე
6805	1	\N	ბრუცელოზი – სისხლი (შრატი) - ELISA
6806	1	\N	ბრუცელოზი – სისხლი (შრატი) - FPA
6807	1	\N	ბრუცელოზი – სისხლი (შრატი) - რ.ბ.რ
6808	1	\N	ბრუცელოზის პოსტვაქცინალური კვლევების ჩატარება– სისხლი (შრატი) - რ.რ.რ
6809	1	\N	Brucella საეჭვო კულტურის შეღებვა გრამის წესით
6810	1	\N	გაფუჭების ხარისხი
6811	1	\N	გმო რაოდენობრივი
6812	1	\N	გმო სკრინინგი
6813	1	\N	დარიშხანი (As)
7134	1	\N	ჰისტამინი
6814	1	\N	დაფქვის ხარისხი
6815	1	\N	დდტ და მისი მეტაბოლიტები (DDT, DDD, DDE) 
6816	1	\N	დეზინფექციის ხარისხის განსაზღვრა
6817	1	\N	დიასტაზას რიცხვი\n(გოთეს ერთეულით)
6818	1	\N	დიასტაზას რიცხვი\n(შადეს ერთეულით)
6819	1	\N	დიპლოკოკოზი
6820	1	\N	ელ. გამტარობა (გოსტ 31770-2012 )
6821	1	\N	ელ. გამტარობა (სახელმძღვანელო"pH/con510"-თვის )
6822	1	\N	ემკარი
6823	1	\N	ენერგეტიკული ნივთიერებები ( მ.მ.4237-86 ბრძანება #301, სანწდან 2.3.1.000-00, დანართი#5, XII, პუნქტები10-11 )
6824	1	\N	ენერგეტიკული ღირებულება (ბრძანება #301, სანწდან 2.3.1.000-00, დანართი#5, III, პუნქტები10-11 )
6825	1	\N	ენერგეტიკული ღირებულება (ბრძანება #301, სანწდან 2.3.1.000-00, დანართი#5, XIII, პუნქტები10-11 )
6826	1	\N	ენერგეტიკული ღირებულება (ბრძანება #301, სანწდან 2.3.1.000-00, დანართი#5, XII, პუნქტები10-11 )
6827	1	\N	ენტერობაქტერია საკაზაკი (E.sakazakii) (DU PONT SYSTEM MANUAL PAGE 20-22 )
6828	1	\N	ენტერობაქტერია საკაზაკი (E.sakazakii) (ისო 22964:2006 )
6829	1	\N	ენტერობაქტერიები
6830	1	\N	ენტეროკოკები
6831	1	\N	ენტეროტოქსემია
6832	1	\N	ენტომოლოგიური გამოცდა
6833	1	\N	ექსტრაქციული ნივთიერებები
6834	1	\N	ეშერიხია კოლი E.coli (ისო 16649-2:2001 )
6835	1	\N	ეშერიხია კოლი E.coli (ისო 9308-1:2000 )
6836	1	\N	ვარდნის რიცხვი
6837	1	\N	ვიბრიო პარაჰაემოლიტიკუს (vibrio parahaemolitycus) (DU PONT SYSTEM MANUAL PAGE 70-73 )
6838	1	\N	ვიბრიო პარაჰაემოლიტიკუს (vibrio parahaemolitycus) (ისო 21872-1:2007,ისო21872_2:2007 )
6839	1	\N	ვირუსული გასტროენტერიტი
6840	1	\N	ზეჟანგური რიცხვი (გოსტ 26593-85 )
6841	1	\N	ზეჟანგური რიცხვი (გოსტ 31762-2012 გოსტ 32189-20130)
6842	1	\N	ზეჟანგური რიცხვი (გოსტ 8285-91 )
6843	1	\N	ზეჟანგური რიცხვი (გოსტ ისო 3960-2013 )
7221	1	\N	სამშაბათს
6844	1	\N	თავისუფალი მჟავიანობა
6845	1	\N	თავისუფალი ცხიმოვანი მჟავები
6846	1	\N	თევზი (მცირე ზომის)
6847	1	\N	თევზის ბაქტერიოლოგიური გამოკვლევა-აერომონოზი (წითურა-ჰემორაგიული სეპტიცემია)
6848	1	\N	თევზის გამოკვლევა ‐ პარაზიტებზე
6849	1	\N	თესლის გამოცდა აღმოცენებაზე ( ГОСТ 12038-84 )
6850	1	\N	თესლის გამოცდა აღმოცენებაზე (ГОСТ 13056.6-97 )
6851	1	\N	თესლის გამოცდა სიმკვრივეზე
6852	1	\N	თესლის გამოცდა სიწმინდეზე
6853	1	\N	თესლის გამოცდა სუნსა და გემურ თვისებებზე
6854	1	\N	თურქული
6855	1	\N	თურქული‐ სისხლის სინჯი(შრატი)თურქულის ვირუსის საწინააღმდეგო არასტრუქტურული ცილები - NSP ELISA\n
6856	1	\N	თურქული‐ სისხლის სინჯი(შრატი)თურქულის ვირუსის საწინააღმდეგო სტრუქტურული\nცილები - SP ELISA
6857	1	\N	იდენტიფიკაცია
6858	1	\N	იმუნური სტატუსის განსაზღვრა (ნიუკასლი)‐ სისხლი (შრატი)
6859	1	\N	ინვერსირებული შაქარი
6860	1	\N	ინფექციური დაავადებების აღმძვრელის ანტიბიოტიკებზე მგრძნობელობა
6861	1	\N	იოდის რიცხვი (გოსტ 5475-69 გოსტ რ 3961-2010 (ისო 3961-2009))
6862	1	\N	იოდის რიცხვი (გოსტ რ 3961-2010)
6863	1	\N	კადმიუმი (Cd)
6864	1	\N	კალციუმის იონები
6865	1	\N	კალციუმის მასური წილი
6866	1	\N	კანის ანაფხეკი, ლიმფა,ბალანი‐ არაქნოიდები (კანქვეშა ტკიპები)
6867	1	\N	კანის ანაფხეკი, ლიმფა,ბალანი‐ დერმატომიკოზი (ტრიხოფიტოზი,მიკროსპორიოზიდა სხვა)
6868	1	\N	კანის ანაფხეკი, ლიმფა, ბალანი‐ ლეიშმანიოზი
6869	1	\N	კარბამიდი (ურიაზა)
6870	1	\N	კოლიბაქტერიოზი
6871	1	\N	კონტაგიოზური ექთიმა
6872	1	\N	ლეიკოზი
6873	1	\N	ლეპტოსპიროზი
6874	1	\N	ლისტერია მონოციტოგენეზი 
6875	1	\N	ლისტერია მონოციტოგენეზი (რაოდენობრივი)
6876	1	\N	ლისტერია მონოციტოგენეზი (ხარისხობრივი)
6877	1	\N	ლისტერიოზი
6878	1	\N	მაგნიუმის იონები
6879	1	\N	მარეკის დაავადება
6880	1	\N	მაღალპათოგენური ფრინველის გრიპი‐სისხლი (შრატი)
6881	1	\N	მეზოფილური აერობები და ფაკულტატური ანაერობები (ისო 4833:2003)
6882	1	\N	მეზოფილური აერობები და ფაკულტატური ანაერობები (ისო 6222:2008)
6883	1	\N	მეტალომაგნიტური მინარევები (გოსტ 13496.9-96)
6884	1	\N	მეტალო მაგნიტური მინარევები (გოსტ 14849-89)
6885	1	\N	მეტალო მაგნიტური მინარევები (გოსტ 15113.2-77)
6886	1	\N	მეტალო მაგნიტური მინარევები (გოსტ1936-85)
6887	1	\N	მეტალო-მაგნიტური მინარევები (გოსტ 20239-74)
6888	1	\N	მეტალო-მაგნიტური მინარევები (გოსტ 5901-2014)
6889	1	\N	მექანიკური მინარევები
6890	1	\N	მიწის თხილის /არაქისის ( Arachis hypogaea) დეტექცია RT პჯრ
6891	1	\N	მჟავიანობა (გოსტ 10844-74)
6892	1	\N	მჟავიანობა (გოსტ 14849-89)
6893	1	\N	მჟავიანობა (გოსტ 26180-84)
6894	1	\N	მჟავიანობა (გოსტ 27493-87)
6895	1	\N	მჟავიანობა (გოსტ 30305.3-95 0)
6896	1	\N	მჟავიანობა (გოსტ 30305.3-95 გოსტ 3624-92 )
6897	1	\N	მჟავიანობა (გოსტ 31762-2012 გოსტ 32189-2013)
6898	1	\N	მჟავიანობა (გოსტ 3624-92)
6899	1	\N	მჟავიანობა (გოსტ 3624-92 გოსტ 4288-76 )
6900	1	\N	მჟავიანობა (გოსტ 3624-92 გოსტ 8285-91)
6901	1	\N	მჟავიანობა (გოსტ 3624-92 გოსტ ისო 750-2013)
6902	1	\N	მჟავიანობა (გოსტ 4288-76)
6903	1	\N	მჟავიანობა (გოსტ 5670-96)
6904	1	\N	მჟავიანობა (გოსტ 7636-85)
7222	1	\N	ოთხშაბათს
6905	1	\N	მჟავიანობა (გოსტ ისო 750-2013)
6906	1	\N	მჟავიანობა (გოსტ რ 51410-99 (ისო 729-88)
6907	1	\N	მჟავიანობა და ტუტიანობა (გოსტ 5898-87)
6908	1	\N	მჟავური რიცხვი (გოსტ 10858-77)
6909	1	\N	მჟავური რიცხვი (გოსტ 31762-2012 გოსტ 32189-2013)
6910	1	\N	მჟავური რიცხვი (გოსტ 55480-2013)
6911	1	\N	მჟავური რიცხვი და მჟავიანობა
6912	1	\N	მსხვილფეხა საქონლის ჭირი
6913	1	\N	მშრალი ნივთიერება 
6914	1	\N	მშრალი ნივთიერება და ტენიანობა (გოსტ 28561-90)
6915	1	\N	მშრალი ნივთიერება და ტენიანობა (გოსტ 4288-76)
6916	1	\N	მშრალი ნივთიერებების მასური წილი (გოსტ 26808-86)
6917	1	\N	მშრალი ნივთიერების მასური წილი 
6918	1	\N	მშრალი ნივთირებების მასური წილი (გოსტ 31469-2012)
6919	1	\N	მშრალი წებოგვარა (გოსტ 27839-2013)
6920	1	\N	მშრალი წებოგვარა (გოსტ რ 54478-2011)
6921	1	\N	მცენარეული ნიმუშის ბაქტერიოლოგიური გამოცდა
6922	1	\N	მცენარეული ნიმუშის ბაქტერიოლოგიური გამოცდა - ექსპრეს ტესტი
6923	1	\N	მცენარეული ნიმუშის ბაქტერიოლოგიური გამოცდა - ექსპ. ტესტი 
6924	1	\N	მცენარეული ნიმუშის ენტომოლოგიური და აკაროლოგიური გამოცდა
6925	1	\N	მცენარეული ნიმუშის ვიზუალური გამოცდა 
6926	1	\N	მცენარეული ნიმუშის ვირუსოლოგიური გამოცდა - ექსპრეს ტესტი
6927	1	\N	მცენარეული ნიმუშის მიკოლოგიური გამოცდა
6928	1	\N	მცენარეული ნიმუშის პჯრ დიაგნოსტიკა
6929	1	\N	მცენარეული ნიმუშის სეროლოგიური გამოცდა
6930	1	\N	მცენარეული ნიმუშის ფიტოჰელმინთოლოგიური გამოცდა
6931	1	\N	მცენარეული ნიმუშის ჰერბოლოგიური გამოცდა
6933	1	\N	ნამსხვრევები და დეფორმაციული ნაწარმი
6934	1	\N	ნარჩენი ქლორი
6935	1	\N	ნაცარი (AOAC 920:115)
6936	1	\N	ნაცარი (AOAC 935:420)
6937	1	\N	ნაცარი (AOАС 945:46)
6938	1	\N	ნაცარი (АОАС 930:30)
6939	1	\N	ნაცარი (АОАС 935:4200)
6940	1	\N	ნაცარი (გოსტ 10847-74)
6941	1	\N	ნაცარი (გოსტ 15113.8-77)
6942	1	\N	ნაცარი (გოსტ 27494-87)
6943	1	\N	ნაცარი (გოსტ 28552-90 (ისო1575:87; ისო1576:88))
6944	1	\N	ნაცარი (გოსტ 31727-2012 (ისო 936:1998)
6945	1	\N	ნაცარი (გოსტ 32483-2013)
6946	1	\N	ნაცარი (გოსტ 32933-2014\n(ისო 5984:2002))
6947	1	\N	ნაცარი (გოსტ 5474-66\nგოსტრ ისო 6884-2010)
6948	1	\N	ნაცარი (გოსტ 5901-2014)
6949	1	\N	ნაცარი (გოსტ 7636-85)
6950	1	\N	ნაცარი (გოსტრ ისო 6884-2010)
6951	1	\N	ნაწლავის ჩხირის ჯგუფის ბაქტერიები (ისო 4832:2009)
6952	1	\N	ნაწლავის ჩხირის ჯგუფის ბაქტერიები (ისო 9308-1:2000)
6953	1	\N	ნახშირწყალი (მ.მ. 4237-86)
6954	1	\N	ნედლი უჯრედანა (გოსტ 13496.2-91)
6955	1	\N	ნედლი უჯრედანა (გოსტ 28553-90 (ისო 5498-81))
6956	1	\N	ნეკრობაქტერიოზი
6957	1	\N	ნიადაგის ენტომოლოგიური გამოცდა
6958	1	\N	ნიადაგის ფიტოჰელმინთოლოგიური გამოცდა
6959	1	\N	ნიმუშის გამოცდა მურა სიდამპლეზე (Ralstonia solanacearum)
6960	1	\N	ნიმუშის გამოცდა რგოლური სიდამპლეზე (Clavibacter michiganensis)
6961	1	\N	ნიტრატი (გოსტ 29270 - 95 სახელმძღვანელო იონომეტრი " Эксперт-001"-სათვის)
6962	1	\N	ნიტრატი (ისო 7890.3:2008)
6963	1	\N	ნიტრიტი (გოსტ 8558.1-78; პრაქტიკული სახელმძღვანელო ЭКСПЕРТ-001"-თვის)
6964	1	\N	ნიტრიტი (ისო 6777:1984)
6965	1	\N	ნიუკასლი
6966	1	\N	ნიუკასლის დაავადება ‐ სისხლი (შრატი)
6967	1	\N	ნოდულარული დერმატიტი
6968	1	\N	ორგანოლეპტიკური მაჩვენებლები (ფერი, სუნი, გემო) (გოსტ 19792-2001)
6969	1	\N	ორგანოლეპტიკური მაჩვენებლები (ფერი, სუნი, გემო) (გოსტ 3351-74)
6970	1	\N	ოქროსფერი სტაფილოკოკი (DU PONT SYSTEM MANUAL PAGE 67-69)
6971	1	\N	ოქროსფერი სტაფილოკოკი (ისო 6888-1:1999)
6972	1	\N	ოქსიტეტრაციკლინი
6973	1	\N	პათ. მასალის დათვალიერება
6974	1	\N	პათოგენურ მიკროფლორაზე ბაქტერიოლოგიური გამოკვლევა
6975	1	\N	პარამიქსოვირუსები
6976	1	\N	პარატუბერკულოზი
6977	1	\N	პარატუბერკულოზი (ჰისტოლოგიური გამოკვლევა)
6978	1	\N	პერმანგანატული ჟანგვადობა
6979	1	\N	პრეზუმპციული B.cereus
6980	1	\N	პროტეუსის ჯგუფის ბაქტერიები
6981	1	\N	რადიონუკლიდის სტრონციუმ-90 ხვედრითი აქტივობის განსაზღვრა
6982	1	\N	რადიონუკლიდის ცეზიუმ-137 ხვედრითი აქტივობის განსაზღვრა
6983	1	\N	რკინის შემცველობა
6984	1	\N	რძის გამოკვლევა მასტიტზე
6985	1	\N	რძის ცხიმის სისუფთავის განსაზღვრა რძესა და რძის პროდუქტებში
6986	1	\N	საერთო მინერალიზაცია
6987	1	\N	საერთო მჟავიანობა (გოსტ 19792-2001)
6988	1	\N	საერთო მჟავიანობა (გოსტ 27082-2014)
6989	1	\N	საერთო სიხისტე
6990	1	\N	სალმონელას ჯგუფის ბაქტერიები
6991	1	\N	სალმონელას ჯგუფის ბაქტერიები (DU PONT SYSTEM MANUAL PAGE 31-36)
6992	1	\N	სალმონელას ჯგუფის ბაქტერიები (ისო 6579:2002)
6993	1	\N	სალმონელოზი (ფუტკარი, თევზი, ფრინველი, მრპ, წრპ, ღორი და სხვა)
6994	1	\N	საპნის განსაზღვრა
6995	1	\N	სითეთრე
6996	1	\N	სილის შემცველობა
6997	1	\N	სიმკვრივე
6998	1	\N	სიმსივნეები
6999	1	\N	სიმღვრივე
7000	1	\N	სისხლი‐ლეიშმანიოზი
7001	1	\N	სისხლი‐პროტოზოები (პიროპლაზმიდოზები)
7002	1	\N	სპერმის ბაქტერიოლოგიურ დაბინძურებაზე გამოკვლევა
7003	1	\N	სტაფილოკოკოზი
7004	1	\N	სტრეპტოკოკოზი
7005	1	\N	სულფატ იონი
7006	1	\N	სუფრის მარილის მასური წილი (გოსტ 13496.1-98)
7007	1	\N	სუფრის მარილის მასური წილი (გოსტ 26186-84)
7008	1	\N	სუფრის მარილის მასური წილი (გოსტ 27207-87)
7009	1	\N	სუფრის მარილის მასური წილი (გოსტ 31469-2012)
7010	1	\N	სუფრის მარილის მასური წილი (გოსტ 31762-2012 გოსტ 32189-2013)
7011	1	\N	სუფრის მარილის მასური წილი (გოსტ 3627-81)
7012	1	\N	სუფრის მარილის მასური წილი (გოსტ 7636-85)
7013	1	\N	სუფრის მარილის მასური წილი (გოსტ 9957-2015)
7014	1	\N	ტენიანობა (გოსტ 13496.3-92 (ისო 6496-83))
7015	1	\N	ტენიანობა (გოსტ 13586.5-2015)
7016	1	\N	ტენიანობა (გოსტ 13586.5-20150
7017	1	\N	ტენიანობა (გოსტ 14849-89)
7018	1	\N	ტენიანობა (გოსტ 15113.4-77)
7019	1	\N	ტენიანობა (გოსტ 16835-81 გოსტ10856-96)
7020	1	\N	ტენიანობა (გოსტ 21094-75)
7021	1	\N	ტენიანობა (გოსტ 29246 -91 გოსტ 3626-73)
7022	1	\N	ტენიანობა (გოსტ 50456-92 (ისო 662-80))
7023	1	\N	ტენიანობა (გოსტ 9404-88)
7024	1	\N	ტენიანობა (გოსტ 9793-74)
7025	1	\N	ტენიანობა და აქროლადი ნივთიერებები (გოსტ 31762-2012, გოსტ 32189-2013)
7026	1	\N	ტენიანობა და აქროლადი ნივთიერებები (გოსტ 8285-91)
7027	1	\N	ტენიანობა და მშრალი ნივთიერება (გოსტ 28561-90)
7028	1	\N	ტენიანობა და მშრალი ნივთიერება (გოსტ 28561-90 გოსტ 13586.5-2015)
7029	1	\N	ტენიანობა და მშრალი ნივთიერება (გოსტ 30305.1-95)
7030	1	\N	ტენიანობა და მშრალი ნივთიერება (გოსტ 31469-2012)
7031	1	\N	ტენიანობა და მშრალი ნივთიერება (გოსტ 3626-73)
7032	1	\N	ტენიანობა და მშრალი ნივთიერება (გოსტ 3626-73, გოსტ 4288-76)
7033	1	\N	ტენიანობა და მშრალი ნივთიერება (გოსტ 4288-76)
7034	1	\N	ტენიანობა და მშრალი ნივთიერება (გოსტ 7636-85)
7035	1	\N	ტენიანობა და მშრალი ნივთიერებები (გოსტ 3626-73)
7036	1	\N	ტენიანობა და მშრალი ნივთიერებები (გოსტ 5900-2014)
7037	1	\N	ტექნოლოგიური მოწყობილობების ბაქტერიოლოგიურ დაბინძურებაზე გამოკვლევა
7038	1	\N	ტეშენის დაავადება
7039	1	\N	ტრიპანოზომოზი‐სისხლი (შრატი)
7040	1	\N	ტუბერის გამოცდა აღმოცენებაზე
7041	1	\N	ტუბერკულოზი
7042	1	\N	ტუბერკულოზი (ჰისტოლოგიური გამოკვლევა)
7043	1	\N	ტულარემია
7044	1	\N	ტულარემია (პჯრ (PCR))
7045	1	\N	ტუტიანობა
7046	1	\N	ტყვია (Pb)
7047	1	\N	ფეკალურიმასა‐ჰელმინთები, პროტოზოები
7048	1	\N	ფეკალური სტრეპტოკოკი
7049	1	\N	ფიტოპათოლოგიური გამოცდა
7050	1	\N	ფოთლისა და უხეში მასალის მასური წილი
7051	1	\N	ფორიანობა
7052	1	\N	ფრინველის გრიპი: H5;
7053	1	\N	ფრინველის გრიპი: H7
7054	1	\N	ფრინველის გრიპი: მატრიქსი; 
7055	1	\N	ფრინველის ინფექციური ბრონქიტი
7056	1	\N	ფსევდომონა აეროგინოსა 
7057	1	\N	ფუტკრის ამერიკული სიდამპლე
7058	1	\N	ფუტკრის გამოკვლევა‐ არაქნოზები (ვაროატოზი, აკარაპიდოზი)
7059	1	\N	ფუტკრის გამოკვლევა‐პროტოზოები (ნოზემატოზი, ამებიოზი)
7060	1	\N	ფუტკრის ევროპული სიდამპლე
7061	1	\N	ფქვილის ენტომოლოგიური გამოცდა
7062	1	\N	ქლორამფენიკოლი
7063	1	\N	ქლორიდი
7064	1	\N	ქოთაო
7065	1	\N	ქოთაო‐სისხლის სინჯი (შრატი)
7066	1	\N	ქუ-ცხელება
7067	1	\N	ქუ ცხელება ‐ სისხლი (შრატი) - Ab‐ELISA
7068	1	\N	ქუ ცხელება ‐ სისხლი (შრატი) - IFA
7069	1	\N	ღორის აფრიკული ცხელება
7070	1	\N	ღორის აფრიკული ცხელება‐სისხლი (შრატი)
7071	1	\N	ღორის კლასიკური ცხელება
7072	1	\N	ღორის კლასიკური ცხელება‐სისხლი (შრატი)
7073	1	\N	ყვავილი
7074	1	\N	ყირიმ კონგოს ჰემორაგიული ცხელება
7075	1	\N	ჩანასახის მასური წილის განსაზღვრა მარცვალში
7076	1	\N	ჩლიქების სიდამპლე
7077	1	\N	ცილა (გოსტ 10846-91)
7078	1	\N	ცილა (გოსტ 23327-98, გოსტ რ 53951-2010 )
7079	1	\N	ცილა (გოსტ 25011-81)
7080	1	\N	ცილა (გოსტ 31469-2012)
7081	1	\N	ცილა (გოსტ (31762-2012)
7082	1	\N	ცილა (გოსტ 31762-2012, გოსტ 53951-2010)
7083	1	\N	ცილა (გოსტ 51417-99 (ისო 5983-97))
7084	1	\N	ცილა (გოსტ 53951-2010)
7085	1	\N	ცილა (გოსტ 7636-85)
7086	1	\N	ცილა (გოსტ ისო 16634-1-2011)
7087	1	\N	ცილა (მ.მ. 4237-86)
7088	1	\N	ცილა (მ.მ.4237-86)
7089	1	\N	ცოფის ვირუსის საწინააღმდეგო ანტისხეულების( Ig G) განსაზღვრა ძაღლის შრატში (იმუნური სტატუსი)
7090	1	\N	ცოფის ვირუსის საწინააღმდეგო ანტისხეულების( Ig G) ტიტრის განსაზღვრა ძაღლის შრატში
7091	1	\N	ცოფის ლაბორატორიული დიაგნოსტიკა
7092	1	\N	ცხენების ენცეფალომიელიტი
7093	1	\N	ცხენის ინფექციური ანემია‐სისხლი (შრატი)
7094	1	\N	ცხვრის და თხის ყვავილი
7095	1	\N	ცხიმი (გოსტ 10857-64)
7096	1	\N	ცხიმი (გოსტ 23042-2015)
7097	1	\N	ცხიმი (გოსტ 26829-86)
7098	1	\N	ცხიმი (გოსტ 29033-91)
7099	1	\N	ცხიმი (გოსტ 29033-91, გოსტ 27670-88)
7100	1	\N	ცხიმი (გოსტ 29247-91)
7101	1	\N	ცხიმი (გოსტ 29247-91, გოსტ 5867-90)
7102	1	\N	ცხიმი (გოსტ 31469-2012)
7103	1	\N	ცხიმი (გოსტ 31762-2012, გოსტ 32189-2013)
7223	1	\N	ხუთშაბათს
7104	1	\N	ცხიმი (გოსტ 32189-2013)
7105	1	\N	ცხიმი (გოსტ 5867-90)
7106	1	\N	ცხიმი (გოსტ 5867-90, გოსტ 32189-2013)
7107	1	\N	ცხიმი (გოსტ 5899-85)
7108	1	\N	ცხიმი (გოსტ 7636-850)
7109	1	\N	ცხიმი (მ.მ. 4237-86)
7110	1	\N	ცხიმოვანი მჟავების და მათი ტრანსიზომერების განსაზღვრა
7111	1	\N	ცხოველთა ლეში და თავი (გარდა ფრინველი)
7112	1	\N	ძვლოვანი ჩანართების მასური წილი (გოსტ 31466-2012)
7113	1	\N	წებოგვარას ხარისხობრივი და რაოდენობრივი განსაზღვრა (გოსტ 27839-2013)
7114	1	\N	წებოგვარას ხარისხობრივი და რაოდენობრივი განსაზღვრა (გოსტ რ 54478-2011)
7115	1	\N	წვრილფეხა რქოსანი პირუტყვის ჭირი ‐ პათ.მასალა, სისხლი
7116	1	\N	წვრილფეხა რქოსანი პირუტყვის ჭირი ‐ სისხლი (შრატი)
7117	1	\N	წვრილფეხა საქონლის ჭირი
7118	1	\N	წითელი ქარი
7119	1	\N	წყალში ხსნადი ექსტრაქციული ნივთიერებები
7120	1	\N	წყლის მასური წილის განსაზღვრა
7121	1	\N	ხვედრითი წონა
7122	1	\N	ხორცი‐პროტოზოები‐ (სარკოცისტოზი)
7123	1	\N	ხორცი ‐ ჰელმინთები‐ (ტრიქინელოზი, ფინოზი,)
7124	1	\N	ხსნადობა (გოსტ 31469-2012)
7125	1	\N	ხსნადობა (გოსტ 51881-2002)
7126	1	\N	ჯილეხი (ციმბირული წყლული)- ნიადაგი
7127	1	\N	ჯილეხი (ციმბირული წყლული)- პათ.მასალა
7128	1	\N	ჰაერის ბაქტერიოლოგიურ დაბინძურებაზე გამოკვლევა
7129	1	\N	ჰემორაგიული სეპტიცემია-პასტერელოზი (ფუტკარი,ფრინველი,მრპ,წრპ,ღორი და სხვა)
7130	1	\N	ჰეპტაქლორი
7131	1	\N	ჰეპტაქლორი (თაფლი)
7132	1	\N	ჰექსაქლორციკლოჰექსანი (α,β,γ,δ იზომერები)
7133	1	\N	ჰიდროქსიმეთილფურფუროლი
7135	1	\N	არაჟანი
7136	1	\N	ბალანი
7137	1	\N	ბიო-სუბსტრატი (სოკოზე, ჰიდროპონიკაზე სამუშაოდ)
7138	1	\N	ბოსტნეული
7139	1	\N	ბოსტნეული ახალი
7140	1	\N	ბოსტნეული ახლად გაყინული
7141	1	\N	ბოსტნეული, ბოსტნეული მწვანე და ფოთლოვანი, ახალი, ახლად გაყინული და მათი გადამუშავების პროდუქტები
7142	1	\N	ბოსტნეული მწვანე და ფოთლოვანი
7143	1	\N	ბუნებრივი ხვრელებიდან გამონადენი
7144	1	\N	გარნირები 
7145	1	\N	თავის და ზურგის ტვინი
7146	1	\N	თაფლი
7147	1	\N	თევზი
7148	1	\N	თევზი გამხმარი, მზეზე გამოყვანილი, შებოლილი, დამარილებული, მარინადში ჩადებული და თევზის სხვა პროდუქცია საკვებად დამზადებული
7149	1	\N	თევზი და თევზის პროდუქტები
7150	1	\N	თევზის კონსერვები და პრესერვები
7151	1	\N	თევზის ქვირითი და მისგან მიღებული პროდუქცია
7152	1	\N	თევზი ცოცხალი, გაცივებული, გაყინული, ფარში, ფილე, ნახევარფაბრიკატები
7153	1	\N	იონჯა (თესლი)
7154	1	\N	კაკალი ნატურალური (ნუში, კაკალი, არაქისი, თხილი, ქოქოსი)
7155	1	\N	კაკლოვნები
7156	1	\N	კანის ანაფხეკი
7157	1	\N	კანის ფუფხი
7158	1	\N	კარაქი, ღორის ქონი, შინაური ფრინველის ქონი
7159	1	\N	კარტოფილი
7160	1	\N	კენკროვანი კულტურები
7161	1	\N	კერძები თევზის
7162	1	\N	კერძები კვერცხის
7163	1	\N	კერძები ფრინველის, გარეული ფრინველის, ბოცვრის
7164	1	\N	კერძები ხაჭოსი
7165	1	\N	კერძები ხორცის და ხორცის პროდუქტების
7166	1	\N	კვერცხი და მისი გადამუშავების პროდუქტები (კვერცხი, მელანჟი)
7224	1	\N	პარასკევს
7167	1	\N	კონსერვები რძის (რძე შესქელებული და კონცენტრირებული)
7168	1	\N	კონსერვები სუბპროდუქტებისაგან, მ.შ. პაშტეტის (ყველა სახეობის საკლავი და სარეწაო ცხოველების)
7169	1	\N	კუჭ-ნაწლავი
7170	1	\N	ლეში
7171	1	\N	ლიმფა
7172	1	\N	ლულოვანი ძვალი
7173	1	\N	მაკარონის ნაწარმი
7174	1	\N	მარცვლოვანი კულტურები
7175	1	\N	მარცვლოვნები (თესლი)
7176	1	\N	მკვდარი თევზი
7177	1	\N	მოგდებული ნაყოფი
7178	1	\N	მუცლისა და გულმკერდის ღრუს ექსუდატი
7179	1	\N	მუცლის და გულმკერდის ღრუს ექსუდატი
7180	1	\N	მცენარეული და ცხოველური ზეთები (ყველა სახეობის)
7181	1	\N	მცენარეული ზეთების გადამუშავების პროდუქტები (მარგარინები, კულინარული ცხიმები, მაიონეზები)
7182	1	\N	ნაღები - ნედლეული
7183	1	\N	ნაცხი -ვაგინალური
7184	1	\N	ნაცხი - კლოაკალური
7185	1	\N	ნაცხი - ნაზალური
7186	1	\N	ნაცხი -ტრაქეის
7187	1	\N	პათ. მასალა
7188	1	\N	პარენქიმული ორგანოები
7189	1	\N	პარკოსნების თესლი, მ.შ. ბარდა, ლობიო, ცულისპირა, უგრეხელი, მუხუდო, სოია;\nბურღული, ქუმელი, ფანტელა
7190	1	\N	რძე და რძის პროდუქტები
7191	1	\N	რძემჟავა სასმელები 
7192	1	\N	რძემშრალი პროდუქტები, ნაღები, (ნარევი ნაყინებისათვის) 
7193	1	\N	რძე - ნედლეული
7194	1	\N	რძე პასტერიზებული
7195	1	\N	რძე სტერილიზებული და ნადუღი
7196	1	\N	საკლავი ცხოველების სუბპროდუქტები, გაცივებული, გაყინული (ღვიძლი, თირკმელი, ენა, ტვინი, გული, საკვები სისხლი და სხვ.)
7290	2	6471	
7197	1	\N	სასმელი წყალი (ცენტრალიზებული, არაცენტრალიზებული, დაფასოებული)
7198	1	\N	სასურსათო მარცვლეული (მ.შ. ხორბალი, ჭვავი, ტრიტიკალე, შვრია, ქერი, ფეტვი, წიწიბურა, ბრინჯი, სიმინდი, სორგო)
7199	1	\N	სისხლი (შრატი)
7200	1	\N	სურსათი, რომელიც შეიცავს მცენარეულ ზეთებს და ცხიმებს
7201	1	\N	სურსათი/ ცხოველთა საკვები
7202	1	\N	ფეკალია
7203	1	\N	ფეკალური მასა
7204	1	\N	ფრინველი, მათ შორის ნახევარ-ფაბრიკატები, ახალი, გაცივებული, გაყინული (ყველა სახე-ობის საკლავი, სარეწაო და გარეული ფრინველი)
7205	1	\N	ფრინველის ხორცისაგან დამზადებული ძეხვეულის ნაწარმი, კულინარული ნაწარმი
7206	1	\N	ფქვილი ხორბლის ( მ.შ. მაკარონის ნაწარმისათვის), შვრიის, ტრიტი-კალის, ქერის, ფეტვის, ბრინჯის, წიწიბურას, ბარდას, სორგოს, სოიოს, სიმინდის
7207	1	\N	ყველი კვეთის და მდნარი
7208	1	\N	შაქრიანი საკონდიტრო ნაწარმი: შოკოლადი, კარამელი, კანფეტები, ირისი, ჰალვა, მარმელადი, ზეფირი, გრილიაჟი, საღეჭი რეზინი და ა.შ
7209	1	\N	ჩვილ ბავშვთა საკვები
7210	1	\N	ცხოველთა საკვები
7211	1	\N	ცხოველის თავის ტვინი
7212	1	\N	ცხოველის ჩლიქი
7213	1	\N	ძეხვეულის ნაწარმი, დაშაშხული, კულინარული ნაწარმი ხორცისაგან
7214	1	\N	ხაჭო და ხაჭოს ნაწარმი
7215	1	\N	ხილი და ბოსტნეული
7216	1	\N	ხორცი, მათ შორის ნახევარფაბრიკატები, ახალი, გაცივებული, გაყინული (საკლავი, სარეწი და გარეული ცხოველების ყველა სახეობა)
7217	1	\N	ხარისხის კონტროლის ტესტები:
7218	1	\N	დოკუმენტები:
7219	1	\N	გრამის წესის გრამუარყოფითი კონტროლის სასაგნე მინაზე ფიქსირებული ნაცხი
7220	1	\N	ორშაბათს
7225	1	\N	ჩატარების გრაფიკი:
7226	1	\N	შესრულებამდე
7228	2	6409	
7229	2	6410	
7230	2	6411	
7231	2	6412	
7232	2	6413	
7233	2	6414	
7234	2	6415	
7235	2	6416	
7236	2	6417	
7237	2	6418	
7238	2	6419	
7239	2	6420	
7240	2	6421	
7241	2	6422	
7242	2	6423	
7243	2	6424	
7244	2	6425	
7245	2	6426	
7246	2	6427	
7247	2	6428	
7248	2	6429	
7249	2	6430	
7250	2	6431	
7251	2	6432	
7252	2	6433	
7253	2	6434	
7254	2	6435	
7255	2	6436	
7256	2	6437	
7257	2	6438	
7258	2	6439	
7259	2	6440	
7260	2	6441	
7261	2	6442	
7262	2	6443	
7263	2	6444	
7264	2	6445	
7265	2	6446	
7266	2	6447	
7267	2	6448	
7268	2	6449	
7269	2	6450	
7270	2	6451	
7271	2	6452	
7272	2	6453	
7273	2	6454	
7274	2	6455	
7275	2	6456	
7276	2	6457	
7277	2	6458	
7278	2	6459	
7279	2	6460	
7280	2	6461	
7281	2	6462	
7282	2	6463	
7283	2	6464	
7284	2	6465	
7285	2	6466	
7286	2	6467	
7287	2	6468	
7288	2	6469	
7289	2	6470	
7291	2	6472	
7292	2	6473	
7293	2	6474	
7294	2	6475	
7295	2	6476	
7296	2	6477	
7297	2	6478	
7298	2	6479	
7299	2	6480	
7300	2	6481	
7301	2	6482	
7302	2	6483	
7303	2	6484	
7304	2	6485	
7305	2	6486	
7306	2	6487	
7307	2	6488	
7308	2	6489	
7309	2	6490	
7310	2	6491	
7311	2	6492	
7312	2	6493	
7313	2	6494	
7314	2	6495	
7315	2	6496	
7316	2	6497	
7317	2	6498	
7318	2	6499	
7319	2	6500	
7320	2	6501	
7321	2	6502	
7322	2	6503	
7323	2	6504	
7324	2	6505	
7325	2	6506	
7326	2	6507	
7327	2	6508	
7328	2	6509	
7329	2	6510	
7330	2	6511	
7331	2	6512	
7332	2	6513	
7333	2	6514	
7334	2	6515	
7335	2	6516	
7336	2	6517	
7337	2	6518	
7338	2	6519	
7339	2	6520	
7340	2	6521	
7341	2	6522	
7342	2	6523	
7343	2	6524	
7344	2	6525	
7345	2	6526	
7346	2	6527	
7347	2	6528	
7348	2	6529	
7349	2	6530	
7350	2	6531	
7351	2	6532	
7352	2	6533	
7353	2	6534	
7354	2	6535	
7355	2	6536	
7356	2	6537	
7357	2	6538	
7358	2	6539	
7359	2	6540	
7360	2	6541	
7361	2	6542	
7362	2	6543	
7363	2	6544	
7364	2	6545	
7365	2	6546	
7366	2	6547	
7367	2	6548	
7368	2	6549	
7369	2	6550	
7370	2	6551	
7371	2	6552	
7372	2	6553	
7373	2	6554	
7374	2	6555	
7375	2	6556	
7376	2	6557	
7377	2	6558	
7378	2	6559	
7379	2	6560	
7380	2	6561	
7381	2	6562	
7382	2	6563	
7383	2	6564	
7384	2	6565	
7385	2	6566	
7386	2	6567	
7387	2	6568	
7388	2	6569	
7389	2	6570	
7390	2	6571	
7391	2	6572	
7392	2	6573	
7393	2	6574	
7394	2	6575	
7395	2	6576	
7396	2	6577	
7397	2	6578	
7398	2	6579	
7399	2	6580	
7400	2	6581	
7401	2	6582	
7402	2	6583	
7403	2	6584	
7404	2	6585	
7405	2	6586	
7406	2	6587	
7407	2	6588	
7408	2	6589	
7409	2	6590	
7410	2	6591	
7411	2	6592	
7412	2	6593	
7413	2	6594	
7414	2	6595	
7415	2	6596	
7416	2	6597	
7417	2	6598	
7418	2	6599	
7419	2	6600	
7420	2	6601	
7421	2	6602	
7422	2	6603	
7423	2	6604	
7424	2	6605	
7425	2	6606	
7426	2	6607	
7427	2	6608	
7428	2	6609	
7429	2	6610	
7430	2	6611	
7431	2	6612	
7432	2	6613	
7433	2	6614	
7434	2	6615	
7435	2	6616	
7436	2	6617	
7437	2	6618	
7438	2	6619	
7439	2	6620	
7440	2	6621	
7441	2	6622	
7442	2	6623	
7443	2	6624	
7444	2	6625	
7445	2	6626	
7446	2	6627	
7447	2	6628	
7448	2	6629	
7449	2	6630	
7450	2	6631	
7451	2	6632	
7452	2	6633	
7453	2	6634	
7454	2	6635	
7455	2	6636	
7456	2	6637	
7457	2	6638	
7458	2	6639	
7459	2	6640	
7460	2	6641	
7461	2	6642	
7462	2	6643	
7463	2	6644	
7464	2	6645	
7465	2	6646	
7466	2	6647	
7467	2	6648	
7468	2	6649	
7469	2	6650	
7470	2	6651	
7471	2	6652	
7472	2	6653	
7473	2	6654	
7474	2	6655	
7475	2	6656	
7476	2	6657	
7477	2	6658	
7478	2	6659	
7479	2	6660	
7480	2	6661	
7481	2	6662	
7482	2	6663	
7483	2	6664	
7484	2	6665	
7485	2	6666	
7486	2	6667	
7487	2	6668	
7488	2	6669	
7489	2	6670	
7490	2	6671	
7491	2	6672	
7492	2	6673	
7493	2	6674	
7494	2	6675	
7495	2	6676	
7496	2	6677	
7497	2	6678	
7498	2	6679	
7499	2	6680	
7500	2	6681	
7501	2	6682	
7502	2	6683	
7503	2	6684	
7504	2	6685	
7505	2	6686	
7506	2	6687	
7507	2	6688	
7508	2	6689	
7509	2	6690	
7510	2	6691	
7511	2	6692	
7512	2	6693	
7513	2	6694	
7514	2	6695	
7515	2	6696	
7516	2	6697	
7517	2	6698	
7518	2	6699	
7519	2	6700	
7520	2	6701	
7521	2	6702	
7522	2	6703	
7523	2	6704	
7524	2	6705	
7525	2	6706	
7526	2	6707	
7527	2	6708	
7528	2	6709	
7529	2	6710	
7530	2	6711	
7531	2	6712	
7532	2	6713	
7533	2	6714	
7534	2	6715	
7535	2	6716	
7536	2	6717	
7537	2	6718	
7538	2	6719	
7539	2	6720	
7540	2	6721	
7541	2	6722	
7542	2	6723	
7543	2	6724	
7544	2	6725	
7545	2	6726	
7546	2	6727	
7547	2	6728	
7548	2	6729	
7549	2	6730	
7550	2	6731	
7551	2	6732	
7552	2	6733	
7553	2	6734	
7554	2	6735	
7555	2	6736	
7556	2	6737	
7557	2	6738	
7558	2	6739	
7559	2	6740	
7560	2	6741	
7561	2	6742	
7562	2	6743	
7563	2	6744	
7564	2	6745	
7565	2	6746	
7566	2	6747	
7567	2	6748	
7568	2	6749	
7569	2	6750	
7570	2	6751	
7571	2	6752	
7572	2	6753	
7573	2	6754	
7574	2	6755	
7575	2	6756	
7576	2	6757	
7577	2	6758	
7578	2	6759	
7579	2	6760	
7580	2	6761	
7581	2	6762	
7582	2	6763	
7583	2	6764	
7584	2	6765	
7585	2	6766	
7586	2	6767	
7587	2	6768	
7588	2	6769	
7589	2	6770	
7590	2	6771	
7591	2	6772	
7592	2	6773	
7593	2	6774	
7594	2	6775	
7595	2	6776	
7596	2	6777	
7597	2	6778	
7598	2	6779	
7599	2	6780	
7600	2	6781	
7601	2	6782	
7602	2	6783	
7603	2	6784	
7604	2	6785	
7605	2	6786	
7606	2	6787	
7607	2	6788	
7608	2	6789	
7609	2	6790	
7610	2	6791	
7611	2	6792	
7612	2	6793	
7613	2	6794	
7614	2	6795	
7615	2	6796	
7616	2	6797	
7617	2	6798	
7618	2	6799	
7619	2	6800	
7620	2	6801	
7621	2	6802	
7622	2	6803	
7623	2	6804	
7624	2	6805	
7625	2	6806	
7626	2	6807	
7627	2	6808	
7628	2	6809	
7629	2	6810	
7630	2	6811	
7631	2	6812	
7632	2	6813	
7633	2	6814	
7634	2	6815	
7635	2	6816	
7636	2	6817	
7637	2	6818	
7638	2	6819	
7639	2	6820	
7640	2	6821	
7641	2	6822	
7642	2	6823	
7643	2	6824	
7644	2	6825	
7645	2	6826	
7646	2	6827	
7647	2	6828	
7648	2	6829	
7649	2	6830	
7650	2	6831	
7651	2	6832	
7652	2	6833	
7653	2	6834	
7654	2	6835	
7655	2	6836	
7656	2	6837	
7657	2	6838	
7658	2	6839	
7659	2	6840	
7660	2	6841	
7661	2	6842	
7662	2	6843	
7663	2	7221	
7664	2	6844	
7665	2	6845	
7666	2	6846	
7667	2	6847	
7668	2	6848	
7669	2	6849	
7670	2	6850	
7671	2	6851	
7672	2	6852	
7673	2	6853	
7674	2	6854	
7675	2	6855	
7676	2	6856	
7677	2	6857	
7678	2	6858	
7679	2	6859	
7680	2	6860	
7681	2	6861	
7682	2	6862	
7683	2	6863	
7684	2	6864	
7685	2	6865	
7686	2	6866	
7687	2	6867	
7688	2	6868	
7689	2	6869	
7690	2	6870	
7691	2	6871	
7692	2	6872	
7693	2	6873	
7694	2	6874	
7695	2	6875	
7696	2	6876	
7697	2	6877	
7698	2	6878	
7699	2	6879	
7700	2	6880	
7701	2	6881	
7702	2	6882	
7703	2	6883	
7704	2	6884	
7705	2	6885	
7706	2	6886	
7707	2	6887	
7708	2	6888	
7709	2	6889	
7710	2	6890	
7711	2	6891	
7712	2	6892	
7713	2	6893	
7714	2	6894	
7715	2	6895	
7716	2	6896	
7717	2	6897	
7718	2	6898	
7719	2	6899	
7720	2	6900	
7721	2	6901	
7722	2	6902	
7723	2	6903	
7724	2	6904	
7725	2	7222	
7726	2	6905	
7727	2	6906	
7728	2	6907	
7729	2	6908	
7730	2	6909	
7731	2	6910	
7732	2	6911	
7733	2	6912	
7734	2	6913	
7735	2	6914	
7736	2	6915	
7737	2	6916	
7738	2	6917	
7739	2	6918	
7740	2	6919	
7741	2	6920	
7742	2	6921	
7743	2	6922	
7744	2	6923	
7745	2	6924	
7746	2	6925	
7747	2	6926	
7748	2	6927	
7749	2	6928	
7750	2	6929	
7751	2	6930	
7752	2	6931	
7753	2	6932	
7754	2	6933	
7755	2	6934	
7756	2	6935	
7757	2	6936	
7758	2	6937	
7759	2	6938	
7760	2	6939	
7761	2	6940	
7762	2	6941	
7763	2	6942	
7764	2	6943	
7765	2	6944	
7766	2	6945	
7767	2	6946	
7768	2	6947	
7769	2	6948	
7770	2	6949	
7771	2	6950	
7772	2	6951	
7773	2	6952	
7774	2	6953	
7775	2	6954	
7776	2	6955	
7777	2	6956	
7778	2	6957	
7779	2	6958	
7780	2	6959	
7781	2	6960	
7782	2	6961	
7783	2	6962	
7784	2	6963	
7785	2	6964	
7786	2	6965	
7787	2	6966	
7788	2	6967	
7789	2	6968	
7790	2	6969	
7791	2	6970	
7792	2	6971	
7793	2	6972	
7794	2	6973	
7795	2	6974	
7796	2	6975	
7797	2	6976	
7798	2	6977	
7799	2	6978	
7800	2	6979	
7801	2	6980	
7802	2	6981	
7803	2	6982	
7804	2	6983	
7805	2	6984	
7806	2	6985	
7807	2	6986	
7808	2	6987	
7809	2	6988	
7810	2	6989	
7811	2	6990	
7812	2	6991	
7813	2	6992	
7814	2	6993	
7815	2	6994	
7816	2	6995	
7817	2	6996	
7818	2	6997	
7819	2	6998	
7820	2	6999	
7821	2	7000	
7822	2	7001	
7823	2	7002	
7824	2	7003	
7825	2	7004	
7826	2	7005	
7827	2	7006	
7828	2	7007	
7829	2	7008	
7830	2	7009	
7831	2	7010	
7832	2	7011	
7833	2	7012	
7834	2	7013	
7835	2	7014	
7836	2	7015	
7837	2	7016	
7838	2	7017	
7839	2	7018	
7840	2	7019	
7841	2	7020	
7842	2	7021	
7843	2	7022	
7844	2	7023	
7845	2	7024	
7846	2	7025	
7847	2	7026	
7848	2	7027	
7849	2	7028	
7850	2	7029	
7851	2	7030	
7852	2	7031	
7853	2	7032	
7854	2	7033	
7855	2	7034	
7856	2	7035	
7857	2	7036	
7858	2	7037	
7859	2	7038	
7860	2	7039	
7861	2	7040	
7862	2	7041	
7863	2	7042	
7864	2	7043	
7865	2	7044	
7866	2	7045	
7867	2	7046	
7868	2	7047	
7869	2	7048	
7870	2	7049	
7871	2	7050	
7872	2	7051	
7873	2	7052	
7874	2	7053	
7875	2	7054	
7876	2	7055	
7877	2	7056	
7878	2	7057	
7879	2	7058	
7880	2	7059	
7881	2	7060	
7882	2	7061	
7883	2	7062	
7884	2	7063	
7885	2	7064	
7886	2	7065	
7887	2	7066	
7888	2	7067	
7889	2	7068	
7890	2	7069	
7891	2	7070	
7892	2	7071	
7893	2	7072	
7894	2	7073	
7895	2	7074	
7896	2	7075	
7897	2	7076	
7898	2	7077	
7899	2	7078	
7900	2	7079	
7901	2	7080	
7902	2	7081	
7903	2	7082	
7904	2	7083	
7905	2	7084	
7906	2	7085	
7907	2	7086	
7908	2	7087	
7909	2	7088	
7910	2	7089	
7911	2	7090	
7912	2	7091	
7913	2	7092	
7914	2	7093	
7915	2	7094	
7916	2	7095	
7917	2	7096	
7918	2	7097	
7919	2	7098	
7920	2	7099	
7921	2	7100	
7922	2	7101	
7923	2	7102	
7924	2	7103	
7925	2	7223	
7926	2	7104	
7927	2	7105	
7928	2	7106	
7929	2	7107	
7930	2	7108	
7931	2	7109	
7932	2	7110	
7933	2	7111	
7934	2	7112	
7935	2	7113	
7936	2	7114	
7937	2	7115	
7938	2	7116	
7939	2	7117	
7940	2	7118	
7941	2	7119	
7942	2	7120	
7943	2	7121	
7944	2	7122	
7945	2	7123	
7946	2	7124	
7947	2	7125	
7948	2	7126	
7949	2	7127	
7950	2	7128	
7951	2	7129	
7952	2	7130	
7953	2	7131	
7954	2	7132	
7955	2	7133	
7956	2	7134	
7957	2	7135	
7958	2	7136	
7959	2	7137	
7960	2	7138	
7961	2	7139	
7962	2	7140	
7963	2	7141	
7964	2	7142	
7965	2	7143	
7966	2	7144	
7967	2	7145	
7968	2	7146	
7969	2	7147	
7970	2	7148	
7971	2	7149	
7972	2	7150	
7973	2	7151	
7974	2	7152	
7975	2	7153	
7976	2	7154	
7977	2	7155	
7978	2	7156	
7979	2	7157	
7980	2	7158	
7981	2	7159	
7982	2	7160	
7983	2	7161	
7984	2	7162	
7985	2	7163	
7986	2	7164	
7987	2	7165	
7988	2	7166	
7989	2	7224	
7990	2	7167	
7991	2	7168	
7992	2	7169	
7993	2	7170	
7994	2	7171	
7995	2	7172	
7996	2	7173	
7997	2	7174	
7998	2	7175	
7999	2	7176	
8000	2	7177	
8001	2	7178	
8002	2	7179	
8003	2	7180	
8004	2	7181	
8005	2	7182	
8006	2	7183	
8007	2	7184	
8008	2	7185	
8009	2	7186	
8010	2	7187	
8011	2	7188	
8012	2	7189	
8013	2	7190	
8014	2	7191	
8015	2	7192	
8016	2	7193	
8017	2	7194	
8018	2	7195	
8019	2	7196	
8020	2	7197	
8021	2	7198	
8022	2	7199	
8023	2	7200	
8024	2	7201	
8025	2	7202	
8026	2	7203	
8027	2	7204	
8028	2	7205	
8029	2	7206	
8030	2	7207	
8031	2	7208	
8032	2	7209	
8033	2	7210	
8034	2	7211	
8035	2	7212	
8036	2	7213	
8037	2	7214	
8038	2	7215	
8039	2	7216	
8040	2	7217	
8041	2	7218	
8042	2	7219	
8043	2	7220	
8044	2	7225	
8045	2	7226	
8046	1	\N	ხელშეკრულება არ მოიძებნა
8047	1	\N	ნიმუში არ მოიძებნა
8048	1	\N	ანალიზი არ მოიძებნა
8049	1	\N	ლაბორატორია არ მოიძებნა
8050	1	\N	Blood Agar
8051	1	\N	Blood Agar Positive Conttrol
8052	1	\N	Blood Agar Negative Control
8053	1	\N	კონტროლის ტესტი
8054	1	\N	ნიმუში არჩეული არ არის
8055	1	\N	მინ.ვადა
8056	1	\N	მაქს.ვადა
8057	1	\N	დარჩენილია 0.0 ლარი
8058	1	\N	მაქსიმალური ფასი
8059	1	\N	მაქსიმალური რაოდენობა
8060	1	\N	მინიმალური ვადა
8061	1	\N	მაქსიმალური ვადა
8062	1	\N	დარჩენილია 112.0 ლარი
8064	1	\N	მიმდინარეობს ძიება
8065	1	\N	შეიტანეთ კონტრაგენტის ნომერი ან დასახელება
8066	1	\N	კონტრაგენტი არ მოიძებნა
8067	1	\N	მიმართვა არ მოიძებნა
8068	1	\N	აქტის N არ მოიძებნა
8069	1	\N	შეიტანეთ ყუთის ნომერი
8070	1	\N	ყუთის ნომერი არ მოიძებნა
8073	1	\N	1100001
8074	1	\N	1100001
8075	1	\N	1100002
8076	1	\N	1100003
8077	1	\N	1100004
8078	1	\N	1100005
8079	1	\N	1100006
8080	1	\N	1100007
8081	1	\N	1100008
8082	1	\N	Y.pestis საეჭვო კულტურის შეღებვა გრამის წესით
8083	1	\N	ადამიანის ნიმუშების კვლევა შავი ჭირის გამომწვევზე
8084	1	\N	გრამის წესის გრამდადებითი კონტროლი - St aureus . (ATCC 25923) - ლურჯი შეფერილობა
8085	1	\N	გრამის წესის გრამუარყოფითი კონტროლი - E. coli. (ATCC 25922) - წითელი
8086	1	\N	ნორმატივის ტექსტი
8298	1	\N	კალაგონი
8087	1	\N	შესაძლო პასუხების და ნორმატივების სია
8088	1	\N	ნორმა
8089	1	\N	ლურჯი
8090	1	\N	წითელი
8091	1	\N	დარწმუნებული ხართ, რომ გნებავთ დაწუნებულის უკან დაბრუნება?
8094	1	\N	კონტროლი 1 დადები
8095	1	\N	დადებიტო ვ1
8096	1	\N	დადებითი ვ2
8097	1	\N	დადებითო ვ3
8098	1	\N	ოქსიდაზას ტესტი
8099	1	\N	ოქსიდაზას დადებითი კონტროლი
8100	1	\N	ფერის ცვლილება არ არის
8101	1	\N	დარწმუნებული ხართ, რომ გნებავთ ჩანაწერის წაშლა?
8103	1	\N	სერვისის გამოძახება შეუძლებელია. სცადეთ თავიდან ან დაუკავშირით ტექნიკურ განყოფილებას
8104	1	\N	კვლევა არ მოიძებნა
8105	1	\N	დარჩენილია 540000.0 ლარი
8106	1	\N	ლიმიტების რედაქტირება
8107	1	\N	დარჩენილია 200000.0 ლარი
8108	1	\N	საქართველოს სოფლის მეურნეობის სამინისტროს ლაბორატორიის ნიმუშების რეგისტრაციის და სტატისტიკური დამუშავების განყოფილების მთ.სპეციალისტი ნანა მელაძე ერთის მხრივ და მეორე მხრივ შ.პ.ს. ,,კავკასია 2“-ის წარმომადგენელი ემზარ ძამაშვილი ვადგენთ აქტს მასზედ, რომ ემზარ ძამაშვილმა ლაბორატორიაში შემოიტანა წრპ-ს (ცხვარი) სისხლის  სინჯი  957(ცხრაას ორმოცდა ჩვიდმეტი) ბრუცელოზზე და თურქულის არასტრუქტურულ ცილებზე გამოსაკვლევად.
8109	1	\N	ყუთის რეგისტრაცია
8110	1	\N	ყუთის რეგისტრაციის რეჟიმი
8111	1	\N	ნიმუშის რაოდენობა
8112	1	\N	შეიტანეთ ყუთის შტრიხკოდის ნომერი
8113	1	\N	შტრიხკოდი არ მოიძებნა
8116	1	\N	დიდი ლილო
8117	1	\N	ვარკეთილი
8118	1	\N	ნასაგური
8119	1	\N	პატარა ლილო
8120	1	\N	ფონიჭალა
8121	1	\N	წინუბანი
8128	1	\N	ლანჩხუთის რაიონი
8129	1	\N	ოზურგეთის რაიონი
8130	1	\N	ჩოხატაურის რაიონი
8132	1	\N	ოპერაცია შესრულებულია.
8133	1	\N	ტესტი32
8134	1	\N	ტესტი33
8135	1	\N	ტესტი34
8136	1	\N	შ.პ.ს. ,,მით ბოქს გრუპ+
8137	1	\N	ქ.თბილისი ყიფშიძის ქუჩა #9ბ.
8138	1	\N	ნათია ჩემია 
8139	1	\N	სურსათის ეროვნული სააგენტო
8140	1	\N	მარ
8141	1	\N	მიმართვის დოკუმენტი
8142	1	\N	regioni
8143	1	\N	მიმართვის ნომერი შეტანილი არ არის!
8144	1	\N	ასკანა
8145	1	\N	ბაილეთი
8146	1	\N	ბაღდადი
8147	1	\N	ბახვი
8148	1	\N	ბოხვაური
8149	1	\N	გაღმა დვაბზუ
8150	1	\N	გომი
8151	1	\N	გონების კარი
8152	1	\N	გურიანთა
8153	1	\N	დვაბზუ
8154	1	\N	ვაკე
8155	1	\N	ვაკიჯვარი
8156	1	\N	ზედა უჩხუბი
8157	1	\N	ზედუბანი
8158	1	\N	ზემო ნატანები
8159	1	\N	თხინვალი
8160	1	\N	იანეთი
8161	1	\N	კვირიკეთი
8162	1	\N	კონჭკათი
8163	1	\N	ლაითური
8164	1	\N	ლიხაური
8165	1	\N	მაკვანეთი
8166	1	\N	მელექედური
8167	1	\N	მერია
8168	1	\N	მზიანი
8169	1	\N	მთისპირი
8170	1	\N	მოცვნარი
8171	1	\N	მშვიდობაური
8172	1	\N	ნაგომარი
8173	1	\N	ნარუჯა
8174	1	\N	ნასაკირალი
8175	1	\N	ნატანები
8176	1	\N	ნაღობილევი
8177	1	\N	ოზურგეთი
8178	1	\N	ორმეთი
8179	1	\N	სილაური
8180	1	\N	უკანავა
8181	1	\N	ურეკი
8182	1	\N	ფამფალეთი
8183	1	\N	ქვედა ბახვი
8184	1	\N	ქვედა ნატანები
8185	1	\N	შემოქმედი
8186	1	\N	შრომა
8187	1	\N	ციხისფერდი
8188	1	\N	ცხემლისხიდი
8189	1	\N	ძიმითი
8190	1	\N	ძირი ჯუმათი
8191	1	\N	წვერმაღალა
8192	1	\N	წითელმთა
8193	1	\N	ჭანიეთი
8194	1	\N	ხვარბეთი
8195	1	\N	ხრიალეთი
8196	1	\N	ჯუმათი
8197	1	\N	გაგრა
8198	1	\N	სოხუმი
8199	1	\N	რეგიონი არ მოიძებნა
8200	1	\N	რაიონი/ქალაქი არ მოიძებნა
8201	1	\N	სოფელი არ მოიძებნა
8202	1	\N	ქ. სოხუმი
8203	1	\N	ხელშეკრულენის ნომერი არ იძებნება.
8204	1	\N	დოკუმენტისს ატვირთვა
8205	1	\N	ხეცშეცრულების N
8206	1	\N	აქტის დოკუმენტი
8207	1	\N	სინჯის რ-ბა
8208	1	\N	კპნტრაქტის დოკუმენტი
8209	1	\N	ხელშ-ბა
8210	1	\N	ა.ბ.ც.დ
8211	1	\N	123
8212	1	\N	შეიტანეთ დამკვეთის დასახელება ან ნომერი
8213	1	\N	დამკვეთი არ მოიძებნა
8214	1	\N	დასრ. ვადა
8215	1	\N	ხელშ. ტიპი
8216	1	\N	ხელშ. N
8217	1	\N	ხელშეკრულენის N
8218	1	\N	აკეთი
8219	1	\N	არჩეული
8220	1	\N	აცანა
8221	1	\N	ბაღლეთი
8222	1	\N	ბაღლეფი
8223	1	\N	გაგური
8224	1	\N	გვიმბალაური
8225	1	\N	გრიგოლეთი
8226	1	\N	გულიანი
8227	1	\N	ეწერი
8228	1	\N	ზემო აკეთი
8229	1	\N	ზემო შუხუთი
8230	1	\N	ზემო ჩიბათი
8231	1	\N	კოკათი
8232	1	\N	ლანჩხუთი
8233	1	\N	ლესა
8234	1	\N	მამათი
8235	1	\N	მაჩხვარეთი
8236	1	\N	მოედანი
8237	1	\N	ნიგვზიანი
8238	1	\N	ნიგოეთი
8239	1	\N	ნინოშვილი
8240	1	\N	ომფარეთი
8241	1	\N	ორაგვე
8242	1	\N	სუფსა
8243	1	\N	ტაბანათი
8244	1	\N	ქვემო აკეთი
8245	1	\N	ქვემო მამათი
8246	1	\N	ქვემო შუხუთი
8247	1	\N	ქვემო ჩიბათი
8248	1	\N	ქვიანი
8249	1	\N	ღრმაღელე
8250	1	\N	შრომისუბანი
8251	1	\N	შუხუთი
8252	1	\N	ჩიბათი
8253	1	\N	ჩოლობარგი
8254	1	\N	ჩოჩხათი
8255	1	\N	წყალწმინდა
8256	1	\N	ჭალა
8257	1	\N	ჭანჭათი
8258	1	\N	ჭინათი
8259	1	\N	ჭყონაგორა
8260	1	\N	ხაჯალია
8261	1	\N	ხორეთი
8262	1	\N	ჯაპანა
8263	1	\N	ჯიხანჯირი
8264	1	\N	ჯუნეწერი
8265	1	\N	ჯურუყვეთი
8266	1	\N	ბასილეთი
8267	1	\N	ბჟოლიეთი
8268	1	\N	ბუკისციხე
8269	1	\N	ბურნათი
8270	1	\N	ბუქსიეთი
8271	1	\N	გამოღმა დობირო
8272	1	\N	გაღმა დობირო
8273	1	\N	გოგოლესუბანი
8274	1	\N	გოგოური
8275	1	\N	გორაბერეჟოული
8276	1	\N	გუთური
8277	1	\N	გურიისტყე
8278	1	\N	გურისტყე
8279	1	\N	დაბლაციხე
8280	1	\N	დიდვანი
8281	1	\N	დიდივანი
8282	1	\N	ერკეთი
8283	1	\N	ვაზიანი
8284	1	\N	ვანი
8285	1	\N	ზემოერკეთი
8286	1	\N	ზემოონჭიკეთი
8287	1	\N	ზემოსურები
8288	1	\N	ზემოფარცხმა
8289	1	\N	ზემოხეთი
8290	1	\N	ზენობანი
8291	1	\N	ზომლეთი
8292	1	\N	ზოტი
8293	1	\N	თავპანტა
8294	1	\N	თავსურები
8295	1	\N	თხილაგანი
8296	1	\N	იანეული
8297	1	\N	ინტაბუეთი
8299	1	\N	კოხნარი
8300	1	\N	მამულარი
8301	1	\N	მეწიეთი
8302	1	\N	ნაბეღლავი
8303	1	\N	ნაკადული
8304	1	\N	საყვავისტყე
8305	1	\N	საჭამიასერი
8306	1	\N	ტობახჩო
8307	1	\N	ქვაბღა
8308	1	\N	ქვემოერკეთი
8309	1	\N	ქვემოონჭიკეთი
8310	1	\N	ქვემოხეთი
8311	1	\N	ქვენობანი
8312	1	\N	შველოურ-ციციბოური
8313	1	\N	შუაგანახლება
8314	1	\N	შუასურები
8315	1	\N	შუაფარცხმა
8316	1	\N	შუბანი
8317	1	\N	ჩიკიტაური
8318	1	\N	ჩომეთი
8319	1	\N	ჩოხატაური
8320	1	\N	ჩხაკოურა
8321	1	\N	წითელგორა
8322	1	\N	წიფნაგვარა
8323	1	\N	წიფნარი
8324	1	\N	ჭალა-ქადაგოური
8325	1	\N	ჭაჭიეთი
8326	1	\N	ხევი
8327	1	\N	ხიდისთავი
8328	1	\N	აჟარა
8329	1	\N	აძგარა
8330	1	\N	ბრამბა
8331	1	\N	ბუჩუყური
8332	1	\N	ბუძუგური
8333	1	\N	ბძგიერი
8334	1	\N	გენწვიში
8335	1	\N	გვანდრა
8336	1	\N	ზემო ზიმა
8337	1	\N	ზიმა
8338	1	\N	მარცხენა გენწვიში
8339	1	\N	მარჯვენა გენწვიში
8340	1	\N	ნაჰარი
8341	1	\N	ომარიშარი
8342	1	\N	პტიში
8343	1	\N	საკენი
8344	1	\N	ქვაფჩარა
8345	1	\N	ქვედა ზიმა
8346	1	\N	ყლიჩი
8347	1	\N	შაფატკვარა
8348	1	\N	ჩხალთა
8349	1	\N	ხუტია
8350	1	\N	შეცდომა, აქტის დოკუმენტის შენახვისას. სცადეთ თავიდან ან დაუკავშირით ტექნიკურ განყოფილებას
8351	1	\N	ტესტირება...
8352	1	\N	აირჩეული ჩანაწერის ნახვა
8353	1	\N	მიმდინარე
8354	1	\N	განადგურებული
8355	1	\N	გადაგზავნილი
8356	1	\N	განადგურების თარიღი
8357	1	\N	განადგურების დრო
8358	1	\N	გადაცემის თარიღი
8359	1	\N	გადაცემის დრო
8360	1	\N	დეპარტამენტი არ მოიძებნა
8361	1	\N	მეთოდი არ მოიძებნა
8362	1	\N	ჩანაწერის სტატუსი შეიცვალა.
8363	1	\N	ტესტი არ მოიძებნა
8372	1	\N	...ძე
8373	1	\N	შტრიხკოდის ტიპი
8374	1	\N	- შტრიხკოდის ტიპი -
8375	1	\N	სიგანე
8376	1	\N	მასშტაბი
8377	1	\N	სიმაღლე
8380	1	\N	გადაცემა დაფიქსირებულია.
8381	1	\N	კვლევა/ტესტი დანიშნულია.
8382	1	\N	გლდანი
8383	1	\N	ზაჰესი
8384	1	\N	პათ. მასალის დათვალიერება და გაკვეთა
8385	1	\N	დაფიქსირებულია.
8386	1	\N	ჩანაწერი  წაიშალა.
8387	1	\N	ახალდაბა
8388	1	\N	დიდება
8389	1	\N	კიკეთი
8390	1	\N	კოჯორი
8391	1	\N	შინდისი
8392	1	\N	წავკისი
8393	1	\N	test
8394	1	\N	ახმეტის რაიონი
8395	1	\N	გურჯაანის რაიონი
8396	1	\N	დედოფლისწყაროს რაიონი
8397	1	\N	თელავის რაიონი
8398	1	\N	ლაგოდეხის რაიონი
8399	1	\N	საგარეჯოს რაიონი
8400	1	\N	სიღნაღის რაიონი
8401	1	\N	ყვარლის რაიონი
8406	1	\N	არაშენდა
8407	1	\N	ახაშენი
8408	1	\N	ბაკურციხე
8409	1	\N	გურჯაანი
8410	1	\N	გურჯანი
8411	1	\N	დარჩიეთი
8412	1	\N	ვაზისუბანი
8413	1	\N	ვაჩნაძეაანი
8414	1	\N	ველისციხე
8415	1	\N	ვეჯინი
8416	1	\N	ზეგაანი
8417	1	\N	ზიარი
8418	1	\N	კალაური
8419	1	\N	კარდენახი
8420	1	\N	კაჭრეთი
8421	1	\N	კახიფარი
8422	1	\N	კოლაგი
8423	1	\N	მახარაძე
8424	1	\N	მელაანი
8425	1	\N	მუკუზანი
8426	1	\N	ნანიანი
8427	1	\N	ქოდალო
8428	1	\N	ყიტაანი
8429	1	\N	შაშიანი
8430	1	\N	ჩალაუბანი
8431	1	\N	ჩუმლაყი
8432	1	\N	ძირკოკი
8433	1	\N	ჭანდარი
8434	1	\N	ჭერემი
8435	1	\N	ჯიმითი
8436	1	\N	test 1
8449	2	8046	
8450	2	8047	
8451	2	8048	
8452	2	8049	
8453	2	8050	
8454	2	8051	
8455	2	8052	
8456	2	8053	
8457	2	8054	
8458	2	8055	
8459	2	8056	
8460	2	8057	
8461	2	8058	
8462	2	8059	
8463	2	8060	
8464	2	8061	
8465	2	8062	
8466	2	8064	
8467	2	8065	
8468	2	8066	
8469	2	8067	
8470	2	8068	
8471	2	8069	
8472	2	8070	
8473	2	8073	
8474	2	8074	
8475	2	8075	
8476	2	8075	
8477	2	8076	
8478	2	8076	
8479	2	8077	
8480	2	8077	
8481	2	8078	
8482	2	8078	
8483	2	8079	
8484	2	8079	
8485	2	8080	
8486	2	8080	
8487	2	8081	
8488	2	8081	
8489	2	8082	
8490	2	8082	
8492	2	8083	
8491	2	8083	
8493	2	8084	
8494	2	8084	
8495	2	8085	
8496	2	8085	
8497	2	8086	
8498	2	8086	
8499	2	8298	
8500	2	8298	
8501	2	8087	
8502	2	8087	
8503	2	8088	
8504	2	8089	
8505	2	8089	
8506	2	8090	
8507	2	8090	
8508	2	8091	
8509	2	8091	
8510	2	8094	
8511	2	8094	
8512	2	8095	
8513	2	8095	
8514	2	8096	
8515	2	8097	
8516	2	8097	
8517	2	8098	
8518	2	8099	
8519	2	8099	
8520	2	8100	
8521	2	8100	
8522	2	8101	
8523	2	8101	
8524	2	8103	
8525	2	8104	
8526	2	8104	
8527	2	8105	
8528	2	8105	
8529	2	8106	
8530	2	8106	
8531	2	8107	
8532	2	8107	
8533	2	8108	
8534	2	8108	
8535	2	8109	
8536	2	8109	
8537	2	8110	
8538	2	8110	
8539	2	8111	
8540	2	8111	
8541	2	8112	
8542	2	8112	
8543	2	8113	
8544	2	8113	
8545	2	8116	
8546	2	8116	
8547	2	8117	
8548	2	8117	
8549	2	8118	
8550	2	8118	
8551	2	8119	
8552	2	8119	
8553	2	8120	
8554	2	8120	
8555	2	8121	
8556	2	8121	
8557	2	8128	
8558	2	8128	
8559	2	8129	
8560	2	8129	
8561	2	8130	
8562	2	8130	
8563	2	8132	
8564	2	8132	
8565	2	8133	
8566	2	8133	
8567	2	8134	
8568	2	8134	
8569	2	8135	
8570	2	8136	
8571	2	8136	
8572	2	8137	
8573	2	8137	
8574	2	8138	
8575	2	8138	
8576	2	8139	
8577	2	8139	
8578	2	8140	
8579	2	8140	
8580	2	8141	
8581	2	8141	
8582	2	8142	
8583	2	8142	
8584	2	8143	
8585	2	8143	
8586	2	8144	
8587	2	8144	
8588	2	8145	
8589	2	8145	
8590	2	8146	
8591	2	8147	
8592	2	8147	
8593	2	8148	
8594	2	8148	
8595	2	8149	
8596	2	8150	
8597	2	8150	
8598	2	8151	
8599	2	8151	
8600	2	8152	
8601	2	8152	
8602	2	8153	
8603	2	8154	
8604	2	8154	
8605	2	8155	
8606	2	8155	
8607	2	8156	
8608	2	8156	
8609	2	8157	
8610	2	8158	
8611	2	8158	
8612	2	8159	
8613	2	8159	
8614	2	8160	
8615	2	8160	
8616	2	8161	
8617	2	8161	
8618	2	8162	
8619	2	8163	
8620	2	8163	
8621	2	8164	
8622	2	8164	
8623	2	8165	
8624	2	8165	
8625	2	8166	
8626	2	8166	
8627	2	8167	
8628	2	8167	
8629	2	8168	
8630	2	8168	
8631	2	8169	
8632	2	8170	
8633	2	8170	
8634	2	8171	
8635	2	8171	
8636	2	8172	
8637	2	8172	
8638	2	8173	
8639	2	8173	
8640	2	8174	
8641	2	8174	
8642	2	8175	
8643	2	8175	
8644	2	8176	
8645	2	8176	
8646	2	8177	
8647	2	8177	
8648	2	8178	
8649	2	8178	
8650	2	8179	
8651	2	8180	
8652	2	8180	
8653	2	8181	
8654	2	8181	
8655	2	8182	
8656	2	8182	
8657	2	8183	
8658	2	8183	
8659	2	8184	
8660	2	8184	
8661	2	8185	
8662	2	8185	
8663	2	8186	
8664	2	8186	
8665	2	8187	
8666	2	8188	
8667	2	8188	
8668	2	8189	
8669	2	8189	
8670	2	8190	
8671	2	8190	
8672	2	8191	
8673	2	8191	
8674	2	8192	
8675	2	8192	
8676	2	8193	
8677	2	8193	
8678	2	8194	
8679	2	8194	
8680	2	8195	
8681	2	8195	
8682	2	8196	
8683	2	8196	
8684	2	8197	
8685	2	8197	
8686	2	8198	
8687	2	8198	
8688	2	8199	
8689	2	8199	
8690	2	8200	
8691	2	8200	
8692	2	8201	
8693	2	8202	
8694	2	8202	
8695	2	8203	
8696	2	8203	
8697	2	8204	
8698	2	8204	
8699	2	8205	
8700	2	8205	
8701	2	8206	
8702	2	8206	
8703	2	8207	
8704	2	8207	
8705	2	8208	
8706	2	8208	
8707	2	8209	
8708	2	8209	
8709	2	8210	
8710	2	8210	
8711	2	8211	
8712	2	8211	
8714	2	8212	
8713	2	8212	
8715	2	8213	
8716	2	8213	
8717	2	8214	
8718	2	8214	
8719	2	8215	
8720	2	8215	
8721	2	8216	
8722	2	8216	
8723	2	8217	
8724	2	8217	
8725	2	8218	
8726	2	8218	
8727	2	8219	
8728	2	8219	
8729	2	8220	
8730	2	8221	
8731	2	8221	
8732	2	8222	
8733	2	8222	
8735	2	8223	
8734	2	8223	
8736	2	8224	
8737	2	8224	
8738	2	8225	
8739	2	8225	
8740	2	8226	
8741	2	8226	
8742	2	8227	
8743	2	8227	
8744	2	8228	
8745	2	8228	
8746	2	8229	
8747	2	8229	
8748	2	8230	
8749	2	8230	
8750	2	8231	
8751	2	8231	
8752	2	8232	
8753	2	8232	
8754	2	8233	
8755	2	8233	
8756	2	8234	
8757	2	8234	
8758	2	8235	
8759	2	8235	
8760	2	8236	
8761	2	8237	
8762	2	8237	
8763	2	8238	
8764	2	8238	
8765	2	8239	
8766	2	8239	
8767	2	8240	
8768	2	8240	
8769	2	8241	
8770	2	8241	
8771	2	8242	
8772	2	8242	
8773	2	8243	
8774	2	8243	
8775	2	8244	
8776	2	8244	
8777	2	8245	
8778	2	8246	
8779	2	8246	
8780	2	8247	
8781	2	8247	
8782	2	8248	
8783	2	8248	
8784	2	8249	
8785	2	8249	
8786	2	8250	
8787	2	8250	
8788	2	8251	
8789	2	8251	
8790	2	8252	
8791	2	8252	
8792	2	8253	
8793	2	8253	
8794	2	8254	
8795	2	8254	
8796	2	8255	
8797	2	8256	
8798	2	8256	
8799	2	8257	
8800	2	8257	
8801	2	8258	
8802	2	8258	
8803	2	8259	
8804	2	8259	
8805	2	8260	
8806	2	8260	
8807	2	8261	
8808	2	8261	
8809	2	8262	
8810	2	8262	
8811	2	8263	
8812	2	8263	
8813	2	8264	
8814	2	8264	
8815	2	8265	
8816	2	8265	
8817	2	8266	
8818	2	8266	
8820	2	8267	
8819	2	8267	
8821	2	8268	
8822	2	8268	
8823	2	8269	
8824	2	8269	
8825	2	8270	
8826	2	8270	
8827	2	8271	
8828	2	8271	
8829	2	8272	
8830	2	8273	
8831	2	8273	
8832	2	8274	
8833	2	8274	
8834	2	8275	
8835	2	8275	
8836	2	8276	
8837	2	8276	
8838	2	8277	
8839	2	8277	
8840	2	8278	
8841	2	8278	
8842	2	8279	
8843	2	8279	
8844	2	8280	
8845	2	8280	
8846	2	8281	
8847	2	8281	
8848	2	8282	
8849	2	8282	
8850	2	8283	
8851	2	8283	
8852	2	8284	
8853	2	8284	
8854	2	8285	
8855	2	8285	
8856	2	8286	
8857	2	8286	
8858	2	8287	
8859	2	8287	
8860	2	8288	
8861	2	8288	
8862	2	8289	
8863	2	8290	
8864	2	8290	
8865	2	8291	
8866	2	8291	
8867	2	8292	
8868	2	8292	
8869	2	8293	
8870	2	8293	
8871	2	8294	
8872	2	8294	
8873	2	8295	
8874	2	8295	
8875	2	8296	
8876	2	8296	
8877	2	8297	
8878	2	8297	
8879	2	8299	
8880	2	8299	
8881	2	8300	
8882	2	8300	
8883	2	8301	
8884	2	8302	
8885	2	8302	
8886	2	8303	
8887	2	8303	
8888	2	8304	
8889	2	8304	
8890	2	8305	
8891	2	8305	
8892	2	8306	
8893	2	8306	
8894	2	8307	
8895	2	8307	
8896	2	8308	
8897	2	8308	
8898	2	8309	
8899	2	8309	
8900	2	8310	
8901	2	8311	
8902	2	8311	
8903	2	8312	
8904	2	8312	
8905	2	8313	
8906	2	8313	
8907	2	8314	
8908	2	8315	
8909	2	8315	
8910	2	8316	
8911	2	8316	
8912	2	8317	
8913	2	8317	
8914	2	8318	
8915	2	8318	
8916	2	8319	
8917	2	8319	
8918	2	8320	
8919	2	8320	
8920	2	8321	
8921	2	8321	
8922	2	8322	
8923	2	8322	
8924	2	8323	
8925	2	8324	
8926	2	8324	
8927	2	8325	
8928	2	8325	
8929	2	8326	
8930	2	8326	
8931	2	8327	
8932	2	8327	
8933	2	8328	
8934	2	8328	
8935	2	8329	
8936	2	8329	
8937	2	8330	
8938	2	8331	
8939	2	8331	
8940	2	8332	
8941	2	8332	
8942	2	8333	
8943	2	8333	
8944	2	8334	
8945	2	8334	
8946	2	8335	
8947	2	8335	
8948	2	8336	
8949	2	8336	
8950	2	8337	
8951	2	8337	
8952	2	8338	
8953	2	8338	
8954	2	8339	
8955	2	8339	
8956	2	8340	
8957	2	8341	
8958	2	8341	
8959	2	8342	
8960	2	8342	
8961	2	8343	
8962	2	8343	
8963	2	8344	
8964	2	8344	
8965	2	8345	
8966	2	8345	
8967	2	8346	
8968	2	8346	
8969	2	8347	
8970	2	8347	
8971	2	8348	
8972	2	8348	
8973	2	8349	
8974	2	8349	
8975	2	8350	
8976	2	8350	
8977	2	8351	
8978	2	8351	
8979	2	8352	
8980	2	8352	
8981	2	8353	
8982	2	8353	
8983	2	8354	
8984	2	8354	
8985	2	8355	
8986	2	8355	
8987	2	8356	
8988	2	8357	
8989	2	8357	
8990	2	8358	
8991	2	8358	
8992	2	8359	
8993	2	8359	
8994	2	8360	
8995	2	8360	
8996	2	8361	
8997	2	8361	
8998	2	8362	
8999	2	8362	
9000	2	8363	
9001	2	8363	
9002	2	8372	
9003	2	8372	
9004	2	8373	
9005	2	8373	
9006	2	8374	
9007	2	8374	
9008	2	8375	
9009	2	8375	
9010	2	8376	
9011	2	8376	
9012	2	8377	
9013	2	8377	
9014	2	8380	
9015	2	8380	
9016	2	8381	
9017	2	8382	
9018	2	8382	
9019	2	8383	
9020	2	8383	
9021	2	8384	
9022	2	8384	
9023	2	8385	
9024	2	8385	
9025	2	8386	
9026	2	8386	
9027	2	8387	
9028	2	8387	
9029	2	8388	
9030	2	8388	
9031	2	8389	
9032	2	8390	
9033	2	8391	
9034	2	8391	
9035	2	8392	
9036	2	8392	
9037	2	8393	
9038	2	8393	
9039	2	8394	
9040	2	8394	
9042	2	8395	
9041	2	8395	
9043	2	8396	
9044	2	8396	
9045	2	8397	
9046	2	8397	
9047	2	8398	
9048	2	8398	
9049	2	8399	
9050	2	8399	
9051	2	8400	
9052	2	8400	
9053	2	8401	
9054	2	8401	
9055	2	8406	
9056	2	8406	
9057	2	8407	
9058	2	8407	
9059	2	8408	
9060	2	8408	
9061	2	8409	
9062	2	8409	
9063	2	8410	
9064	2	8410	
9065	2	8411	
9066	2	8411	
9067	2	8412	
9068	2	8412	
9069	2	8413	
9070	2	8413	
9071	2	8414	
9072	2	8414	
9073	2	8415	
9074	2	8415	
9075	2	8416	
9076	2	8416	
9078	2	8417	
9077	2	8417	
9079	2	8418	
9080	2	8418	
9081	2	8419	
9082	2	8419	
9083	2	8420	
9084	2	8420	
9085	2	8421	
9086	2	8421	
9087	2	8422	
9088	2	8422	
9089	2	8423	
9090	2	8423	
9091	2	8424	
9092	2	8424	
9093	2	8425	
9094	2	8425	
9095	2	8426	
9096	2	8426	
9097	2	8427	
9098	2	8427	
9099	2	8428	
9100	2	8428	
9101	2	8429	
9102	2	8429	
9103	2	8430	
9104	2	8430	
9105	2	8431	
9106	2	8431	
9107	2	8432	
9108	2	8433	
9109	2	8433	
9110	2	8434	
9111	2	8434	
9112	2	8435	
9113	2	8435	
9114	2	8436	
9115	2	8436	
9116	1	\N	12
9117	1	\N	1 2
9118	1	\N	12 34
9119	1	\N	das das
9120	2	9116	
9121	2	9117	
9122	2	9118	
9123	2	9119	
9124	1	\N	ნიმუშის კოდი
9125	2	9124	
9126	1	\N	დაარქივება
9127	1	\N	წაკითხვის გაუქმება
9128	1	\N	დარჩენილია 1000.0 ლარი
9129	1	\N	ghjk lkj
9130	1	\N	nhh
9131	1	\N	ira 123
9132	1	\N	დარჩენილია 111.0 ლარი
9133	1	\N	დარჩენილია 111111.0 ლარი
9134	1	\N	დარჩენილია 111.00 ლარი
9135	1	\N	დარჩენილია 111,111.00 ლარი
9136	1	\N	დარჩენილია .00 ლარი
9137	1	\N	დარჩენილია 111,091.00 ლარი
9138	1	\N	დარჩენილია -10.00 ლარი
9139	1	\N	დარჩენილია 111,081.00 ლარი
9140	1	\N	დარჩენილია 111,071.00 ლარი
9141	1	\N	,,ეს თი  გრუპი"
9142	1	\N	ჟღენტის ქუჩა #3
9143	1	\N	ალექსანდრე კურცხალია
9144	1	\N	კავკასია 2
9145	1	\N	გელოვანის 2
9146	1	\N	დარჩენილია 200,000.00 ლარი
9147	1	\N	დარჩენილია 111,061.00 ლარი
9148	1	\N	დარჩენილია 111,051.00 ლარი
9149	1	\N	დარჩენილია -20.00 ლარი
9150	1	\N	დარჩენილია -30.00 ლარი
9151	1	\N	დარჩენილია 100,000.00 ლარი
9152	1	\N	აქტის ნომერი შეტანილი არ არის!
9153	1	\N	აქტის
9154	1	\N	Dato Jorj
9155	1	\N	დარჩენილია 100.00 ლარი
9156	1	\N	დარჩენილია 120.00 ლარი
9157	1	\N	დარჩენილია 10,000.00 ლარი
9158	1	\N	საქართველოს სოფლის მეურნეობის სამინისტროს ლაბორატორიის ნიმუშების რეგისტრაციის და სტატისტიკური დამუშავების განყოფილების მთ.სპეციალისტი _______________ ერთის მხრივ და მეორე მხრივ __________________-ის წარმომადგენელი ___________________ ვადგენთ აქტს მასზედ, რომ _______________ ლაბორატორიაში შემოიტანა __________________________________________________________ გამოსაკვლევად.
9159	1	\N	საქართველოს სოფლის მეურნეობის სამინისტროს ლაბორატორიის ნიმუშების რეგისტრაციის და სტატისტიკური დამუშავების განყოფილების მთ.სპეციალისტი jgfjhgfhg ერთის მხრივ და მეორე მხრივ lkjhgkjhjkhის წარმომადგენელი gglg ვადგენთ აქტს მასზედ, რომ hlhlhhlhh ლაბორატორიაში შემოიტანა glugugglglglgl გამოსაკვლევად.
9162	1	\N	არჩილ მაკარაშვილი
9163	1	\N	პპპპ
9164	1	\N	ლია ანჯაფარიძე
9165	1	\N	ტესტი123
9166	1	\N	121212
9167	1	\N	1212
9168	1	\N	ნანა ტაბატაძე
9169	1	\N	ანა როგავა
9170	1	\N	ლევანი სიკიაშვილი
9171	1	\N	სდადა სდადა
9173	1	\N	დღგ-ს გადამხდელი
9174	1	\N	ქვითარი
9175	1	\N	ქვითრები
9176	1	\N	ქვითრის ნომერი
9177	1	\N	სკანირება
9178	1	\N	მიუთითეთ ქვითრის ნომერი
9179	1	\N	ლარი
9180	1	\N	არაა არჩეული არც ნიმუში და არც კვლევა!
9181	1	\N	აირჩიეთ რაოდენობა!
9182	1	\N	აირჩიეთ მაქსიმალური ფასი ან რაოდენობა!
9183	1	\N	არაა არჩეული არც ნიმუში არც კვლევა და არც მაქსიმალური ფასი!
9184	1	\N	გადასახდელია
9185	1	\N	კონტრაგენტის რედაქტირება
9186	1	\N	საველე.&nbsp;N
9187	1	\N	ცხოველის.&nbsp;N
9188	1	\N	კვლ.
9189	1	\N	TEST
9190	1	\N	TEST
9195	1	\N	100000480
9194	1	\N	100000479
9196	1	\N	100000478
9197	1	\N	100000481
9198	1	\N	100000482
9199	1	\N	100000483
9200	1	\N	წაღების თარიღი
9201	1	\N	წაღების დრო
9202	1	\N	შეხსენების თარიღი
9203	1	\N	შეხსენების დრო
9204	1	\N	11F 11L
9205	1	\N	1A 2L
9207	1	\N	100000414
9206	1	\N	100000419
9208	1	\N	100000496
9209	1	\N	100000497
9210	1	\N	100000494
9211	1	\N	100000495
\.


--
-- Name: trlibid_seq; Type: SEQUENCE SET; Schema: public; Owner: lims
--

SELECT pg_catalog.setval('trlibid_seq', 9211, true);


--
-- Data for Name: tunit; Type: TABLE DATA; Schema: public; Owner: lims
--

COPY tunit (tunitid, countryid, name, code, punitid) FROM stdin;
1	76	ქ. თბილისი	01	\N
2	76	გურიის მხარე	02	\N
3	76	რაჭა-ლეჩხუმისა და ქვემო სვანეთის მხარე	03	\N
4	76	კახეთის მხარე	04	\N
5	76	იმერეთის მხარე	05	\N
6	76	მცხეთა-მთიანეთის მხარე	06	\N
7	76	სამეგრელო-ზემო სვანეთის მხარე	07	\N
8	76	სამცხე-ჯავახეთის მხარე	08	\N
9	76	ქვემო ქართლის მხარე	09	\N
10	76	შიდა ქართლის მხარე	10	\N
11	76	აჭარის ავტონომიური რესპუბლიკა	11	\N
12	76	ზემო აფხაზეთი	12	\N
13	76	ვაკე-საბურთალოს რაიონი	0105	1
14	76	გლდანი-ნაძალადევის რაიონი	0101	1
15	76	დიდგორის რაიონი	0106	1
16	76	დიდუბე-ჩუღურეთის რაიონი	0102	1
17	76	ისანი-სამგორის რაიონი	0103	1
18	76	ძველი თბილისის რაიონი	0107	1
19	76	ლანჩხუთის რაიონი	0201	2
20	76	ოზურგეთის რაიონი	0202	2
21	76	ჩოხატაურის რაიონი	0203	2
22	76	ამბროლაურის რაიონი	0301	3
23	76	ლენტეხის რაიონი	0302	3
24	76	ონის რაიონი	0303	3
25	76	ცაგერის რაიონი	0304	3
26	76	დედოფლისწყაროს რაიონი	0403	4
27	76	ახმეტის რაიონი	0401	4
28	76	გურჯაანის რაიონი	0402	4
29	76	ლაგოდეხის რაიონი	0405	4
30	76	თელავის რაიონი	0404	4
31	76	საგარეჯოს რაიონი	0406	4
32	76	სიღნაღის რაიონი	0407	4
33	76	ყვარლის რაიონი	0408	4
34	76	ვანის რაიონი	0502	5
35	76	ხარაგაულის რაიონი	0511	5
36	76	ბაღდათის რაიონი	0501	5
37	76	ჭიათურის რაიონი	0510	5
38	76	ზესტაფონის რაიონი	0503	5
39	76	ხონის რაიონი	0512	5
40	76	თერჯოლის რაიონი	0504	5
41	76	სამტრედიის რაიონი	0505	5
42	76	საჩხერის რაიონი	0506	5
43	76	ქ. ქუთაისი	0508	5
44	76	ტყიბულის რაიონი	0507	5
45	76	წყალტუბოს რაიონი	0509	5
46	76	ახალგორის რაიონი	0601	6
47	76	დუშეთის რაიონი	0602	6
48	76	თიანეთის რაიონი	0603	6
49	76	მცხეთის რაიონი	0604	6
50	76	ყაზბეგის რაიონი	0605	6
51	76	ფოთი	0706	7
52	76	აბაშის რაიონი	0701	7
53	76	ზუგდიდის რაიონი	0702	7
54	76	ხობის რაიონი	0709	7
55	76	მარტვილის რაიონი	0703	7
56	76	მესტიის რაიონი	0704	7
57	76	სენაკის რაიონი	0705	7
58	76	წალენჯიხის რაიონი	0708	7
59	76	ჩხოროწყუს რაიონი	0707	7
60	76	ახალქალაქის რაიონი	0803	8
61	76	ახალციხის რაიონი	0804	8
62	76	ადიგენის რაიონი	0801	8
63	76	ბორჯომის რაიონი	0805	8
64	76	ასპინძის რაიონი	0802	8
65	76	ნინოწმინდის რაიონი	0806	8
66	76	გარდაბნის რაიონი	0902	9
67	76	დმანისის რაიონი	0903	9
68	76	ბოლნისის რაიონი	0901	9
69	76	თეთრი წყაროს რაიონი	0904	9
70	76	მარნეულის რაიონი	0905	9
71	76	რუსთავი	0906	9
72	76	წალკის რაიონი	0907	9
73	76	ხაშურის რაიონი	1005	10
74	76	გორის რაიონი	1001	10
75	76	კასპის რაიონი	1002	10
76	76	ქარელის რაიონი	1003	10
77	76	ხელვაჩაურის რაიონი	1105	11
78	76	ბათუმი	1101	11
79	76	ხულოს რაიონი	1106	11
80	76	ქედის რაიონი	1102	11
81	76	ქობულეთის რაიონი	1103	11
82	76	შუახევის რაიონი	1104	11
83	76	ზემო აფხაზეთი	1206	12
84	76	აგარაკი		13
85	76	დიდგორი		13
86	76	დიღომი		13
87	76	თხინვალა		13
88	76	თელოვანი		13
89	76	თბილისი		13
90	76	ზაჰესი		14
91	76	გლდანი		14
92	76	თბილისი		14
93	76	ახალდაბა		15
94	76	დიდება		15
95	76	კიკეთი		15
96	76	კოჯორი		15
97	76	ტაბახმელა		15
98	76	წავკისი		15
99	76	შინდისი		15
100	76	თბილისი		15
101	76	თბილისი		16
102	76	ფონიჭალა		17
103	76	ვარკეთილი		17
104	76	დიდი ლილო		17
105	76	პატარა ლილო		17
106	76	ნასაგური		17
107	76	წინუბანი		17
108	76	თბილისი		17
109	76	თბილისი		18
110	76	ხაჯალია		19
111	76	ახალსოფელი		19
112	76	გაგური		19
113	76	ჯაპანა		19
114	76	ჭალა		19
115	76	გვიმბალაური		19
116	76	ჭანჭათი		19
117	76	ბაღლეფი		19
118	76	ბაღლეთი		19
119	76	ჯიხანჯირი		19
120	76	აკეთი		19
121	76	ზემო აკეთი		19
122	76	ზემო ჩიბათი		19
123	76	ზემო შუხუთი		19
124	76	ჭინათი		19
125	76	ხორეთი		19
126	76	გრიგოლეთი		19
127	76	გულიანი		19
128	76	ჯუნეწერი		19
129	76	ჯურუყვეთი		19
130	76	არჩეული		19
131	76	ეწერი		19
132	76	ჭყონაგორა		19
133	76	აცანა		19
134	76	ლესა		19
135	76	კოკათი		19
136	76	მამათი		19
137	76	მაჩხვარეთი		19
138	76	ნიგვზიანი		19
139	76	ნიგოეთი		19
140	76	ნინოშვილი		19
141	76	ომფარეთი		19
142	76	მოედანი		19
143	76	ორაგვე		19
144	76	ორმეთი		19
145	76	ტაბანათი		19
146	76	ქვემო აკეთი		19
147	76	ქვემო მამათი		19
148	76	ქვემო ჩიბათი		19
149	76	ქვემო შუხუთი		19
150	76	ქვიანი		19
151	76	სუფსა		19
152	76	წყალწმინდა		19
153	76	ჩიბათი		19
154	76	ჩოლობარგი		19
155	76	ჩოჩხათი		19
156	76	შუხუთი		19
157	76	ღრმაღელე		19
158	76	შრომისუბანი		19
159	76	ლანჩხუთი		19
160	76	ფამფალეთი		20
161	76	დვაბზუ		20
162	76	ბახვი		20
163	76	ხვარბეთი		20
164	76	ვაკე		20
165	76	ვაკიჯვარი		20
166	76	ბაილეთი		20
167	76	ჭანიეთი		20
168	76	ბაღდადი		20
169	76	გაღმა დვაბზუ		20
170	76	ზედა უჩხუბი		20
171	76	ზედუბანი		20
172	76	ზემო ნატანები		20
173	76	ბოხვაური		20
174	76	გონების კარი		20
175	76	გომი		20
176	76	ხრიალეთი		20
177	76	ასკანა		20
178	76	ჯუმათი		20
179	76	გურიანთა		20
180	76	ლაითური		20
181	76	თხინვალი		20
182	76	კვირიკეთი		20
183	76	იანეთი		20
184	76	ლიხაური		20
185	76	კონჭკათი		20
186	76	ნაგომარი		20
187	76	მაკვანეთი		20
188	76	მელექედური		20
189	76	მზიანი		20
190	76	ოზურგეთი		20
191	76	ნასაკირალი		20
192	76	ნატანები		20
193	76	მერია		20
194	76	ნარუჯა		20
195	76	ნაღობილევი		20
196	76	მთისპირი		20
197	76	მოცვნარი		20
198	76	ორმეთი		20
199	76	მშვიდობაური		20
200	76	ქვედა ბახვი		20
201	76	ქვედა ნატანები		20
202	76	უკანავა		20
203	76	სილაური		20
204	76	ურეკი		20
205	76	წვერმაღალა		20
206	76	წითელმთა		20
207	76	ძიმითი		20
208	76	ძირი ჯუმათი		20
209	76	შემოქმედი		20
210	76	შრომა		20
211	76	ცხემლისხიდი		20
212	76	ციხისფერდი		20
213	76	ოზურგეთი		20
214	76	ხევი		21
215	76	ჭაჭიეთი		21
216	76	დაბლაციხე		21
217	76	ვაზიანი		21
218	76	ახალშენი		21
219	76	ჭალა-ქადაგოური		21
220	76	განახლება		21
221	76	ვანი		21
222	76	განთიადი		21
223	76	გამოღმა დობირო		21
224	76	ბასილეთი		21
225	76	გაღმა დობირო		21
226	76	დიდვანი		21
227	76	დიდივანი		21
228	76	ხიდისთავი		21
229	76	ზემოფარცხმა		21
230	76	ზემოხეთი		21
231	76	ზენობანი		21
232	76	ზემოერკეთი		21
233	76	ზემოონჭიკეთი		21
234	76	ზემოსურები		21
235	76	ზომლეთი		21
236	76	ზოტი		21
237	76	გოგოლესუბანი		21
238	76	გოგოური		21
239	76	გორაბერეჟოული		21
240	76	ბჟოლიეთი		21
241	76	ერკეთი		21
242	76	ბუკისციხე		21
243	76	ბუკნარი		21
244	76	გუთური		21
245	76	გურიისტყე		21
246	76	გურისტყე		21
247	76	ბურნათი		21
248	76	ბუქსიეთი		21
249	76	თავპანტა		21
250	76	თავსურები		21
251	76	კალაგონი		21
252	76	თხილაგანი		21
253	76	იანეული		21
254	76	კოხნარი		21
255	76	ინტაბუეთი		21
256	76	ნაბეღლავი		21
257	76	ნაკადული		21
258	76	მამულარი		21
259	76	მეწიეთი		21
260	76	საჭამიასერი		21
261	76	ქვაბღა		21
262	76	ქვემოხეთი		21
263	76	ქვენობანი		21
264	76	ქვემოერკეთი		21
265	76	ქვემოონჭიკეთი		21
266	76	სამება		21
267	76	საყვავისტყე		21
268	76	ტობახჩო		21
269	76	წიფნაგვარა		21
270	76	წიფნარი		21
271	76	წითელგორა		21
272	76	ჩხაკოურა		21
273	76	შველოურ-ციციბოური		21
274	76	ჩაისუბანი		21
275	76	ჩიკიტაური		21
276	76	ჩომეთი		21
277	76	შუაფარცხმა		21
278	76	შუაგანახლება		21
279	76	შუბანი		21
280	76	შუასურები		21
281	76	ჩოხატაური		21
282	76	ფუტიეთი		22
283	76	ბაჯი		22
284	76	ახალსოფელი		22
285	76	ხვანჭკარა		22
286	76	აბანოეთი		22
287	76	აგარა		22
288	76	აბარი		22
289	76	ჯვარისა		22
290	76	ველევი		22
291	76	ბეთლევი		22
292	76	ჭელიაღელე		22
293	76	გენდუში		22
294	76	ბარეული		22
295	76	ხარისთვალა		22
296	76	ზ. კრიხი		22
297	76	ზედა თლუღი		22
298	76	ზედა ჟოშხა		22
299	76	ზედა შავრა		22
300	76	ზნაკვა		22
301	76	ხიმში		22
302	76	გოგოლათი		22
303	76	ხონჭიორი		22
304	76	ხოტევი		22
305	76	გორი		22
306	76	გორისუბანი		22
307	76	ბოსტანა		22
308	76	ჭრებალო		22
309	76	ბუგეული		22
310	76	ჭყვიში		22
311	76	პატარა ონი		22
312	76	პირველი ტოლა		22
313	76	კვაცხუთი		22
314	76	კვირკეწმინდა		22
315	76	თხმორი		22
316	76	კაჩაეთი		22
317	76	ლიხეთი		22
318	76	კლდისუბანი		22
319	76	თლუღი		22
320	76	კორტი		22
321	76	კრიხი		22
322	76	იწა		22
323	76	ნამანევი		22
324	76	მეორე ტოლა		22
325	76	ნიკორწმინდა		22
326	76	მოტყიარი		22
327	76	მუხლი		22
328	76	ჟოშხა		22
329	76	ქვედა ჟოშხა		22
330	76	ქვედა ღვარდია		22
331	76	ქვედა შავრი		22
332	76	სხვავა		22
333	76	ტბეთი		22
334	76	ქედისუბანი		22
335	76	სადმელი		22
336	76	სხარტალი		22
337	76	საკეცია		22
338	76	ქვიშარი		22
339	76	ურავი		22
340	76	უყეში		22
341	76	წესი		22
342	76	წკადირი		22
343	76	ძირაგეული		22
344	76	ღადიში		22
345	76	ღვარდია		22
346	76	შხივანა		22
347	76	ღვიარა		22
348	76	ჩორჯო		22
349	76	ცახი		22
350	76	ამბროლაური		22
351	76	ფანაგა		23
352	76	ფაყი		23
353	76	ბავარი		23
354	76	ჭველფი		23
355	76	ჭველიერი		23
356	76	ბაბილი		23
357	76	ახალშენი		23
358	76	ხელედი		23
359	76	გვიმბრალა		23
360	76	ხერია		23
361	76	ხაჩეში		23
362	76	ზესხო		23
363	76	ხოფური		23
364	76	ბულეში		23
365	76	გულიდა		23
366	76	დურაში		23
367	76	კახურა		23
368	76	თეკალი		23
369	76	ლეკოსანდი		23
370	76	ლემზაგორი		23
371	76	ლამანაშური		23
372	76	ლესემა		23
373	76	ლასკადურა		23
374	76	ლექსურა		23
375	76	ლეუშერი		23
376	76	ლეღვანი		23
377	76	ლაშხარაში		23
378	76	ლუჯი		23
379	76	მებეცი		23
380	76	მაზაში		23
381	76	მელე		23
382	76	მელურა		23
383	76	ნანარი		23
384	76	მამი		23
385	76	მარგვიში		23
386	76	ნაღომარი		23
387	76	ნაცული		23
388	76	მუწდი		23
389	76	ჟახუნდერი		23
390	76	ტვიბი		23
391	76	სასაში		23
392	76	საყდარი		23
393	76	რცხმელური		23
394	76	წანაში		23
395	76	წიფლაკაკია		23
396	76	ყვედრეში		23
397	76	ყარიში		23
398	76	შკედი		23
399	76	ჩიხარეში		23
400	76	ღობი		23
401	76	ჩუკული		23
402	76	ცანა		23
403	76	ლენტეხი		23
404	76	ფარახეთი		24
405	76	ფარავნეში		24
406	76	ფსორი		24
407	76	გადამში		24
408	76	ბაჯიხევი		24
409	76	ჭალა		24
410	76	ბარი		24
411	76	ზვარეთი		24
412	76	ხიდეშლები		24
413	76	ჯინჭვისი		24
414	76	გლოლა		24
415	76	ჭიორა		24
416	76	ზუდალი		24
417	76	ხირხონისი		24
418	76	გომი		24
419	76	ხორგითი		24
420	76	ბორცო		24
421	76	ბოყვა		24
422	76	ხურუთი		24
423	76	პიპილეთი		24
424	76	ლაგვანთა		24
425	76	კვაშხიეთი		24
426	76	ლაჩთა		24
427	76	კომანდელი		24
428	76	ირი		24
429	76	ნაკიეთი		24
430	76	მაჟიეთი		24
431	76	ნიგავზები		24
432	76	ნიგზვნარა		24
433	76	ონჭევი		24
434	76	მრავალძალი		24
435	76	ჟაშქვა		24
436	76	სევა		24
437	76	ქვედი		24
438	76	ქვედრულა		24
439	76	სხანარი		24
440	76	საკაო		24
441	76	სხიერი		24
442	76	სამთისი		24
443	76	სომიწო		24
444	76	სორი		24
445	76	ქორთა		24
446	76	სორტუანი		24
447	76	ქრისტესი		24
448	76	უწერა		24
449	76	წედისი		24
450	76	წმენდაური		24
451	76	წოლა		24
452	76	ღები		24
453	76	შეუბანი		24
454	76	შარდომეთი		24
455	76	ღარი		24
456	76	ჩორდი		24
457	76	ღუნდა		24
458	76	შქმერი		24
459	76	ცხმორი		24
460	76	ონი		24
461	76	დეხვირი		25
462	76	გაგულეჩი		25
463	76	გვესო		25
464	76	ჭალისთავი		25
465	76	ბარდნალა		25
466	76	ზედა აღვი		25
467	76	ზედა ლაჯანა		25
468	76	ზედა ლაცორია		25
469	76	ზედა ლუხვანო		25
470	76	ზედა ორბელი		25
471	76	ზედა ღვირიში		25
472	76	ზემო აღვი		25
473	76	ზარაგულა		25
474	76	ალპანა		25
475	76	ზოგიში		25
476	76	ზუბი		25
477	76	ხოჯი		25
478	76	დოღურაში		25
479	76	აღვი		25
480	76	ლახეფა		25
481	76	ლაჯანა		25
482	76	თაბორი		25
483	76	ლაილაში		25
484	76	კენაში		25
485	76	ლასხანა		25
486	76	ლესინდი		25
487	76	ლასურიაში		25
488	76	ლარჩვალი		25
489	76	ლეშკედა		25
490	76	ლაშიჭალა		25
491	76	ლაცორია		25
492	76	ლუხვანო		25
493	76	ისუნდერი		25
494	76	კურცობი		25
495	76	ოფიტარა		25
496	76	მახაში		25
497	76	მახურა		25
498	76	ნაკურალეში		25
499	76	ნასპერი		25
500	76	ორხვი		25
501	76	ორბელი		25
502	76	ოყურეში		25
503	76	ქვედა აღვი		25
504	76	ქვედა ლუხვანო		25
505	76	ქვედა ღვირიში		25
506	76	ქვედა ცაგერი		25
507	76	საირმე		25
508	76	ტვიში		25
509	76	სანორჩი		25
510	76	სპათაგორი		25
511	76	სპათგორი		25
512	76	ქორენიში		25
513	76	უსახელო		25
514	76	ქულბაქი		25
515	76	სურმუში		25
516	76	უცხერი		25
517	76	წიფერჩი		25
518	76	წილამიერი		25
519	76	ჩაიდერი		25
520	76	ღვირიში		25
521	76	ჩხუტელი		25
522	76	ღუ		25
523	76	შუა აღვი		25
524	76	ჩქუმი		25
525	76	ცაგერა		25
526	76	ცხუკუშერი		25
527	76	ცაგერი		25
528	76	ფიროსმანი		26
529	76	ჯაფარიძე		26
530	76	გამარჯვება		26
531	76	ზემო მაჩხაანი		26
532	76	ზემო ქედი		26
533	76	არხილო		26
534	76	არხილოსკალო		26
535	76	არბოშიკი		26
536	76	თავწყარო		26
537	76	ლენინოვკა		26
538	76	ოზაანი		26
539	76	მირზაანი		26
540	76	საბათლო		26
541	76	ქვემო ქედი		26
542	76	სამთაწყარო		26
543	76	წითელწყარო		26
544	76	დედოფლის წყარო		26
545	76	ფიჩხოვანი		27
546	76	ბაბანეური		27
547	76	ახალდაბა		27
548	76	დედისფერული		27
549	76	ხევისჭალა		27
550	76	ახალშენი		27
551	76	ჭართალა		27
552	76	ვეძები		27
553	76	ახშაანი		27
554	76	ბაყილოვანი		27
555	76	ახშნის ველები		27
556	76	ალავერდი		27
557	76	ზემო ხალაწანი		27
558	76	ზემო ალვანი		27
559	76	ზემო კუწახტა		27
560	76	ბირკიანი		27
561	76	ხოდაშენი		27
562	76	ხორხელი		27
563	76	ხორბალო		27
564	76	ჯოყოლო		27
565	76	არგოხი		27
566	76	არაშენდა		27
567	76	დუისი		27
568	76	დუმასტური		27
569	76	ბუღაანი		27
570	76	აწყური		27
571	76	პიტნიანი		27
572	76	კასრისწყალი		27
573	76	კოჯორი		27
574	76	კოღოთო		27
575	76	ნადუქნარი		27
576	76	მატანი		27
577	76	მაღრაანი		27
578	76	ომალო		27
579	76	ოჟიო		27
580	76	საბერო		27
581	76	ქვემო ხალაწანი		27
582	76	ქვემო ალვანი		27
583	76	ქვემო კუწახტა		27
584	76	საბუე		27
585	76	საკობიანო		27
586	76	საჩალე		27
587	76	ქისტაური		27
588	76	ქორეთი		27
589	76	წინუბანი		27
590	76	ძიბხევი		27
591	76	შახვეტილა		27
592	76	ჩაბინაანი		27
593	76	ყვარელწყალი		27
594	76	ჩარექაული		27
595	76	ჩაჩხრიალა		27
596	76	შუა ხალაწანი		27
597	76	ახმეტა		27
598	76	ვაზისუბანი		28
599	76	ვეჯინი		28
600	76	ახაშენი		28
601	76	ველისციხე		28
602	76	ბაკურციხე		28
603	76	ჭანდარი		28
604	76	ჭერემი		28
605	76	დარჩიეთი		28
606	76	ვაჩნაძეაანი		28
607	76	ზეგაანი		28
608	76	ზიარი		28
609	76	ჯიმითი		28
610	76	არაშენდა		28
611	76	გურჯაანი		28
612	76	კახიფარი		28
613	76	კაჭრეთი		28
614	76	კალაური		28
615	76	კარდენახი		28
616	76	კოლაგი		28
617	76	მახარაძე		28
618	76	მელაანი		28
619	76	ნანიანი		28
620	76	მუკუზანი		28
621	76	ქოდალო		28
622	76	ძირკოკი		28
623	76	ჩალაუბანი		28
624	76	შაშიანი		28
625	76	ყიტაანი		28
626	76	ჩუმლაყი		28
627	76	გურჯანი		28
628	76	ფიჩხის ბოგირი		29
629	76	ფოდაანი		29
630	76	ფონა		29
631	76	აფენი		29
632	76	ჭაბუკიანი		29
633	76	ბებურიანი		29
634	76	გელათი		29
635	76	ბალთა		29
636	76	გვიმრიანი		29
637	76	ბაისუბანი		29
638	76	განჯალა		29
639	76	განათლება		29
640	76	ვერხვის მინდორი		29
641	76	ჰერეთისკარი		29
642	76	ვარდისუბანი		29
643	76	ბაღდადი		29
644	76	ხიზაბავრა		29
645	76	ზემო ხეჩილი		29
646	76	ზემო ხიზა		29
647	76	ზემო ბოლქვი		29
648	76	ზემო ნაშოვარი		29
649	76	ზემო მსხალგორი		29
650	76	გიორგეთი		29
651	76	ბოლოკიანი		29
652	76	დონა		29
653	76	ხოშატიანი		29
654	76	გუჯარეთი		29
655	76	არეშფერანი		29
656	76	გურგენიანი		29
657	76	პატარა გორი		29
658	76	ლაფნიანი		29
659	76	კაბალი		29
660	76	კავშირი		29
661	76	თელა		29
662	76	ლელიანი		29
663	76	თამარიანი		29
664	76	კარაჯალა		29
665	76	კართუბანი		29
666	76	ნაინდროვალი		29
667	76	მაწიმი		29
668	76	ნაწისქვილარი		29
669	76	ნინიგორი		29
670	76	მირსკისეული		29
671	76	ონანაური		29
672	76	მშვიდობიანი		29
673	76	ქევხიანი		29
674	76	რაჭისუბანი		29
675	76	ქვემო ხეჩილი		29
676	76	ქვემო ნაშოვარი		29
677	76	ქვემო მსხალგორი		29
678	76	ქვემობოლქვი		29
679	76	სვიდება		29
680	76	ქალქვა		29
681	76	ქალქვა-ნამესრალი		29
682	76	უზუნთალა		29
683	76	სვობოდნოე		29
684	76	საქობო		29
685	76	ულიანოვკა		29
686	76	წიფლის წყარი		29
687	76	წითელი გორა		29
688	76	შეერთება		29
689	76	ჩადუნიანი		29
690	76	შრომა		29
691	76	ცოდნისკარი		29
692	76	ლაგოდეხი		29
693	76	ფშაველი		30
694	76	ვანთა		30
695	76	ვარდისუბანი		30
696	76	აკურა		30
697	76	ხოდაშენი		30
698	76	ართანი		30
699	76	გულგულა		30
700	76	ჯუღაანი		30
701	76	ბუშეტი		30
702	76	პარტიანი		30
703	76	ლაფანყური		30
704	76	ლალისყური		30
705	76	თეთრიწყლები		30
706	76	ლეჩური		30
707	76	კისისხევი		30
708	76	კობაძე		30
709	76	კონდოლი		30
710	76	კურდღელაური		30
711	76	იყალთო		30
712	76	ნაფარეული		30
713	76	ნადიკვარი		30
714	76	ნასამხრალი		30
715	76	ქვემო ხოდაშენი		30
716	76	სანიორე		30
717	76	სეროდანი		30
718	76	რუისპირი		30
719	76	წინანდალი		30
720	76	შალაური		30
721	76	ყარაჯალი		30
722	76	თელავი		30
723	76	ბადიაური		31
724	76	ვერხვიანი		31
725	76	ვერონა		31
726	76	ვაშლოვანი		31
727	76	ხაშმი		31
728	76	დიდი ჩაილური		31
729	76	გიორგიწმინდა		31
730	76	ბოგდანოვკა		31
731	76	ანთოკი		31
732	76	გომბორი		31
733	76	გორანა		31
734	76	დუზაგრამა		31
735	76	ასკილაური		31
736	76	ბურდიანი		31
737	76	პალდო		31
738	76	პატარა ჩაილური		31
739	76	პატარძეული		31
740	76	კაზლარი		31
741	76	კაკაბეთი		31
742	76	ლამბალო		31
743	76	იკვლივ გორანა		31
744	76	კოჭბაანი		31
745	76	თოხლიაური		31
746	76	იორმუღანლო		31
747	76	კრასნოგორსკი		31
748	76	თულარი		31
749	76	მანავი		31
750	76	მარიამჯვარი		31
751	76	ოთარაანთკარი		31
752	76	ნინოწმინდა		31
753	76	მუხროვანი		31
754	76	უდაბნო		31
755	76	ქვემო სამგორის დასახლება		31
756	76	უჯარმა		31
757	76	სასადილო		31
758	76	ქეშალო		31
759	76	რუსიანი		31
760	76	წყაროსთავი		31
761	76	ჩაილური		31
762	76	ყანდაურა		31
763	76	შიბლიანი		31
764	76	საგარეჯო		31
765	76	ვაქირი		32
766	76	ზემო ბოდბე		32
767	76	ზემო მაღარო		32
768	76	ხირსა		32
769	76	ანაგა		32
770	76	ბოდბისხევი		32
771	76	ჭოტორი		32
772	76	ჯუგაანი		32
773	76	ასანური		32
774	76	ერისიმედი		32
775	76	კვენაკელი		32
776	76	მაშინაარი		32
777	76	ნუკრიანი		32
778	76	ქედელი		32
779	76	ქვემო ბოდბე		32
780	76	ქვემო მაჩხაანი		32
781	76	ქვემო მაღარო		32
782	76	საქობო		32
783	76	ტიბაანი		32
784	76	ულიანოვკა		32
785	76	წნორი		32
786	76	ძველი ანაგა		32
787	76	ყარაღაჯი		32
788	76	სიღნაღი		32
789	76	წნორი		32
790	76	გავაზი		33
791	76	ახალსოფელი		33
792	76	ბალღოჯიანი		33
793	76	ჭიკაანი		33
794	76	ალმატი		33
795	76	ენისელი		33
796	76	გრემი		33
797	76	გრძელი ჭალა		33
798	76	თხილისწყარო		33
799	76	თივი		33
800	76	კუჭატანი		33
801	76	მთისძირი		33
802	76	ოქტომბერი		33
803	76	საბუე		33
804	76	სანავარდო		33
805	76	სარუსო		33
806	76	საცხენე		33
807	76	წიწკანაანთსერი		33
808	76	ჩანთლისყურე		33
809	76	შაქრიანი		33
810	76	შილდა		33
811	76	ყვარელი		33
812	76	ფერეთა		34
813	76	ჭაგანჭყვიში		34
814	76	გადიდი		34
815	76	ბაგინეთი		34
816	76	ბაბოთი		34
817	76	ბზვანი		34
818	76	ზედა ბზვანი		34
819	76	ზედა ვანი		34
820	76	ზედა გორა		34
821	76	ზედა მუქედი		34
822	76	დიხაშხო		34
823	76	ზეინდარი		34
824	76	ზენობანი		34
825	76	ამაღლება		34
826	76	გორა		34
827	76	დუცხუნი		34
828	76	ჭყვიში		34
829	76	ინაშური		34
830	76	ისრითი		34
831	76	კუშუბოური		34
832	76	მაისოური		34
833	76	მთისძირი		34
834	76	მიქელეფონი		34
835	76	ონჯოხეთი		34
836	76	მუქედი		34
837	76	ქვედა ბზვანი		34
838	76	ქვედა გორა		34
839	76	ქვედა მუქედი		34
840	76	საპრასია		34
841	76	სალხინო		34
842	76	სალომინაო		34
843	76	უხუთი		34
844	76	ტობანიერი		34
845	76	რომანეთი		34
846	76	სულორი		34
847	76	ტყელვანი		34
848	76	ძულუხი		34
849	76	შუაგორა		34
850	76	შუამთა		34
851	76	ყუმური		34
852	76	ციხესულორი		34
853	76	ციხისუბანი		34
854	76	ვანი		34
855	76	ფარცხნალი		35
856	76	ფონა		35
857	76	ჯაფარეული		35
858	76	ვახანი		35
859	76	ბაბი		35
860	76	ხევი		35
861	76	ბაზალეთი		35
862	76	ახალსოფელი		35
863	76	გედსამანია		35
864	76	დეისი		35
865	76	ხემაღალი		35
866	76	ვანი		35
867	76	ბეჟათუბანი		35
868	76	ჭარტალი		35
869	76	ვერტყვიჭალა		35
870	76	ვერტყვილა		35
871	76	ვარძია		35
872	76	ვაშლევი		35
873	76	დიდვაკე		35
874	76	ზვარე		35
875	76	ზედუბანი		35
876	76	ხიდარი		35
877	76	ზარანი		35
878	76	ამაშუკეთი		35
879	76	გოლათუბანი		35
880	76	გოლისი		35
881	76	ანიულა		35
882	76	ხონი		35
883	76	ბორი		35
884	76	ბორითი		35
885	76	ბჟინევი		35
886	76	გუდაუთუბანი		35
887	76	ერეთა		35
888	76	გრიგალითი		35
889	76	ხუნევი		35
890	76	პატარა სახვლარი		35
891	76	ლახუნდარა		35
892	76	კვესრევი		35
893	76	თეთრაწყარო		35
894	76	ლაშე		35
895	76	ლეღვანი		35
896	76	ლაშის იგორეთი		35
897	76	კიცხი		35
898	76	კიცხის იგორეთი		35
899	76	ისლარი		35
900	76	ნადაბური		35
901	76	ნებოძირი		35
902	76	მარელისი		35
903	76	მაქათუბანი		35
904	76	მიროწმინდა		35
905	76	მოლითი		35
906	76	მოსაკიდელი		35
907	76	ნუნისი		35
908	76	საბე		35
909	76	ქვები		35
910	76	სხლითი		35
911	76	უბისა		35
912	76	სარგვეში		35
913	76	სერბაისი		35
914	76	საქარიქედი		35
915	76	საქასრია		35
916	76	საღანძილე		35
917	76	ქროლი		35
918	76	უჩამეთი		35
919	76	წაქვა		35
920	76	წიფა		35
921	76	წყალაფორეთი		35
922	76	ჩხერი		35
923	76	ღვერკი		35
924	76	ღარიხევი		35
925	76	ღორეშა		35
926	76	ჩრდილი		35
927	76	ღუდუმექეთი		35
928	76	ციცქიური		35
929	76	ხარაგაული		35
930	76	ფერსათი		36
931	76	ხანი		36
932	76	ვარციხე		36
933	76	ზედა ზეგანი		36
934	76	ზედა დიმი		36
935	76	დიდველა		36
936	76	ზეგანი		36
937	76	ალისმერეთი		36
938	76	დიმი		36
939	76	პირველი ფერსათი		36
940	76	პირველი ობჩა		36
941	76	მეორე ფერსათი		36
942	76	მეორე ობჩა		36
943	76	ნერგეეთი		36
944	76	საიმედო		36
945	76	საკრაულა		36
946	76	როხი		36
947	76	როკითი		36
948	76	წაბლარასხევი		36
949	76	წიფა		36
950	76	წითელიხევი		36
951	76	წყალთაშუა		36
952	76	შუბანი		36
953	76	ბაღდათი		36
954	76	ვაჭევი		37
955	76	გეზრული		37
956	76	ხვაშითი		37
957	76	ვაკევისა		37
958	76	ხალიფაური		37
959	76	ვანი		37
960	76	ბერეთისა		37
961	76	ხერგული		37
962	76	დარკვეთი		37
963	76	ზედა ჭალოვანი		37
964	76	ზედა ბერეთისა		37
965	76	ზედა რგანი		37
966	76	ზედა უსახელო		37
967	76	ზედუბანი		37
968	76	დიდი კაცხი		37
969	76	ჭილოვანი		37
970	76	ზოდი		37
971	76	ბიღა		37
972	76	ჯოყოეთი		37
973	76	ბჟინევი		37
974	76	ხრეითი		37
975	76	გუნდაეთი		37
976	76	ბუნიკაური		37
977	76	ეწერი		37
978	76	პერევისა		37
979	76	კვახაჯელეთი		37
980	76	თაბაგრები		37
981	76	თვალუეთი		37
982	76	კალაური		37
983	76	კაცხი		37
984	76	ითხვისი		37
985	76	ნავარძეთი		37
986	76	მელუშეეთი		37
987	76	მანდაეთი		37
988	76	მერევი		37
989	76	მეჩხეთური		37
990	76	ნიგოზეთი		37
991	76	მოხოროთუბანი		37
992	76	მორძგვეთი		37
993	76	მღვიმევი		37
994	76	ქვედა ჭალოვანი		37
995	76	ქვედა ბერეთისა		37
996	76	ქვედა ზოდი		37
997	76	ქვედა უსახელო		37
998	76	რგანი		37
999	76	სვერი		37
1000	76	ქვაციხე		37
1001	76	სალიეთი		37
1002	76	ქბილარი		37
1003	76	საკურწიე		37
1004	76	სარქველეთუბანი		37
1005	76	სკინდორი		37
1006	76	უსახელო		37
1007	76	ტყემლოვანა		37
1008	76	რცხილათი		37
1009	76	წასრი		37
1010	76	წინსოფელი		37
1011	76	წირქვალი		37
1012	76	წყალშავი		37
1013	76	ღვითორი		37
1014	76	ჩხირაული		37
1015	76	შუქრუთი		37
1016	76	ცხრუკვეთი		37
1017	76	ჭიათურა		37
1018	76	ფუთი		38
1019	76	1 სვირი		38
1020	76	ბეგლევი		38
1021	76	აჯამეთი		38
1022	76	აჭარა		38
1023	76	ჭალატყე		38
1024	76	განთიადი		38
1025	76	გამოღმა ბოსლევი		38
1026	76	ბეღლევი		38
1027	76	ზედა საქარა		38
1028	76	ალავერდი		38
1029	76	ზვარე		38
1030	76	დიდი განთიადი		38
1031	76	დილიკაური		38
1032	76	ზოვრეთი		38
1033	76	ბოსლევი		38
1034	76	არგვეთა		38
1035	76	კვალითი		38
1036	76	თვრინი		38
1037	76	კლდეეთი		38
1038	76	ილემი		38
1039	76	კინოთი		38
1040	76	მე-2 სვირი		38
1041	76	მარტოთუბანი		38
1042	76	მწყერიციხე		38
1043	76	ქვედა საზანო		38
1044	76	ქვედა საქარა		38
1045	76	ტაბაკინი		38
1046	76	სადგური სვირი		38
1047	76	სვეტიმაღალი		38
1048	76	სვირი		38
1049	76	სანახშირე		38
1050	76	სასახლე		38
1051	76	საწაბლე		38
1052	76	საღვინე		38
1053	76	ულევი		38
1054	76	რკვია		38
1055	76	როდინაული		38
1056	76	ტყლაპი		38
1057	76	ტყლაპივაკე		38
1058	76	წევა		38
1059	76	წიფლავაკე		38
1060	76	ძირულა		38
1061	76	შორაპანი		38
1062	76	შროშა		38
1063	76	ცხენთარო		38
1064	76	ცხრაწყარო		38
1065	76	ზესტაფონი		38
1066	76	ფერდი კინჩხა		39
1067	76	დედალაური		39
1068	76	ახალბედისეული		39
1069	76	ახალშენი		39
1070	76	გვაშტიბი		39
1071	76	გელავერი		39
1072	76	გამოღმა ნოღა		39
1073	76	ბესიაური		39
1074	76	ზედა კინჩხა		39
1075	76	ხიდი		39
1076	76	დიდი კუხი		39
1077	76	გორდი		39
1078	76	გოჩა-ჯიხაიში		39
1079	76	გუბი		39
1080	76	პატარა ჯიხაიში		39
1081	76	პატარა კუხი		39
1082	76	ივანდიდი		39
1083	76	კინჩხა		39
1084	76	კონტუათი		39
1085	76	კუხი		39
1086	76	ნახახულევი		39
1087	76	მათხოჯი		39
1088	76	საწისქვილო		39
1089	76	საწულუკიძეო		39
1090	76	რონდიში		39
1091	76	სუხჩა		39
1092	76	ქუტირი		39
1093	76	ძეძილეთი		39
1094	76	ღვედი		39
1095	76	ჩაის მეურნეობა		39
1096	76	ხონი		39
1097	76	26 მაისი		40
1098	76	ახალი თერჯოლა		40
1099	76	ჭალასთავი		40
1100	76	ჯგირათი		40
1101	76	ვარდიგორა		40
1102	76	ბარდუბანი		40
1103	76	ზედა ალისუბანი		40
1104	76	ზემო ალისუბანი		40
1105	76	ზემო სიმონეთი		40
1106	76	გოდოგანი		40
1107	76	ჭოგნარი		40
1108	76	გოგნი		40
1109	76	ბროლიქედი		40
1110	76	ეწერი		40
1111	76	კვახჭირი		40
1112	76	თავასა		40
1113	76	თხილთაწყარი		40
1114	76	თხილთაწყარო		40
1115	76	თუზი		40
1116	76	ნავენახევი		40
1117	76	ნაგარევი		40
1118	76	ნახშირღელე		40
1119	76	ოდილაური		40
1120	76	მაჩიტაური		40
1121	76	მაჩიტოური		40
1122	76	მუჯირეთი		40
1123	76	ოქონა		40
1124	76	სეფარეთი		40
1125	76	ქვედა ალისუბანი		40
1126	76	ქვედა სიმონეთი		40
1127	76	საზანო		40
1128	76	ტელეფა		40
1129	76	სათემო		40
1130	76	სარბევი		40
1131	76	სკანდე		40
1132	76	სიქთარვა		40
1133	76	რუფოთი		40
1134	76	წყალწითელა		40
1135	76	ძევრი		40
1136	76	ღვანკითი		40
1137	76	ჩხარი		40
1138	76	ჩხარიეწერი		40
1139	76	ჩიხორი		40
1140	76	თერჯოლა		40
1141	76	დაფნარი		41
1142	76	დაბა კულაში		41
1143	76	ჭაგანი		41
1144	76	დაბლა გომი		41
1145	76	დაბლა ეწერი		41
1146	76	ახალი სოფელი		41
1147	76	ვაზისუბანი		41
1148	76	ბერძნისწყარო		41
1149	76	ბაძგარი		41
1150	76	ბაში		41
1151	76	ზედა ბაში		41
1152	76	ზედა გომი		41
1389	76	ერედა		46
1153	76	ზედა ეწერი		41
1154	76	ჯიხაიში		41
1155	76	დიდი ჯიხაიში		41
1156	76	დიდი ოფეთი		41
1157	76	ხიბლარი		41
1158	76	ჯიგთუბანი		41
1159	76	ზემო აბაშა		41
1160	76	ზემო ნოღა		41
1161	76	ზემო ტოლები		41
1162	76	დობირო		41
1163	76	ჭოგნარი		41
1164	76	გომნატეხები		41
1165	76	გომმუხაყრუა		41
1166	76	გორმაღალი		41
1167	76	ხუნჯულაური		41
1168	76	ბუღნარა		41
1169	76	ეწერი		41
1170	76	პატარა ეწერი		41
1171	76	პატარა ოფეთი		41
1172	76	პირველი ეწერ-ბაში		41
1173	76	პირველი მიწაბოგირა		41
1174	76	თხილაგანი		41
1175	76	კეთილაური		41
1176	76	კვიმრალა კეჭინარი		41
1177	76	კვირიკე		41
1178	76	იანეთი		41
1179	76	კიბულა		41
1180	76	კორმაღალი		41
1181	76	კულაში		41
1182	76	ოფეთი		41
1183	76	მე-2 ნინუა კუთხე		41
1184	76	ნაბაკევი		41
1185	76	მელაური		41
1186	76	მეორე ეწერ-ბაში		41
1187	76	მეორე მიწაბოგირა		41
1188	76	ნაწილოფეთი		41
1189	76	ნიგორზღვა		41
1190	76	მთისძირი		41
1191	76	ნინოშვილი		41
1192	76	ნინუა კუთხე		41
1193	76	მიწაბოგირა		41
1194	76	ნოღა		41
1195	76	მტერჩვეული		41
1196	76	ქვედა ბაში		41
1197	76	საჯავახო		41
1198	76	ქვემო აბაშა		41
1199	76	ქვემო ნოღა		41
1200	76	ტოლები		41
1201	76	წიაღუბანი		41
1202	76	ჩხენიში		41
1203	76	ღანირი		41
1204	76	შუა ბაში		41
1205	76	ცივწყალა		41
1206	76	სამტრედია		41
1207	76	ბაჯითი		42
1208	76	ბახიოთი		42
1209	76	ხვანი		42
1210	76	ჭალა		42
1211	76	ჯალაურთა		42
1212	76	ვაკისა		42
1213	76	ჭალოვანი		42
1214	76	გამოღმა არგვეთი		42
1215	76	დარყა		42
1216	76	გაღმა არგვეთი		42
1217	76	გაღმა მთა		42
1218	76	ზედა ორღული		42
1219	76	ეთო-ეხვევი		42
1220	76	გოგოლაძეები		42
1221	76	ჭორვილა		42
1222	76	გორისა		42
1223	76	არგვეთა		42
1224	76	არგვეთი		42
1225	76	დრბო		42
1226	76	ჯრია		42
1227	76	დუნთა		42
1228	76	დურევი		42
1229	76	ჭურნალი		42
1230	76	პერევი		42
1231	76	პასიეთი		42
1232	76	ივანწმინდა		42
1233	76	კაპანაძეები		42
1234	76	კალვათა		42
1235	76	ლიჩი		42
1236	76	კორბოული		42
1237	76	იტავაზა		42
1238	76	იცქისი		42
1239	76	მახათაური		42
1240	76	მაჭარაშვილები		42
1241	76	მერჯევი		42
1242	76	ნიგვზარა		42
1243	76	მოხვა		42
1244	76	მოძვი		42
1245	76	ორღული		42
1246	76	ქვედა ორღული		42
1247	76	ქვედა ქარზმანი		42
1248	76	სავანე		42
1249	76	სხვიტორი		42
1250	76	ქვემოხევი		42
1251	76	საკოხია		42
1252	76	საირხე		42
1253	76	უზუნთა		42
1254	76	სარეკი		42
1255	76	ქარძმანი		42
1256	76	სპეთი		42
1257	76	სინაგური		42
1258	76	სისვაძეები		42
1259	76	ქორეთი		42
1260	76	შალაური		42
1261	76	ჩიხა		42
1262	76	ღოდორა		42
1263	76	ღონა		42
1264	76	შომახეთი		42
1265	76	ცხამი		42
1266	76	ცხომარეთი		42
1267	76	საჩხერე		42
1268	76	ქუთაისი		43
1269	76	დაბაძველი		44
1270	76	ახალდაბა		44
1271	76	ახალსოფელი		44
1272	76	ჯვარისა		44
1273	76	გელათი		44
1274	76	ბზიაური		44
1275	76	ზედა ჭყეპი		44
1276	76	ზედუბანი		44
1277	76	ბობოთი		44
1278	76	ჯონია		44
1279	76	ანტორია		44
1280	76	ხოჩანა		44
1281	76	ბუეთი		44
1282	76	ხრესილი		44
1283	76	გურნა		44
1284	76	ჭყეპი		44
1285	76	ლაფეთი		44
1286	76	ივანეული		44
1287	76	ლეღვა		44
1288	76	ლეყერეთი		44
1289	76	ლაშია		44
1290	76	კითხიჯი		44
1291	76	კისორეთი		44
1292	76	კოკა		44
1293	76	კორეეთი		44
1294	76	კურსები		44
1295	76	ნაბოსლევი		44
1296	76	მანდიკორი		44
1297	76	მანჭიორი		44
1298	76	ოჯოლა		44
1299	76	ოხომირა		44
1300	76	ნაძვა		44
1301	76	მოწამეთა		44
1302	76	მუხურა		44
1303	76	ორპირი		44
1304	76	ქვედა ჭყეპი		44
1305	76	სამტრედია		44
1306	76	საწირე		44
1307	76	სოჩხეთი		44
1308	76	წყალწითელა		44
1309	76	წყნორი		44
1310	76	ძიროვანი		44
1311	76	ძმუისი		44
1312	76	ძუყნური		44
1313	76	შუყერი		44
1314	76	ციხია		44
1315	76	ცუცხვათი		44
1316	76	ტყიბული		44
1317	76	ფარცხანაყანები		45
1318	76	გეგუთი		45
1319	76	გვიშტიბი		45
1320	76	ვანისჭალა		45
1321	76	ბენთქოულა		45
1322	76	ბანოჯა		45
1323	76	დერჩი		45
1324	76	ჭაშლეთი		45
1325	76	ზედა მესხეთი		45
1326	76	ზარათი		45
1327	76	ჯიმასტარო		45
1328	76	ჭოლევი		45
1329	76	ხომული		45
1330	76	გუბის წყალი		45
1331	76	გუმათი		45
1332	76	გუმბრა		45
1333	76	გუმბრინი		45
1334	76	ბროწეულა		45
1335	76	დღნორისა		45
1336	76	პატრიგეთი		45
1337	76	პატრიკეთი		45
1338	76	პირველი წყალტუბო		45
1339	76	ლეხიდრისთავი		45
1340	76	თერნალი		45
1341	76	ოფურჩხეთი		45
1342	76	ოფშკვითი		45
1343	76	მამაწმინდა		45
1344	76	ნამოხვანი		45
1345	76	მეორეუბანი		45
1346	76	მესხეთი		45
1347	76	მექვენა		45
1348	76	მაღლაკი		45
1349	76	ონჭეიში		45
1350	76	მუხიანი		45
1351	76	ჟონეთი		45
1352	76	ქვემო მესხეთი		45
1353	76	ქვილიშორი		45
1354	76	საკირე		45
1355	76	ქვიტირი		45
1356	76	საჩხეურა		45
1357	76	საყულია		45
1358	76	უკანეთი		45
1359	76	რიონი		45
1360	76	სორმონი		45
1361	76	ტყაჩიბი		45
1362	76	ტყაჩირი		45
1363	76	წყალტუბო		45
1364	76	ჩუნეში		45
1365	76	ყუმისთავი		45
1366	76	ცხუნკური		45
1367	76	წყალტუბო		45
1368	76	დაბაკნეთი		46
1369	76	ახალდაბა		46
1370	76	გეზევრეთი		46
1371	76	დადიანეთი		46
1372	76	ბაზუაანი		46
1373	76	ბალაანი		46
1374	76	დელკანი		46
1375	76	ახლოურები		46
1376	76	ახმაჯი		46
1377	76	ბეჟანტყევი		46
1378	76	ხარბალი		46
1379	76	გარუბანი		46
1380	76	ვაშლოვანი		46
1381	76	ალევი		46
1382	76	ზემო ბოლი		46
1383	76	ზოდეხი		46
1384	76	ელოიანი		46
1385	76	ბოლი		46
1386	76	დორეთკარი		46
1387	76	ჭორჭოხი		46
1388	76	დოჩიანი		46
1390	76	გუდაწვერი		46
1391	76	გრუ		46
1392	76	პავლიანი		46
1393	76	ლარგვისი		46
1394	76	კარელთკარი		46
1395	76	იკოთი		46
1396	76	თინიკაანი		46
1397	76	თოხთა		46
1398	76	ლოთიანი		46
1399	76	კორინთა		46
1400	76	ნახიდი		46
1401	76	მახიარეთი		46
1402	76	ნაგომევი		46
1403	76	მარტიანი		46
1404	76	მიდელაანი		46
1405	76	მოჭალიეთი		46
1406	76	მორბედაანი		46
1407	76	მოსაბრუნი		46
1408	76	მშველიეთი		46
1409	76	ქვემო ბოლი		46
1410	76	სალბიერი		46
1411	76	ქენქაანი		46
1412	76	საძეგური		46
1413	76	უკანამხარე		46
1414	76	ქურთა		46
1415	76	წიპტაურიანი		46
1416	76	წირქოლი		46
1417	76	ძეგლევი		46
1418	76	ყველდაბა		46
1419	76	ჩანდარი		46
1420	76	ყანჩავეთი		46
1421	76	ჩიტიაანი		46
1422	76	ცხავატი		46
1423	76	ახალგორი		46
1424	76	ფახვიჯი		47
1425	76	ფასანაური		47
1426	76	ფიჭვიანი		47
1427	76	ფუძნარი		47
1428	76	აფშო		47
1429	76	ბაგა		47
1430	76	ხადა		47
1431	76	ჯავახიანთკარი		47
1432	76	ხახაბო		47
1433	76	ახადი		47
1434	76	დავათი		47
1435	76	ბახანი		47
1436	76	ბაგიჭალა		47
1437	76	ბაზალეთი		47
1438	76	ახალი კადოეთი		47
1439	76	ახალი ოსები		47
1440	76	ახალი ტონჩა		47
1441	76	ახალშენი		47
1442	76	ახალციხე		47
1443	76	ხახმატი		47
1444	76	ბედონი		47
1445	76	აბანოსხევი		47
1446	76	ახატანი		47
1447	76	ხევშა		47
1448	76	ხევშე		47
1449	76	გვიდაქე		47
1450	76	ველთაურთკარი		47
1451	76	ბზიკუტთკარი		47
1452	76	ჭალისუბანი		47
1453	76	ბაკურხევი		47
1454	76	ბეკურიანი		47
1455	76	ხეობა		47
1456	76	დგნალი		47
1457	76	ხანდო		47
1458	76	ბენიან ბეგონი		47
1459	76	ებნისი		47
1460	76	გამსი		47
1461	76	ხამუშა		47
1462	76	ბანცურები		47
1463	76	ბეჟიტაანი		47
1464	76	ხარხეთი		47
1465	76	ბაქაქურები		47
1466	76	ჭართალი		47
1467	76	ბარისახო		47
1468	76	ვარსიმაანთკარი		47
1469	76	ხარტიშო		47
1470	76	ბარცერი		47
1471	76	ვარცლა		47
1472	76	ვეძათხევი		47
1473	76	ჭაშა		47
1474	76	ვეშაგურნი		47
1475	76	ვაშლობი		47
1476	76	ჯაღმიანი		47
1477	76	დიდებაანი		47
1478	76	ეთვალისი		47
1479	76	ჭივილაანები		47
1480	76	ბიბილაანი		47
1481	76	ზანდუკი		47
1482	76	ზემო ხორხი		47
1483	76	ზემო არანისი		47
1484	76	ზემო ბულაჩაური		47
1485	76	ზემო კოდისწყარო		47
1486	76	ზემო მლეთა		47
1487	76	ზემო შუახევი		47
1488	76	ზემოაში		47
1489	76	ზენუბანი		47
1490	76	ზაქანი		47
1491	76	დიხჩო		47
1492	76	ჭიკაანი		47
1493	76	ხილიანა		47
1494	76	ჭილურტი		47
1495	76	ათნოხი		47
1496	76	გიორგიწმინდა		47
1497	76	ზოტიკიანთკარი		47
1498	76	ჭიჩო		47
1499	76	ბიჩნიგაურები		47
1500	76	ბოდავი		47
1501	76	ანდაქი		47
1502	76	გოგნაური		47
1503	76	გოგოლაურთა		47
1504	76	ბოდორნა		47
1505	76	ანანური		47
1506	76	ჭოპორტი		47
1507	76	დოლასქედი		47
1508	76	დოლოშა		47
1509	76	ამირნი		47
1510	76	გომეწარი		47
1511	76	ხომი		47
1512	76	ხონიჭალა		47
1513	76	ჭონტილი		47
1514	76	ხორხი		47
1515	76	ბოსელი		47
1516	76	ჭორმეშავი		47
1517	76	გოძიანი		47
1518	76	ხოშარა		47
1519	76	არახვეთი		47
1520	76	არაგვისპირი		47
1521	76	გუდანი		47
1522	76	გუდარახი		47
1523	76	დუდაურები		47
1524	76	არბოეთი		47
1525	76	გრემისხევი		47
1526	76	არანისი		47
1527	76	არდოტი		47
1528	76	გუდრუხი		47
1529	76	გრიგოლაანთკარი		47
1530	76	ბულაჩაური		47
1531	76	დუმაცხო		47
1532	76	გურგალველი		47
1533	76	ბუსნიჭალა		47
1534	76	ბურღულები		47
1535	76	ბუჩაანი		47
1536	76	ჯუღისი		47
1537	76	არღუნი		47
1538	76	აში		47
1539	76	პავლეური		47
1540	76	პეტრიაანი		47
1541	76	პირმისაანთკარი		47
1542	76	პირსიმაანთკარი		47
1543	76	ლაფანაანი		47
1544	76	ლაფანაანთკარი		47
1545	76	ლაზვიაანი		47
1546	76	თვალივი		47
1547	76	კადოეთი		47
1548	76	ლაკათხევი		47
1549	76	თხილიანი		47
1550	76	თხინალავა		47
1551	76	კენჭაკლდე		47
1552	76	კანატეა		47
1553	76	თამარაანი		47
1554	76	თანიაანთკარი		47
1555	76	თანიანთკარი		47
1556	76	ლამოვანი		47
1557	76	კარიაულთკარი		47
1558	76	კაწალხევი		47
1559	76	კიტოხი		47
1560	76	ილტოზა		47
1561	76	კობიანთკარი		47
1562	76	კოდისწყარო		47
1563	76	თოთიაურები		47
1564	76	თოთიაური		47
1565	76	ინო		47
1566	76	თორელაანი		47
1567	76	თორელი		47
1568	76	იორი		47
1569	76	კორშა		47
1570	76	იუხი		47
1571	76	იუხო		47
1572	76	ლუთხუბი		47
1573	76	კუსრაანი		47
1574	76	მჭადიჯვარი		47
1575	76	მჭედლიანთკარი		47
1576	76	ნადიბანი		47
1577	76	მეზვრიანთკარი		47
1578	76	ნაგლიანთკარი		47
1579	76	მეჯილაურნი		47
1580	76	მათურა		47
1581	76	მანასეურები		47
1582	76	მენესო		47
1583	76	მაქართა		47
1584	76	მაქართე		47
1585	76	ნეძიხი		47
1586	76	ნაღვარევი		47
1587	76	მაღარო		47
1588	76	მაღრანი		47
1589	76	მთვარელაანთკარი		47
1590	76	მლეთა		47
1591	76	მიგრიალთა		47
1711	76	დორეულები		48
1592	76	მიგრიაულები		47
1593	76	მიგრიაულთა		47
1594	76	მლაშე		47
1595	76	მილახვრიანთკარი		47
1596	76	მიქელიანი		47
1597	76	მიშელაანი		47
1598	76	ნოჯიკეთი		47
1599	76	მუგუდა		47
1600	76	მუქო		47
1601	76	მუცო		47
1602	76	მწელიანი		47
1603	76	მწითურები		47
1604	76	ოძისი		47
1605	76	ჟინვალი		47
1606	76	სეფე		47
1607	76	ქვედედობა		47
1608	76	ქედელობა		47
1609	76	ქავთარაანი		47
1610	76	ქვემო არანისი		47
1611	76	ქვემო მლეთა		47
1612	76	ქვემოაში		47
1613	76	ქვეშეთი		47
1614	76	სალაჯური		47
1615	76	ქალილო		47
1616	76	ქაისხევი		47
1617	76	საკრამული		47
1618	76	ქვიტკირის წყარო		47
1619	76	სეთურები		47
1620	76	ქერანა		47
1621	76	ქერიაანთკარი		47
1622	76	ქარქუსაანი		47
1623	76	საშაბურო		47
1624	76	საჩალისჭალა		47
1625	76	საცხავატლო		47
1626	76	სიჯანაანი		47
1627	76	უკაკანამხარე		47
1628	76	უკანაფშავი		47
1629	76	უკანამხარი		47
1630	76	უნდილაანი		47
1631	76	უნდილაანთკარი		47
1632	76	სონდა		47
1633	76	სონდის ველა		47
1634	76	ტონჩა		47
1635	76	როსტიანი		47
1636	76	როშკა		47
1637	76	ქუბლიანი		47
1638	76	ქუბრიაანთკარი		47
1639	76	ქუბრიანი		47
1640	76	სულიკიანთკარი		47
1641	76	სწროფავი		47
1642	76	უძილაურთა		47
1643	76	წიფლიაანი		47
1644	76	წიფორი		47
1645	76	წიფრანი		47
1646	76	წკერე		47
1647	76	წითელი კლდე		47
1648	76	წითელისოფელი		47
1649	76	წითელსოფელი		47
1650	76	წითლიანი		47
1651	76	წინამხარი		47
1652	76	წინკობანი		47
1653	76	წიწამურა		47
1654	76	წიწემურა		47
1655	76	ძველი ოსები		47
1656	76	ძველი ჟინვალი		47
1657	76	ძებისანი		47
1658	76	ყვავილი		47
1659	76	ჩაბარუხი		47
1660	76	ყველაანი		47
1661	76	შალიკაანთკარი		47
1662	76	შალიკიანთკარი		47
1663	76	ჩანადირები		47
1664	76	შარახევი		47
1665	76	ჩარგალი		47
1666	76	შატილი		47
1667	76	ღარისწყარო		47
1668	76	ყარსიმაანთკარი		47
1669	76	ჩიხაანები		47
1670	76	ჩინთი		47
1671	76	ჩირდილელიაანთკარი		47
1672	76	ჩიტაურები		47
1673	76	ჩირიკი		47
1674	76	ჩობალურნი		47
1675	76	ჩოხი		47
1676	76	შუაფხო		47
1677	76	შუახევი		47
1678	76	ჩუბინიანთკარი		47
1679	76	ღული		47
1680	76	ცხვედიეთი		47
1681	76	ციხევდავი		47
1682	76	ციხევდავრი		47
1683	76	ციხისუბანი		47
1684	76	ციხისძირი		47
1685	76	ციგრიაანთკარი		47
1686	76	ცივწყარო		47
1687	76	დუშეთი		47
1688	76	ფიჭვიანი		48
1689	76	ბადაანი		48
1690	76	დევენაანთხევი		48
1691	76	ახალსოფელი		48
1692	76	ხადოელები		48
1693	76	ხევსურთსოფელი		48
1694	76	ბალებისხევი		48
1695	76	ევჟენტი		48
1696	76	ვერხველი		48
1697	76	ჯერვალიძეები		48
1698	76	ვეძათხევა		48
1699	76	ალაჭანი		48
1700	76	ჯიჯეთი		48
1701	76	ზემო ნაქალაქარი		48
1702	76	ზარიძეები		48
1703	76	ჭიაურა		48
1704	76	ალოტი		48
1705	76	ზურაბები		48
1706	76	ხოფცა		48
1707	76	ბოდახევა		48
1708	76	გოჯიაანები		48
1709	76	ბოჭორმა		48
1710	76	გორანა		48
1712	76	გუდანელები		48
1713	76	დულუზაურები		48
1714	76	ჭურჭელაურები		48
1715	76	არტანი		48
1716	76	გრძელველი		48
1717	76	აშენებები		48
1718	76	თეგერაანები		48
1719	76	ლახატო		48
1720	76	კახოიანები		48
1721	76	კვერნაულა		48
1722	76	ლელოვანი		48
1723	76	თეთრახევა		48
1724	76	თეთრაულები		48
1725	76	კვირიისხევი		48
1726	76	იარაჯულები		48
1727	76	ლიშო		48
1728	76	თოლენჯი		48
1729	76	თრანი		48
1730	76	ნადოკრა		48
1731	76	მაგრანეთი		48
1732	76	მელიასხევი		48
1733	76	მამადაანები		48
1734	76	ნაქალაქარი		48
1735	76	ომარაანი		48
1736	76	ორხევი		48
1737	76	ჟებოტა		48
1738	76	სახევი		48
1739	76	საჯინიბო		48
1740	76	ქვემო არტანი		48
1741	76	ქვემო ნაქალაქარი		48
1742	76	სხლოვანი		48
1743	76	საკრეჭიო		48
1744	76	საყდრიონი		48
1745	76	სიონი		48
1746	76	სიონთგორი		48
1747	76	სიმონიანთხევი		48
1748	76	ტოლათსოფელი		48
1749	76	ქუშხევი		48
1750	76	ტუშურები		48
1751	76	წივლიანთკარი		48
1752	76	წყაროთუბანი		48
1753	76	ძებნიაურები		48
1754	76	ჩაბანო		48
1755	76	ჩეკურაანთგორი		48
1756	76	შარახევი		48
1757	76	ყუდრო		48
1758	76	ღულელები		48
1759	76	ცალუღელაანთკარი		48
1760	76	თიანეთი		48
1761	76	ფრეზეთი		49
1762	76	ახალდაბა		49
1763	76	ახალი ნიჩბისი		49
1764	76	ახალი სოფელი		49
1765	76	ვაზიანი		49
1766	76	ახალუბანი		49
1767	76	ბევრეთი		49
1768	76	გალავანი		49
1769	76	ხეკორძი		49
1770	76	ვარდისუბანი		49
1771	76	ზემო ნიჩბისი		49
1772	76	ზაქარო		49
1773	76	ბიწმენდი		49
1774	76	ჯიღაურა		49
1775	76	გოროვანი		49
1776	76	ერედა		49
1777	76	არაშენდა		49
1778	76	აღდგომიანთკარი		49
1779	76	პატარა ქანდა		49
1780	76	თეზამი		49
1781	76	კევლიანი		49
1782	76	კარსანი		49
1783	76	ლისი		49
1784	76	კოტორაანთკარი		49
1785	76	ნავაზარი		49
1786	76	ნავდარაანთკარი		49
1787	76	მამკოდა		49
1788	76	ნატახტარი		49
1789	76	მისაქციელი		49
1790	76	ნიჩბისი		49
1791	76	მუხადგვერდი		49
1792	76	მუხათგვერდი		49
1793	76	მსხალდიდი		49
1794	76	მუხათწყარო		49
1795	76	მუხრანი		49
1796	76	უფურეთი		49
1797	76	ქვემო ნიჩბისი		49
1798	76	საგურამო		49
1799	76	ქანდა		49
1800	76	სასხორი		49
1801	76	ქსანი		49
1802	76	ქსოვრისი		49
1803	76	წეროვანი		49
1804	76	წილკანი		49
1805	76	წინამძღვრიანთკარი		49
1806	76	წიწამური		49
1807	76	წოდორეთი		49
1808	76	ძეგვი		49
1809	76	ძველი ქანდა		49
1810	76	ძალისი		49
1811	76	შანკევანი		49
1812	76	ჩარდახი		49
1813	76	ცხვარიჭამია		49
1814	76	ციხისძირი		49
1815	76	მცხეთა		49
1816	76	ფხელშა		50
1817	76	ფხელშე		50
1818	76	ფანშეტი		50
1819	76	ახალციხე		50
1820	76	განისი		50
1821	76	გარბანი		50
1822	76	გერგეტი		50
1823	76	ვარდისუბანი		50
1824	76	ალმასიანი		50
1825	76	გორისციხე		50
1826	76	გუდაური		50
1827	76	ჯუთა		50
1828	76	ხურთისი		50
1829	76	არშა		50
1830	76	აჩხოტი		50
1831	76	კარკუჩა		50
1832	76	კობი		50
1833	76	უხათი		50
1834	76	სიონი		50
1835	76	სნო		50
1836	76	ქოსელნი		50
1837	76	სტეფანწმინდა		50
1838	76	ქუმლის ციხე		50
1839	76	ტყარშეტი		50
1840	76	ყანობი		50
1841	76	ცდო		50
1842	76	დაბა სტეფანწმინდა		50
1843	76	ყაზბეგი		50
1844	76	ფოთი		51
1845	76	გეზათი		52
1846	76	აბაშისპირი		52
1847	76	განათლებისკარი		52
1848	76	გამოღმა ზანათი		52
1849	76	გამოღმა კოდორი		52
1850	76	გაუწყინარი		52
1851	76	გაღმა ზანათი		52
1852	76	გაღმა კოდორი		52
1853	76	ზანათი		52
1854	76	გუგუნაყათი		52
1855	76	ბულვანი		52
1856	76	გულიკარი		52
1857	76	გულუხეთი		52
1858	76	ეწერი		52
1859	76	პირველი მაისი		52
1860	76	კეთილარი		52
1861	76	თხმელარი		52
1862	76	კოდორი		52
1863	76	ნაესაკაო		52
1864	76	მაიდანი		52
1865	76	მეორე ონტოფო		52
1866	76	მარანჭალა		52
1867	76	მარანი		52
1868	76	ნორიო		52
1869	76	ონტოფო		52
1870	76	სეფიეთი		52
1871	76	საგვაზაო		52
1872	76	საბოკუჩავო		52
1873	76	სახოშტარიო		52
1874	76	ქვიშანჭალა		52
1875	76	სამიქაო		52
1876	76	ქოლობანი		52
1877	76	სუჯუნა		52
1878	76	ტყვირი		52
1879	76	წყემი		52
1880	76	ძველი აბაშა		52
1881	76	ძიგური		52
1882	76	აბაშა		52
1883	76	ახალაბასთუმანი		53
1884	76	ახალკახათი		53
1885	76	ახალსოფელი		53
1886	76	აბასთუმანი		53
1887	76	განარჯიის მუხური		53
1888	76	ჭაქვინჯი		53
1889	76	დარჩელი		53
1890	76	ზედაეწერი		53
1891	76	ჭკადუაში		53
1892	76	ჯიხასკარი		53
1893	76	დიდინეძი		53
1894	76	ჭითაწყარი		53
1895	76	ანაკლია		53
1896	76	ერგეტა		53
1897	76	გრიგოლიში		53
1898	76	კახათი		53
1899	76	ინგირი		53
1900	76	კოკი		53
1901	76	კორცხელი		53
1902	76	ოდიში		53
1903	76	ნარაზენი		53
1904	76	ნაცატუ		53
1905	76	ოირემე		53
1906	76	ორსანტია		53
1907	76	ორული		53
1908	76	ოქტომბერი		53
1909	76	რიყე		53
1910	76	რუხი		53
1911	76	ურთა		53
1912	76	ტყაია		53
1913	76	შამგონა		53
1914	76	ჩხორია		53
1915	76	ყულიშკარი		53
1916	76	ცაიში		53
1917	76	ზუგდიდი		53
1918	76	ახალი ხიბულა		54
1919	76	ახალი სოფელი		54
1920	76	ხეთა		54
1921	76	ჭალადიდი		54
1922	76	ხამისქური		54
1923	76	ბია		54
1924	76	ზემო ქვალონი		54
1925	76	ალიონი		54
1926	76	ბულიწყუ		54
1927	76	გურიფული		54
1928	76	პატარა ფოთი		54
1929	76	პირველი ხორგა		54
1930	76	პირველი მაისი		54
1931	76	თორსა		54
1932	76	თორსა-დღვაბა		54
1933	76	მეორე გურიფული		54
1934	76	ნოჯიხევი		54
1935	76	საგვიჩიო		54
1936	76	საჯიჯაო		54
1937	76	ქვემო ქვალონი		54
1938	76	ქარიატა		54
1939	76	ძველი ხიბულა		54
1940	76	შუა ხორგა		54
1941	76	ყულევი		54
1942	76	ხობი		54
1943	76	ვახა		55
1944	76	აბედათი		55
1945	76	გაჭედილი		55
1946	76	ვედიდკარი		55
1947	76	ბალდა		55
1948	76	ბანძა		55
1949	76	ზედა ხუნწი		55
1950	76	ზედა ნაგვაზაო		55
1951	76	დიდი ჭყონი		55
1952	76	დობერარზენი		55
1953	76	ჯოლევი		55
1954	76	ბომბოთი		55
1955	76	დოშაყე		55
1956	76	ხუნწი		55
1957	76	გურძემი		55
1958	76	ეწერი		55
1959	76	დღვანა		55
1960	76	პატარა თამაკონი		55
1961	76	პატარა ინჩხური		55
1962	76	პატარა ნამიკოლაო		55
1963	76	პირველი ბალდა		55
1964	76	პირველი გურძემი		55
1965	76	ლედგებე		55
1966	76	ლეხაინდრაო		55
1967	76	თამაკონი		55
1968	76	ლემიქავე		55
1969	76	ლექაჯაიე		55
1970	76	თარგამეული		55
1971	76	ლეცავე		55
1972	76	კიწია		55
1973	76	ინჩხური		55
1974	76	კურზუ		55
1975	76	ნაგვაზაო		55
1976	76	ნაჯახაო		55
1977	76	ნაგებერაო		55
1978	76	მახათი		55
1979	76	ნახარებაო		55
1980	76	ნახუნაო		55
1981	76	ნალეფსაო		55
1982	76	მეორე კიწია		55
1983	76	მესამე ბალდა		55
1984	76	ნოჯიხევი		55
1985	76	ნობულევი		55
1986	76	ონოღია		55
1987	76	მუხურჩა		55
1988	76	ორქა		55
1989	76	ოჩე		55
1990	76	ქვედა ხუნწი		55
1991	76	ქვედა ნაგვაზაო		55
1992	76	საბერულავე		55
1993	76	საელიაო		55
1994	76	ქვაითი		55
1995	76	სალხინო		55
1996	76	ტალერი		55
1997	76	სერგიეთი		55
1998	76	მარტვილი		55
1999	76	ფარი		56
2000	76	ფხუტრერი		56
2001	76	ხე		56
2002	76	გვალდერი		56
2003	76	ახალშენი		56
2004	76	ჭელირი		56
2005	76	ხაიში		56
2006	76	ადიში		56
2007	76	ებუთი		56
2008	76	ბარში		56
2009	76	გაღმა ხაიში		56
2010	76	ზედა ვედი		56
2011	76	ზედა მარღი		56
2012	76	ზედა წვირმინდი		56
2013	76	ზეგანი		56
2014	76	ზარგალი		56
2015	76	ელი		56
2016	76	ჭკიდანარი		56
2017	76	ბოგდანარი		56
2018	76	ბოგრეში		56
2019	76	ჭოხულდი		56
2020	76	დოლასვიფი		56
2021	76	ჭოლაში		56
2022	76	დოლი		56
2023	76	ჭუბერი		56
2024	76	არცხელი		56
2025	76	ეცერი		56
2026	76	იფხი		56
2027	76	იფარი		56
2028	76	იფრალი		56
2029	76	ლახამი		56
2030	76	ლახამულა		56
2031	76	ლეზგარა		56
2032	76	ლადლერი		56
2033	76	ლაჰილი		56
2034	76	ლახირი		56
2035	76	კვანჭიანარი		56
2036	76	ლადრერი		56
2037	76	კაერი		56
2038	76	ლახუშდი		56
2039	76	ლაბსყალდი		56
2040	76	ლალხორი		56
2041	76	კალაში		56
2042	76	იდლიანი		56
2043	76	ლეკულმახა		56
2044	76	იენაში		56
2045	76	ლანტელი		56
2046	76	ლემსია		56
2047	76	ლატალი		56
2048	76	ლარილარი		56
2049	76	ლეწფერი		56
2050	76	ლაშხლერი		56
2051	76	ლაშთხვერი		56
2052	76	ლეშუკვი		56
2053	76	ისკარი		56
2054	76	მაგარდელი		56
2055	76	მაზერი		56
2056	76	ნაკი		56
2057	76	ნაკიფარი		56
2058	76	ნაკრა		56
2059	76	ნესგუნი		56
2060	76	მაცხვარიში		56
2061	76	ნოდაში		56
2062	76	მურშკელი		56
2063	76	მურყმელი		56
2064	76	ჟაბეში		56
2065	76	ჟამუში		56
2066	76	ჟიბიანი		56
2067	76	ქვედა ვედი		56
2068	76	ქვედა მარღი		56
2069	76	ტვებიში		56
2070	76	სვიფი		56
2071	76	ტვიბერი		56
2072	76	ქართვანი		56
2073	76	სგურიში		56
2074	76	ქაშვეთი		56
2075	76	სიფი		56
2076	76	სიდიანარი		56
2077	76	სკორმეთი		56
2078	76	სოლი		56
2079	76	ქურაში		56
2080	76	უშხვანარი		56
2081	76	წვირმი		56
2082	76	ღვებალდი		56
2083	76	ჩვაბიანი		56
2084	76	ღვებრა		56
2085	76	ჩვიბიანი		56
2086	76	ჩაჟაში		56
2087	76	ყარი		56
2088	76	ღეშდერი		56
2089	76	ჩობანი		56
2090	76	შყალერი		56
2091	76	ცალდაში		56
2092	76	ციცხვარი		56
2093	76	მესტია		56
2094	76	ფოცხო		57
2095	76	გეჯეთი		57
2096	76	ახალსოფელი		57
2097	76	ჭალადიდი		57
2098	76	ბეთლემი		57
2099	76	ზანა		57
2100	76	ზემო ჭალადიდი		57
2101	76	ეკი		57
2102	76	გოლასკური		57
2103	76	ხორში		57
2104	76	ეწერი		57
2105	76	ლეგოგია		57
2106	76	კვაუთი		57
2107	76	თეკლათი		57
2108	76	ლეძაძამე		57
2109	76	მენჯი		57
2110	76	მეორე ნოსირი		57
2111	76	ნოქალაქევი		57
2112	76	ნოსირი		57
2113	76	ქვედა სორტა		57
2114	76	საგადელიო		57
2115	76	საბესელიო		57
2116	76	საბოხუო		57
2117	76	საესებუო		57
2118	76	რეკა		57
2119	76	საკვაშალიო		57
2120	76	საკილასონიო		57
2121	76	საოდიშარიო		57
2122	76	საჟვანიო		57
2123	76	სასიმონიო		57
2124	76	სასირიო		57
2125	76	სატყებუჩაო		57
2126	76	საშურღაიო		57
2127	76	უშაფათი		57
2128	76	ტყირი		57
2129	76	ძველი სენაკი		57
2130	76	შუა ნოსირი		57
2131	76	სენაკი		57
2132	76	ფახულანი		58
2133	76	ფოცხოეწერი		58
2134	76	ჯგალი		58
2135	76	ჯვარი		58
2136	76	ჭალე		58
2137	76	ეწერი		58
2138	76	კანთი		58
2139	76	ლარა-მედანი		58
2140	76	ლია		58
2141	76	ნაკიფუ		58
2142	76	ობუჯი		58
2143	76	მიქავა		58
2144	76	მუჟავა		58
2145	76	საჩინო		58
2146	76	ჩქვალერი		58
2147	76	წალენჯიხა		58
2148	76	ხაბუმე		59
2149	76	გარახა		59
2150	76	ახუთი		59
2151	76	ზუმი		59
2152	76	ჭოღა		59
2153	76	ჯუმითი		59
2154	76	პირველი ჭოღა		59
2155	76	პირველი ლესიჭინე		59
2156	76	თაია		59
2157	76	ლესიჭინე		59
2158	76	ლეწურწუმე		59
2159	76	კირცხი		59
2160	76	ნაფიჩხოვო		59
2161	76	ნაკიანი		59
2162	76	მუხური		59
2163	76	ქვედა ჩხოროწყუ		59
2164	76	სარაქონი		59
2165	76	ჩხოროწყუ		59
2166	76	აფნია		60
2167	76	ხავეთი		60
2168	76	დადეში		60
2169	76	აგანა		60
2170	76	დავნია		60
2171	76	ბავრა		60
2172	76	ბზავრეთი		60
2173	76	აზავრეთი		60
2174	76	ბალხო		60
2175	76	აზარვეთი		60
2176	76	აზმანა		60
2177	76	ხანდო		60
2178	76	ბეჟანო		60
2179	76	ვარევანი		60
2180	76	ბარალეთი		60
2181	76	აბული		60
2182	76	ვაჩიანი		60
2183	76	დიდი სამსარი		60
2184	76	ზაკვი		60
2185	76	ალათუმანი		60
2186	76	ალასტანი		60
2187	76	ალატუმანი		60
2188	76	დილისკა		60
2189	76	გოგაშენი		60
2190	76	ბოზალი		60
2191	76	გოკიო		60
2192	76	გომანი		60
2193	76	ხორენია		60
2194	76	ხოსპიო		60
2195	76	არაგვა		60
2196	76	ბუგაშენი		60
2197	76	ბუზავეთი		60
2198	76	დრგნა		60
2199	76	ხულგუმო		60
2200	76	გულიკამი		60
2201	76	ერინჯა		60
2202	76	ბურნაშეთი		60
2203	76	ბუღაშენი		60
2204	76	პატარა სამსარი		60
2205	76	პტენა		60
2206	76	პრტენა		60
2207	76	თახჩა		60
2208	76	იხტილა		60
2209	76	კარტიკამი		60
2210	76	კარწახი		60
2211	76	კიროვაკანი		60
2212	76	კოდოლარი		60
2213	76	თოთხამი		60
2214	76	კოთელია		60
2215	76	კოკიო		60
2216	76	ლომატურცხი		60
2217	76	კორხი		60
2218	76	კოჩიო		60
2219	76	კუმურდო		60
2220	76	მაჭადია		60
2221	76	მაჭატია		60
2222	76	მერენია		60
2223	76	ოლავერდი		60
2224	76	ოკამი		60
2225	76	მიასნიკიანი		60
2226	76	მოდეგამი		60
2227	76	მოდეკამი		60
2228	76	ორჯა		60
2229	76	მურჯახეთი		60
2230	76	ქარცევი		60
2231	76	სირგვა		60
2232	76	სირკვა		60
2233	76	სულდა		60
2234	76	ტურცხი		60
2235	76	ჩანდურა		60
2236	76	ჩამდურა		60
2237	76	ჩუნჩხა		60
2238	76	ახალქალაქი		60
2239	76	ფერსა		61
2240	76	ჭაჭარაქი		61
2241	76	აბათხევი		61
2242	76	ახალშენი		61
2243	76	აგარა		61
2244	76	ვალე		61
2245	76	ხაკი		61
2246	76	ჭვინთა		61
2247	76	ხეოთი		61
2248	76	დიდი პამაჯი		61
2249	76	დიდი პამაჩი		61
2250	76	ელიაწმინდა		61
2251	76	ზიკილია		61
2252	76	გიორგიწმინდა		61
2253	76	ბოგა		61
2254	76	ანდა		61
2255	76	ანდრიაწმინდა		61
2256	76	ანი		61
2257	76	ჯულღა		61
2258	76	გურკელი		61
2259	76	აწყური		61
2260	76	პატარა პამაჯი		61
2261	76	პატარა პამაჩი		61
2262	76	ივლიტა		61
2263	76	კლდე		61
2264	76	თისელი		61
2265	76	ნაოხრები		61
2266	76	მინაძე		61
2267	76	მიქელწმინდა		61
2268	76	მუგარეთი		61
2269	76	ორალი		61
2270	76	მუსხი		61
2271	76	სხვილისი		61
2272	76	სვირი		61
2273	76	ტატანისი		61
2274	76	საძელი		61
2275	76	საყუნეთი		61
2276	76	ურაველი		61
2277	76	ტყემლანა		61
2278	76	წინუბანი		61
2279	76	წირა		61
2280	76	წნისი		61
2281	76	წყალთბილა		61
2282	76	წყორძა		61
2283	76	წყრუთი		61
2284	76	ღრელი		61
2285	76	ყულალისი		61
2286	76	ახალციხე		61
2287	76	ვალე		61
2288	76	ფხერი		62
2289	76	ფხერო		62
2290	76	ფარეხა		62
2291	76	ფლატე		62
2292	76	ხევაშენი		62
2293	76	ჭეჭლა		62
2294	76	აბასთუმანი		62
2295	76	ჭელა		62
2296	76	ადიგენი		62
2297	76	ბენარა		62
2298	76	ხარჯამი		62
2299	76	ვარხანი		62
2300	76	დერცელი		62
2301	76	ზაზალო		62
2302	76	ზედუბანი		62
2303	76	დიდი სმადა		62
2304	76	ზანავი		62
2305	76	ზემო ენთელი		62
2306	76	ზარზმა		62
2307	76	ამხერი		62
2308	76	ბოლაჯური		62
2309	76	გომარო		62
2310	76	გორგული		62
2311	76	არაზინდო		62
2312	76	არალი		62
2313	76	არზნე		62
2314	76	აღობილი		62
2315	76	პატარა ზანავი		62
2316	76	პატარა სმადა		62
2317	76	კ. აბასთუმანი		62
2318	76	კახარეთი		62
2319	76	კეხოვანი		62
2320	76	იჯარეთი		62
2321	76	ლელოვანი		62
2322	76	კიკიბო		62
2323	76	იმერთუბანი		62
2324	76	ნამინაური		62
2325	76	ნაქურდევი		62
2326	76	მლაშე		62
2327	76	მოხე		62
2328	76	უდე		62
2329	76	ქვემო ენთელი		62
2330	76	საირმე		62
2331	76	სამყური		62
2332	76	საღრძე		62
2333	76	ქიქინეთი		62
2334	76	უნწა		62
2335	76	უტყისუბანი		62
2336	76	წახანი		62
2337	76	წარბასთუმანი		62
2338	76	წრე		62
2339	76	შოლავერი		62
2340	76	ღორთუბანი		62
2341	76	ღორძე		62
2342	76	ჩორჩანი		62
2343	76	შოყა		62
2344	76	ციხისუბანი		62
2345	76	ადიგენი		62
2346	76	დაბა		63
2347	76	დგვარი		63
2348	76	ახალდაბა		63
2349	76	ბალანთა		63
2350	76	დვირი		63
2351	76	ბაკურიანი		63
2352	76	ვარდგინეთი		63
2353	76	ბეშეთი		63
2354	76	ჭიხარულა		63
2355	76	დიდი მიტარბი		63
2356	76	ზანავი		63
2357	76	ანდეზიტი		63
2358	76	ანდიზეტი		63
2359	76	ჭობისხევი		63
2360	76	პატარა მიტარბი		63
2361	76	ლიბანი		63
2362	76	კიმოთი		63
2363	76	კორტანეთი		63
2364	76	მზეთამზე		63
2365	76	მოლითი		63
2366	76	ტბა		63
2367	76	სადგერი		63
2368	76	ქვაბისხევი		63
2369	76	ტაბაწყური		63
2370	76	რველი		63
2371	76	საკირე		63
2372	76	ტაძრისი		63
2373	76	წაღვერი		63
2374	76	ყვიბისი		63
2375	76	ჩითახევი		63
2376	76	ცემი		63
2377	76	ციხისჯვარი		63
2378	76	ბორჯომი		63
2379	76	ფია		64
2380	76	დამალა		64
2381	76	ვარგავი		64
2382	76	ხერთვისი		64
2383	76	ხიზაბავრა		64
2384	76	ჭობარეთი		64
2385	76	გულსუნდა		64
2386	76	აწყვიტა		64
2387	76	ივერია		64
2388	76	იდუმალა		64
2389	76	თოკი		64
2390	76	თმოგვი		64
2391	76	ნაქალაქევი		64
2392	76	ოთა		64
2393	76	ნიჯგორი		64
2394	76	მირაშხანი		64
2395	76	ორგორა		64
2396	76	ოშორა		64
2397	76	სახუდაბელი		64
2398	76	სარო		64
2399	76	ტოლოში		64
2400	76	რუსთავი		64
2401	76	ძველი		64
2402	76	ასპინძა		64
2403	76	ფოკა		65
2404	76	ეფრემოვკა		65
2405	76	განძა		65
2406	76	ვლადიმიროვკა		65
2407	76	დიდი ხანჩალი		65
2408	76	დიდი არაგიალი		65
2409	76	დიდი არაქალი		65
2410	76	დიდი კონდურა		65
2411	76	ჯიგრაშენი		65
2412	76	დილიფი		65
2413	76	გორელოვკა		65
2414	76	ხორენია		65
2415	76	არაქალი		65
2416	76	ასპარა		65
2417	76	ეშტია		65
2418	76	პატარა ხანჩალი		65
2419	76	პატარა ხორენია		65
2420	76	პატარა არაგიალი		65
2421	76	პატარა არაქალი		65
2422	76	პატარა კონდურა		65
2423	76	კათნატუ		65
2424	76	თორია		65
2425	76	მამზვარა		65
2426	76	ნაურმა		65
2427	76	ორლოვკა		65
2428	76	ოროჯალარი		65
2429	76	ოროჯოლარი		65
2430	76	ჟდანოვაკანი		65
2431	76	რადიონოვკა		65
2432	76	სათხა		65
2433	76	სათხე		65
2434	76	სამება		65
2435	76	უჯმანა		65
2436	76	ტამბოვკა		65
2437	76	საღამო		65
2438	76	სპასოვკა		65
2439	76	როდიონოვკა		65
2440	76	ყაურმა		65
2441	76	ყულალისი		65
2442	76	ნინოწმინდა		65
2443	76	ფოლადაანთკარი		66
2444	76	ახალი სამგორი		66
2445	76	ვაზიანი		66
2446	76	ხეხილ-სანერგე		66
2447	76	ახალსოფელი		66
2448	76	ახალწყარო		66
2449	76	ვახტანგისი		66
2450	76	ჯანდარა		66
2451	76	გამარჯვება		66
2452	76	ზემო თელეთი		66
2453	76	ბირლიკი		66
2454	76	ბოტანიკა		66
2455	76	აღთაქლა		66
2456	76	თაზაქენდი		66
2457	76	თელეთი		66
2458	76	კალინინო		66
2459	76	ლემშვენიერა		66
2460	76	კუმისი		66
2461	76	კრწანისი		66
2462	76	ნაგები		66
2463	76	ნაზარლო		66
2464	76	მზიანეთი		66
2465	76	მარტყოფი		66
2466	76	ნორიო		66
2467	76	მუხროვანი		66
2468	76	მუღანლო		66
2469	76	სააკაძე		66
2470	76	ქვემო თელეთი		66
2471	76	ტელე სტუდია ბროწეულას დასახლება		66
2472	76	ქვიშიანი		66
2473	76	ქესალო		66
2474	76	სართიჭალა		66
2475	76	საცხენისი		66
2476	76	წალასყური		66
2477	76	ყარაჯალარი		66
2478	76	ყარათაკლია		66
2479	76	ყართაკლია		66
2480	76	გარდაბანი		66
2481	76	ახა		67
2482	76	გედაგდაღი		67
2483	76	ჯავახი		67
2484	76	დაგარახლო		67
2485	76	ბაზაქლო		67
2486	76	ბახჩალარი		67
2487	76	აზ. კაკლიანი		67
2488	76	ვაკე		67
2489	76	დალარი		67
2490	76	დალიარი		67
2491	76	ველისპირი		67
2492	76	განახლება		67
2493	76	განთიადი		67
2494	76	ვარდისუბანი		67
2495	76	დიდი დმანისი		67
2496	76	დიდი გომარეთი		67
2497	76	ზემო კარაბულახი		67
2498	76	ზემო ოროზმანი		67
2499	76	გოდაგდაღი		67
2500	76	ამამლო		67
2501	76	ანგრევანი		67
2502	76	გომარეთი		67
2503	76	გორა		67
2504	76	ბოსლები		67
2505	76	გუგუთი		67
2506	76	პანტიანი		67
2507	76	პატარა დმანისი		67
2508	76	პატარა გომარეთი		67
2509	76	იაგუფლო		67
2510	76	კაკლიანი		67
2511	76	კამარლო		67
2512	76	კამიშლო		67
2513	76	იაყუბლო		67
2514	76	კიზილაჯლო		67
2515	76	კიროვისი		67
2516	76	ლოქჭანდარი		67
2517	76	ლოქჯანდარი		67
2518	76	ირგანჩაი		67
2519	76	მამიშლარი		67
2520	76	მამიშლო		67
2521	76	მამულა		67
2522	76	მამულო		67
2523	76	მაშავერა		67
2524	76	მთისძირი		67
2525	76	ორმაშენი		67
2526	76	საფარლო		67
2527	76	საჯა		67
2528	76	ქვემო კარაბულახი		67
2529	76	ქვემო ოროზმანი		67
2530	76	ქვემო ორუზმანი		67
2531	76	სალამალეიქი		67
2532	76	საკირე		67
2533	76	ქარიანი		67
2534	76	სარკინეთი		67
2535	76	უკანგორა		67
2536	76	სოგუთლო		67
2537	76	ტნუსი		67
2538	76	უსეინქანდი		67
2539	76	ტყისპირი		67
2540	76	შახმარლო		67
2541	76	ყიზილაჯლო		67
2542	76	ყიზილქილისა		67
2543	76	ყიზილ-ქილისა		67
2544	76	შინდლარი		67
2545	76	შინდილიარი		67
2546	76	დმანისი		67
2547	76	ფარიზი		68
2548	76	ფოლადაური		68
2549	76	ფოცხვერიანი		68
2550	76	დ.თამარისი		68
2551	76	დაბა თამარისი		68
2552	76	ხახალაჯვარი		68
2553	76	ჯავშანიანი		68
2554	76	ჭაპალა		68
2555	76	ბალახაური		68
2556	76	ბალიჭი		68
2557	76	ვანათი		68
2558	76	გეტა		68
2559	76	ხატავეთი		68
2560	76	დარბაზი		68
2561	76	ბერთაკარი		68
2562	76	ხატისოფელი		68
2563	76	ზვარეთი		68
2564	76	ხიდისყურე		68
2565	76	ზემო ბოლნისი		68
2566	76	ზემო არქევანი		68
2567	76	აკაურთა		68
2568	76	დისველი		68
2569	76	ბოლნისი		68
2570	76	ჭრემი		68
2571	76	კაზრეთი		68
2572	76	კიანეთი		68
2573	76	იწრია		68
2574	76	ნახიდური		68
2575	76	მამხუტი		68
2576	76	მუხრანა		68
2577	76	მუშევანი		68
2578	76	მწყნეთი		68
2579	76	სავანეთი		68
2580	76	საბერეთი		68
2581	76	რაჭისუბანი		68
2582	76	ქვემო ბოლნისი		68
2583	76	ქვემო არქევანი		68
2584	76	ქვეში		68
2585	76	ტალავერი		68
2586	76	სენები		68
2587	76	სამტრედო		68
2588	76	სამწევრისი		68
2589	76	სამწვერისი		68
2590	76	ტანძია		68
2591	76	რატევანი		68
2592	76	წიფორი		68
2593	76	ძველი ქვეში		68
2594	76	ძეძვნარიანი		68
2595	76	შუა ბოლნისი		68
2596	76	ცურტავი		68
2597	76	ბოლნისი		68
2598	76	ფაბრიკის დასახლება		69
2599	76	ფარცხისი		69
2600	76	დაბა მანგლისი		69
2601	76	ახალი ზირბითი		69
2602	76	ახალი მარაბდა		69
2603	76	აბელიანი		69
2604	76	ახალსოფელი		69
2605	76	ხაიში		69
2606	76	აბრამეთი		69
2607	76	ჯვრისხევი		69
2608	76	დაღეთი		69
2609	76	ვაშლოვანი		69
2610	76	ჭივჭავი		69
2611	76	ალგეთი		69
2612	76	დიდგორი		69
2613	76	დიდი დურნიკი		69
2614	76	დიდი დურნუკი		69
2615	76	დიდი კლდეისი		69
2616	76	დიდი თონეთი		69
2617	76	დიდი ირაგა		69
2618	76	ჯიგრაშენი		69
2619	76	ალექსეევკა		69
2620	76	ზირბითი		69
2621	76	ჭინჭრიანი		69
2622	76	ენაგეთი		69
2623	76	ბოგვი		69
2624	76	ამლივი		69
2625	76	გოლთეთი		69
2626	76	ბორბალო		69
2627	76	ჯორჯიაშვილი		69
2628	76	გორნახი		69
2629	76	დრე		69
2630	76	არდისუბანი		69
2631	76	არხოტი		69
2632	76	დუმანისი		69
2633	76	ერტისი		69
2634	76	ასურეთი		69
2635	76	პანტიანი		69
2636	76	პატარა დურნიკი		69
2637	76	პატარა დურნუკი		69
2638	76	პატარა კლდეისი		69
2639	76	პატარა თონეთი		69
2640	76	პატარა ირაგა		69
2641	76	იფნარი		69
2642	76	ივანოვკა		69
2643	76	კოდა		69
2644	76	კოდის წყარო		69
2645	76	ირაგა		69
2646	76	ნაპილნარი		69
2647	76	მენკალისი		69
2648	76	ნამტვრიანი		69
2649	76	მაწევანი		69
2650	76	მუხათი		69
2651	76	ორბეთი		69
2652	76	საფუძვრები		69
2653	76	ტბისი		69
2654	76	სამშვილდე		69
2655	76	სამღერეთი		69
2656	76	საღრაშენი		69
2657	76	ქოთიში		69
2658	76	ქოსალარი		69
2659	76	ქსოვრეთი		69
2660	76	წინწყარო		69
2661	76	ძველი მარაბდა		69
2662	76	შეხვეტილა		69
2663	76	ღვევი		69
2664	76	შავსაყდარი		69
2665	76	ჩხიკვთა		69
2666	76	შიხილო		69
2667	76	ღოლოვანი		69
2668	76	ღოუბანი		69
2669	76	თეთრი წყარო		69
2670	76	ახალი დიოგონისი		70
2671	76	ბაიდარი		70
2672	76	ბაითალო		70
2673	76	აზიზქენდი		70
2674	76	ბეითარაფჩი		70
2675	76	აჯიისქენდი		70
2676	76	ახლო ლალო		70
2677	76	ახლო მახმუდლო		70
2678	76	ხანჯი-გაზლო		70
2679	76	დამია		70
2680	76	დამია-გიურარხი		70
2681	76	ახქერფი		70
2682	76	დაშთაფა		70
2683	76	ახყულა		70
2684	76	ალავარი		70
2685	76	ალგეთი		70
2686	76	ალგეთის ღვინის მეურნეობა		70
2687	76	ხიხანი		70
2688	76	დიდი ბეგლიარი		70
2689	76	დიდი მუღანლო		70
2690	76	ზემო სარალი		70
2691	76	ზემო ყულარი		70
2692	76	გიულბახი		70
2693	76	ამბაროვკა		70
2694	76	ხოჯორნი		70
2695	76	ენიქენდი		70
2696	76	არაფლო		70
2697	76	ბუდიონოვკა		70
2698	76	ხულდარა		70
2699	76	გულბაღი		70
2700	76	აღამედლი		70
2701	76	აღმამედლო		70
2702	76	პატარა ბეგლარი		70
2703	76	თაზაქენდი		70
2704	76	თამარისი		70
2705	76	ლეჟბადინი		70
2706	76	თექალი		70
2707	76	კარიხლო		70
2708	76	კასუმლო		70
2709	76	ილმაზლო		70
2710	76	კირიხლი		70
2711	76	კიროვკა		70
2712	76	იმირი		70
2713	76	იმირ-იმირჭალა		70
2714	76	კუშჩი		70
2715	76	ოფრეთი		70
2716	76	მარადისი		70
2717	76	მარეთი		70
2718	76	მირზოევკა		70
2719	76	მოლაოღლი		70
2720	76	ორჯონიკიძე		70
2721	76	ქაფანახჩი		70
2722	76	სადახლო		70
2723	76	ტაზაკენტი		70
2724	76	საბირქენდი		70
2725	76	ქვემო სარალი		70
2726	76	ქვემო ყულარი		70
2727	76	სეიდიგოჯალო		70
2728	76	ქესალო 1		70
2729	76	ქესალო 2		70
2730	76	ქეშალო		70
2731	76	ულაშლო		70
2732	76	სიონი		70
2733	76	ქირაჩ-მუღანლო		70
2734	76	ქურთლარი		70
2735	76	წერეთელი		70
2736	76	წერაქვი		70
2737	76	წითელი სოფელი		70
2738	76	წოფი		70
2739	76	ჩანახჩი		70
2740	76	შაუმიანი		70
2741	76	ყაჩაღანი		70
2742	76	ყიზილ-აჯლო		70
2743	76	შულავერი		70
2744	76	ყულარი		70
2745	76	ცხენთ-საშენი		70
2746	76	მარნეული		70
2747	76	რუსთავი		71
2748	76	ბედიანი		72
2749	76	ხადიკი		72
2750	76	ახალიკი		72
2751	76	ედიქილისა		72
2752	76	ხანდო		72
2753	76	დარაკოვი		72
2754	76	ავრანლო		72
2755	76	დაშბაში		72
2756	76	ბეშთაშენი		72
2757	76	ხაჩკოვი		72
2758	76	ხაჩკოი		72
2759	76	ბაშკოო		72
2760	76	აიაზმა		72
2761	76	ჯინისი		72
2762	76	გოდაკლარი		72
2763	76	არჯევან-სარვანი		72
2764	76	ხრამჰესი		72
2765	76	გუმბათი		72
2766	76	გუნია-კალა		72
2767	76	ბურნაშეთი		72
2768	76	აშკალა		72
2769	76	თეჯისი		72
2770	76	კაბური		72
2771	76	თამალა-ხარაბა		72
2772	76	კარაკომი		72
2773	76	ლივადი		72
2774	76	კიარიაკი		72
2775	76	თიაქ-კილისა		72
2776	76	კირიაკი		72
2777	76	იმერა		72
2778	76	თრიალეთი		72
2779	76	კუშჩი		72
2780	76	ოზნი		72
2781	76	ნეონ-ხარაბა		72
2782	76	ნარდევანი		72
2783	76	ოლიანგი		72
2784	76	ოლიანიკი		72
2785	76	საფარ-ხარაბა		72
2786	76	რეხა		72
2787	76	წინწყარო		72
2788	76	ყიზილქილისა		72
2789	76	ჩივთქილისა		72
2790	76	შოპიაკი		72
2791	76	ჩოლიანი		72
2792	76	წალკა		72
2793	76	დაბა სურამი		73
2794	76	ახალუბანი		73
2795	76	ახალშენი		73
2796	76	აგარები		73
2797	76	გვერდისუბანი		73
2798	76	ვაყა		73
2799	76	ბეღლეთი		73
2800	76	დიდი ფლევი		73
2801	76	დიდი ხავლეთი		73
2802	76	დიდი ბეკამი		73
2803	76	დიდი სატივე		73
2804	76	დიდი ყელეთი		73
2805	76	ზეკოტა		73
2806	76	ხიდისყური		73
2807	76	ბიჯნისი		73
2808	76	ზემო ბროლოსანი		73
2809	76	ზემო აძვისი		73
2810	76	ზემო ოსიაური		73
2811	76	ალი		73
2812	76	გომი		73
2813	76	ბულბულისციხე		73
2814	76	ბრილი		73
2815	76	დუმაცხოვი		73
2816	76	ბუღაურა		73
2817	76	ხცისი		73
2818	76	პატარა ფლევი		73
2819	76	პატარა ახალსოფელი		73
2820	76	პატარა ხალები		73
2821	76	პატარა ბეკამი		73
2822	76	პატარა სატივე		73
2823	76	პატარა ყელეთი		73
2824	76	თაგვეთი		73
2825	76	კლდისწყარო		73
2826	76	იმერლიანთკარი		73
2827	76	კრისხევი		73
2828	76	იტრია		73
2829	76	ნაბახტევი		73
2830	76	ნაცარგორა		73
2831	76	მიწობი		73
2832	76	მონასტერი		73
2833	76	ოსიაური		73
2834	76	ოძისი		73
2835	76	მცხეთიჯვარი		73
2836	76	სავანისუბანი		73
2837	76	ტეზერი		73
2838	76	ქვემო ბროლოსანი		73
2839	76	ქვემო აძვისი		73
2840	76	ქვემო ოსიაური		73
2841	76	სათივე		73
2842	76	ქვიშხეთი		73
2843	76	ქემფერი		73
2844	76	რბონა		73
2845	76	სარმანიშვილისკარი		73
2846	76	სარტყელა		73
2847	76	ტაშისკარი		73
2848	76	ქინძათი		73
2849	76	ტკოცა		73
2850	76	ტიტვინისწყარო		73
2851	76	ურთხვა		73
2852	76	რუსაანთუბანი		73
2853	76	სურამი		73
2854	76	უწლევი		73
2855	76	წაბლოვანა		73
2856	76	წეღვერი		73
2857	76	წაღვლი		73
2858	76	წრომი		73
2859	76	ღართა		73
2860	76	ღვრიაწყალი		73
2861	76	ყიფიანთუბანი		73
2862	76	ყობი		73
2863	76	ჩორჩანა		73
2864	76	ჩუმათელეთი		73
2865	76	ცედანი		73
2866	76	ცხრამუხა		73
2867	76	ცივწყარო		73
2868	76	ცოცხნარა		73
2869	76	ხაშური		73
2870	76	ფხვენისი		74
2871	76	ფლავი		74
2872	76	ფლავისმანი		74
2873	76	ფრისი		74
2874	76	ახალდაბა		74
2875	76	ახალხიზა		74
2876	76	ახალუბანი		74
2877	76	ახალშენი		74
2878	76	ველები		74
2879	76	ხეითი		74
2880	76	ხელთუბანი		74
2881	76	აზნეთი		74
2882	76	ბელოთი		74
2883	76	ვანათი		74
2884	76	ჭარები		74
2885	76	ბერბუკი		74
2886	76	ვარიანი		74
2887	76	ჯარიაშენი		74
2888	76	ახრისი		74
2889	76	ბერულა		74
2890	76	ბერშუეთი		74
2891	76	ზედა ქსოვრისი		74
2892	76	დიდი გარეჯვარი		74
2893	76	ხიდისთავი		74
2894	76	ზემო ხვითი		74
2895	76	ზემო ბოშური		74
2896	76	ზემო არცევი		74
2897	76	ზემო აჩაბეთი		74
2898	76	ზემო ნიქოზი		74
2899	76	ზემო სობისი		74
2900	76	ზარდიაანთკარი		74
2901	76	ზერტი		74
2902	76	ზეღდულეთი		74
2903	76	ბიისი		74
2904	76	დისევი		74
2905	76	დიცი		74
2906	76	ბნავისი		74
2907	76	ბობნევი		74
2908	76	გორიჯვარი		74
2909	76	ბოშური		74
2910	76	ერედვი		74
2911	76	არგვიცი		74
2912	76	არბო		74
2913	76	ერგნეთი		74
2914	76	ატენი		74
2915	76	გუგუტიანთკარი		74
2916	76	ბროწლეთი		74
2917	76	ხურვალეთი		74
2918	76	აწრისხევი		74
2919	76	აძვი		74
2920	76	აშენდა		74
2921	76	პატარა გარეჯვარი		74
2922	76	კეხვი		74
2923	76	ლევიტანა		74
2924	76	თედოწმინდა		74
2925	76	კვარხეთი		74
2926	76	თამარაშენი		74
2927	76	თერგვისი		74
2928	76	კარბი		74
2929	76	კარალეთი		74
2930	76	კირბალი		74
2931	76	თორტიზა		74
2932	76	კოშკა		74
2933	76	კოშკები		74
2934	76	ნადარბაზევი		74
2935	76	მეჯვრისხევი		74
2936	76	მერეთი		74
2937	76	მარანა		74
2938	76	ნაწრეტი		74
2939	76	მეღვრეკისი		74
2940	76	ოთარშენი		74
2941	76	ოლოზი		74
2942	76	ნიქოზი		74
2943	76	მონასტერი		74
2944	76	მუმლაანთკარი		74
2945	76	ორმოცი		74
2946	76	უფლისციხე		74
2947	76	რეხა		74
2948	76	ქვახვრელი		74
2949	76	სვენეთი		74
2950	76	ქვემო ახალსოფელი		74
2951	76	ქვემო ხვითი		74
2952	76	ქვემო არცევი		74
2953	76	ქვემო აჩაბეთი		74
2954	76	ქვემო ნიქოზი		74
2955	76	ქვემო სობისი		74
2956	76	სვერი		74
2957	76	ქვეში		74
2958	76	სათემო		74
2959	76	ქემერტი		74
2960	76	ქერე		74
2961	76	საქაშეთი		74
2962	76	საცხენეთი		74
2963	76	რიეთი		74
2964	76	ტინისხიდი		74
2965	76	სკრა		74
2966	76	ტირძნისი		74
2967	76	ქიწნისი		74
2968	76	ქორდი		74
2969	76	ქურთა		74
2970	76	ქსუისი		74
2971	76	ტყვიავი		74
2972	76	წედისი		74
2973	76	წითელუბანი		74
2974	76	ძევერა		74
2975	76	ძარწემი		74
2976	76	ყველაანთუბანი		74
2977	76	შავშვები		74
2978	76	ყელქცეული		74
2979	76	შერთული		74
2980	76	შინდისი		74
2981	76	ციცაგიანთკარი		74
2982	76	გორი		74
2983	76	ფერმა		75
2984	76	ახალქალაქი		75
2985	76	ახალსოფელი		75
2986	76	ახალშენა		75
2987	76	ახალშენი		75
2988	76	ახალციხე		75
2989	76	ვაკე		75
2990	76	ეზატი		75
2991	76	ხვითი		75
2992	76	გამდლისწყარო		75
2993	76	ბარდაანთ უბანი		75
2994	76	გარიყულა		75
2995	76	ბარნაბიანთკარი		75
2996	76	ზადიანთკარი		75
2997	76	ხიდისყური		75
2998	76	ზემო ხანდაკი		75
2999	76	ზემო რენე		75
3000	76	ზემო ჩოჩეთი		75
3001	76	ხოვლე		75
3002	76	დოესი		75
3003	76	გომისჯვარი		75
3004	76	ბოჟამი		75
3005	76	გორაკა		75
3006	76	ბორტა		75
3007	76	გოსტიბე		75
3008	76	გუდალეთი		75
3009	76	გრაკალი		75
3010	76	ერთაწმინდა		75
3011	76	აღაიანი		75
3012	76	ჭყოპიანი		75
3013	76	პანტიანი		75
3014	76	თვალადი		75
3015	76	თეზი		75
3016	76	კავთისხევი		75
3017	76	ლავრისხევი		75
3018	76	თვაურები		75
3019	76	კაპრაშიანი		75
3020	76	თელათგორი		75
3021	76	იდლეთი		75
3022	76	თელიანი		75
3023	76	თხინვალიანი		75
3024	76	იგოეთი		75
3025	76	ლამისყანა		75
3026	76	თეძმისხევი		75
3027	76	კოდისწყარო		75
3028	76	თოგოიანი		75
3029	76	მეტეხი		75
3030	76	ნიაბი		75
3031	76	ნიგოზა		75
3032	76	ოკამი		75
3033	76	მთიულეთი		75
3034	76	მიქელწყარო		75
3035	76	მირიანი		75
3036	76	ნოსტე		75
3037	76	მრგვალი ჭალა		75
3038	76	სადგური მეტეხი		75
3039	76	ქვემო ჭალა		75
3040	76	ქვემო ხანდაკი		75
3041	76	ქვემო გომი		75
3042	76	ქვემო რენე		75
3043	76	ქვემო ჩოჩეთი		75
3044	76	საკორინთლო		75
3045	76	სამთავისი		75
3046	76	საქადაგიანო		75
3047	76	სარიბალი		75
3048	76	სასირეთი		75
3049	76	რკონი		75
3050	76	წინარეხი		75
3051	76	ჩანგილარი		75
3052	76	ყარაფილა		75
3053	76	ჩაჩუბეთი		75
3054	76	ჩობალაური		75
3055	76	ცხავერი		75
3056	76	კასპი		75
3057	76	ფცა		76
3058	76	აფნისი		76
3059	76	ახალსოფელი		76
3060	76	ახალშენი		76
3061	76	დვანი		76
3062	76	ბებნისი		76
3063	76	აბანო		76
3064	76	აგარა		76
3065	76	ვედრება		76
3066	76	გვერძინეთი		76
3067	76	ავლევი		76
3068	76	აბისი		76
3069	76	აბისისთავი		76
3070	76	ხეობა		76
3071	76	ავნევი		76
3072	76	ჭანდრები		76
3073	76	ჭვრინისი		76
3074	76	ბერძენაული		76
3075	76	ელბაქიაანთკარი		76
3076	76	ზემო ხვედურეთი		76
3077	76	ზემო შაქშაქეთი		76
3078	76	ზნაური		76
3079	76	ზნაური”		76
3080	76	დირბი		76
3081	76	ზღუდერი		76
3082	76	დოღლაური		76
3083	76	არადეთი		76
3084	76	ბრეთი		76
3085	76	ბრეთის მეურნეობა		76
3086	76	ბრეძა		76
3087	76	ხუნდისუბანი		76
3088	76	ატოცი		76
3089	76	კეხიჯვარი		76
3090	76	ლეთეთი		76
3091	76	თათანაანთუბანი		76
3092	76	თამარაშენი		76
3093	76	კლდუ		76
3094	76	თიღვა		76
3095	76	კოდა		76
3096	76	კოდავარდის უბანი		76
3097	76	იმერხევი		76
3098	76	ლოპანი		76
3099	76	კნოლევი		76
3100	76	კუდატყე		76
3101	76	ნაბაკევი		76
3102	76	ნედლათი		76
3103	76	მოხისი		76
3104	76	ნული		76
3105	76	ორთუბანი		76
3106	76	ოქონა		76
3107	76	ოქროსსოფელი		76
3108	76	ქვენაფლავი		76
3109	76	ქვენატკოცა		76
3110	76	ქვემო ხვედურეთი		76
3111	76	ქვემო შაქშაქეთი		76
3112	76	ტახტიძირი		76
3113	76	ქალეთი		76
3114	76	სანებელი		76
3115	76	სამწერისი		76
3116	76	სასირეთი		76
3117	76	საღოლაშენი		76
3118	76	საციხური		76
3119	76	ქობესაანთუბანი		76
3120	76	ურბნისი		76
3121	76	რუისი		76
3122	76	სუნისი		76
3123	76	სუქანაანთუბანი		76
3124	76	სუქითი		76
3125	76	ტყისუბანი		76
3126	76	წვერი		76
3127	76	ძლევიჯვარი		76
3128	76	ღვლევი		76
3129	76	შინდარა		76
3130	76	ყინწვისი		76
3131	76	ღოღეთი		76
3132	76	ცერონისი		76
3133	76	ქარელი		76
3134	76	ფერია		77
3135	76	ხე ყრუ		77
3136	76	დაბა ხელვაჩაური		77
3137	76	დაბა მახინჯაური		77
3138	76	ევგენიძეები		77
3139	76	ავგია		77
3140	76	ახალსოფელი		77
3141	76	ახალშენი		77
3142	76	ახალშენის მეურნეობა		77
3143	76	აგარა		77
3144	76	გვარა		77
3145	76	აჭარისაღმართი		77
3146	76	აჭარისწყალი		77
3147	76	ხელვაჩაური		77
3148	76	ადლია		77
3149	76	განახლება		77
3150	76	განთიადი		77
3151	76	გემულაური		77
3152	76	ბერაძეები		77
3153	76	ხერთვისი		77
3154	76	ჭარნალი		77
3155	76	ჭარნალის მეურნეობა		77
3156	76	აეროპორტი		77
3157	76	ვარშალომიძეები		77
3158	76	ზედა ახალშენი		77
3159	76	ზედა აგარა		77
3160	76	ზედა განახლება		77
3161	76	ზედა განთიადი		77
3162	76	ზედა ჭარნალი		77
3163	76	ზედა ჯოჭო		77
3164	76	ზედა კაპრეშუმი		77
3165	76	ზედა თხილნარი		77
3166	76	ზედა კირნათი		77
3167	76	ზედა მახინჯაური		77
3168	76	ზედა მახო		77
3169	76	ზედა სამება		77
3170	76	ზედა წინსვლა		77
3171	76	ზედა ჩხუტუნეთი		77
3172	76	ზედაღელე		77
3173	76	ზაბლავეთი		77
3174	76	ჯიბინაური		77
3175	76	ზანაქიძეები		77
3176	76	ჭირნალა		77
3177	76	ანგისა		77
3178	76	გოგირდოვანი წყლები		77
3179	76	გონიო		77
3180	76	ერგე		77
3181	76	კახაბერი		77
3182	76	კვარიათი		77
3183	76	კაპანდები		77
3184	76	კაპნისთავი		77
3185	76	კაპრეშუმი		77
3186	76	კალენდერე		77
3187	76	თხილნარი		77
3188	76	თხილნარის მეურნეობა		77
3189	76	კიბე		77
3190	76	კირნათი		77
3191	76	კობალეთი		77
3192	76	ინჯალო		77
3193	76	თოდოგაური		77
3194	76	მაჭახლისპირი		77
3195	76	მახვილაური		77
3196	76	მახინჯაური		77
3197	76	მეჯინისწყალი		77
3198	76	მახო		77
3199	76	ნაკირნათევი		77
3200	76	ნამანდრევი		77
3201	76	მარადიდი		77
3202	76	მასაურა		77
3203	76	მაღლაკონი		77
3204	76	მინდა		77
3205	76	მირვეთი		77
3206	76	მიქელაძეები		77
3207	76	ორთაბათუმი		77
3208	76	მწვანე კონცხი		77
3209	76	ქვედა აგარა		77
3210	76	ქვედა ჯოჭო		77
3211	76	ქვედა სალიბაური		77
3212	76	ქვედა სამება		77
3213	76	ქვედა ჩხუტუნეთი		77
3214	76	ქედ-ქედი		77
3215	76	სალიბაური		77
3216	76	ქეთქედი		77
3217	76	სამება		77
3218	76	სარფი		77
3219	76	სატეხია		77
3220	76	ტაშხანა		77
3221	76	სინდიეთი		77
3222	76	სიმონეთი		77
3223	76	სკურდიდი		77
3224	76	ქოქოლეთი		77
3225	76	ურეხი		77
3226	76	წინსვლა		77
3227	76	წიქარეული		77
3228	76	შავლიძეები		77
3229	76	ჩელტა		77
3230	76	შარაბიძეები		77
3231	76	ჩხუტუნეთი		77
3232	76	ჩიქუნეთი		77
3233	76	ყოროლისთავი		77
3234	76	შუშანეთი		77
3235	76	ცხემლარა		77
3236	76	ცისკარაძეები		77
3237	76	დაბა ხელვაჩაური		77
3238	76	ხელვაჩაური		77
3239	76	დეკანაშვილები		78
3240	76	ბათუმი		78
3241	76	ფაჩხა		79
3242	76	ფუშრუკაული		79
3243	76	დაბა ხულო		79
3244	76	ჭახავრი		79
3245	76	ჭახაური		79
3246	76	დავლაძეები		79
3247	76	ახალი უბანი		79
3248	76	აგარა		79
3249	76	ჯვარიქედი		79
3250	76	ჯვარიქეთი		79
3251	76	ადაძეები		79
3252	76	გელავრა		79
3253	76	დეკანაშვილები		79
3254	76	გელაური		79
3255	76	გელაძეები		79
3256	76	ბაკო		79
3257	76	განახლება		79
3258	76	ვანაძეები		79
3259	76	დანისპარაული		79
3260	76	ჭერი		79
3261	76	ვერნები		79
3262	76	ჯაყელები		79
3263	76	ვაშაყმაძეები		79
3264	76	ბეღლეთი		79
3265	76	ვაშლოვანი		79
3266	76	ზედა დეკანაშვილები		79
3267	76	ზედა ვაშლოვანი		79
3268	76	ზედა თხილვანა		79
3269	76	დიდაჭარა		79
3270	76	ხიხაძირი		79
3271	76	ელელიძეები		79
3272	76	დიაკონიძეები		79
3273	76	ელიაწმინდა		79
3274	76	დიოკნისი		79
3275	76	გოდგაძეები		79
3276	76	გორგაძეები		79
3277	76	ბოძაური		79
3278	76	გუდასახო		79
3279	76	გურძაული		79
3280	76	პანტნარი		79
3281	76	პაქსაძეები		79
3282	76	ლაბეიძეები		79
3283	76	თაგო		79
3284	76	კვატია		79
3285	76	თხილვანა		79
3286	76	იაკობაძეები		79
3287	76	კალოთა		79
3288	76	კორტოხი		79
3289	76	ირემაძეები		79
3290	76	კურცხალი		79
3291	76	ნადავრი		79
3292	76	მახალაკური		79
3293	76	მეხალაშვილები		79
3294	76	მეელე		79
3295	76	მეკეიძეები		79
3296	76	მანიაკეთი		79
3297	76	ნამონასტრევი		79
3298	76	მერჩხეთი		79
3299	76	მთისუბანი		79
3300	76	მინთაძეები		79
3301	76	ოქრუაშვილები		79
3302	76	ოშანახევი		79
3303	76	ქვედა ვაშლოვანი		79
3304	76	ქვედა თხილვანა		79
3305	76	ტაბახმელა		79
3306	76	ქედლები		79
3307	76	სხანდარა		79
3308	76	სამზიარი		79
3309	76	რაქვთა		79
3310	76	საციხური		79
3311	76	სკვანა		79
3312	76	რიყეთი		79
3313	76	სტეფანაშვილები		79
3314	76	ტუნაძეები		79
3315	76	ქურდული		79
3316	76	უჩხო		79
3317	76	წაბლანა		79
3318	76	წინწკალაძეები		79
3319	76	წინწკალაშვილები		79
3320	76	ძირკვაძეები		79
3321	76	ძმაგულა		79
3322	76	შაბანოღლები		79
3323	76	ჩაო		79
3324	76	ყინჩაური		79
3325	76	ყიშლა		79
3326	76	ღორჯომი		79
3327	76	შუასოფელი		79
3328	76	შურმული		79
3329	76	ღურტა		79
3330	76	ცეცხლაძეები		79
3331	76	დაბა ქედა		80
3332	76	გეგელიძეები		80
3333	76	აგარა		80
3334	76	ჯალაბაშვილები		80
3335	76	ჭალახმელა		80
3336	76	ბალაძეები		80
3337	76	ვაიო		80
3338	76	ბზუბზუ		80
3339	76	ახო		80
3340	76	დანდალო		80
3341	76	ვარჯანისი		80
3342	76	ხარაულა		80
3343	76	გარეტყე		80
3344	76	აბუქეთა		80
3345	76	ზედა აგარა		80
3346	76	ზედა ბზუბზუ		80
3347	76	ზედა მახუნცეთი		80
3348	76	ზვარე		80
3349	76	ზენდიდი		80
3350	76	ზესოფელი		80
3351	76	ჭინკაძეები		80
3352	76	ზუნდაგა		80
3353	76	გოგიაშვილები		80
3354	76	დოხოძეები		80
3355	76	გობრონეთი		80
3356	76	დოლოგანი		80
3357	76	გულები		80
3358	76	გუნდაური		80
3359	76	ხუნკუდა		80
3360	76	არსენაული		80
3361	76	აქუცა		80
3362	76	აწჰესი		80
3363	76	პირველი მაისი		80
3364	76	კვაშტა		80
3365	76	კანტაური		80
3366	76	ინაშარიძეები		80
3367	76	კოკოტაური		80
3368	76	კოლოტაური		80
3369	76	კორომხეთი		80
3370	76	კუჭულა		80
3371	76	მახუნცეთი		80
3372	76	ნამლისევი		80
3373	76	ნამონასტრევი		80
3374	76	მერისი		80
3375	76	მეძიბნა		80
3376	76	მილისი		80
3377	76	მოსიაშვილები		80
3378	76	ოტოფნარა		80
3379	76	ოქტომბერი		80
3380	76	ორცვა		80
3381	76	ქვედა აგარა		80
3382	76	ქვედა ბზუბზუ		80
3383	76	ქვედა მახუნცეთი		80
3384	76	ტიბეთა		80
3385	76	სიხალიძეები		80
3386	76	სილიბაური		80
3387	76	სირაბიძეები		80
3388	76	ქოსოფელი		80
3389	76	უჩხითი		80
3390	76	წონიარისი		80
3391	76	ძენწმანი		80
3392	76	შევაბური		80
3393	76	ცხემნა		80
3394	76	ცხმორისი		80
3395	76	ქედა		80
3396	76	დაბა		81
3397	76	დაბა ოჩხამური		81
3398	76	დაბა ჩაქვი		81
3399	76	დაგვა		81
3400	76	ჭახათი		81
3401	76	გვარა		81
3402	76	აჭი		81
3403	76	ხალა		81
3404	76	აჭყვისთავი		81
3405	76	ზედა დაგვა		81
3406	76	ზედა აჭყვა		81
3407	76	ზედა კვირიკე		81
3408	76	ზედა კონდიდი		81
3409	76	ზედა სამება		81
3410	76	ჯიხანჯური		81
3411	76	ალამბარი		81
3412	76	ზენეთი		81
3413	76	ზენითი		81
3414	76	ბობოყვათი		81
3415	76	გორგაძეები		81
3416	76	ბუკნარი		81
3417	76	ხუცუბანი		81
3418	76	კვირიკე		81
3419	76	თეთროსანი		81
3420	76	ლეღვა		81
3421	76	თიკერი		81
3422	76	კოხი		81
3423	76	ნათაბიარი		81
3424	76	ნაკაიძეები		81
3425	76	ნაცხავატები		81
3426	76	მუხაესტატე		81
3427	76	ოჩხამური		81
3428	76	ქვედა დაგვა		81
3429	76	ქვედა აჭყვა		81
3430	76	ქვედა კვირიკე		81
3431	76	ქვედა კონდიდი		81
3432	76	ქვედა სამება		81
3433	76	სახალვაშო		81
3434	76	ქაქუთი		81
3435	76	საჩინო		81
3436	76	სკურა		81
3437	76	ქობულეთი		81
3438	76	წითელი ოქტომბერი		81
3439	76	წყავროკა		81
3440	76	ჩაისუბანი		81
3441	76	ჩაქვი		81
3442	76	ჩაქვისთავი		81
3443	76	ჩოლოქი		81
3444	76	შუაღელე		81
3445	76	ცეცხლაური		81
3446	76	ციხისძირი		81
3447	76	ქობულეთი		81
3448	76	ფურტიო		82
3449	76	დაბა შუახევი		82
3450	76	ხაბელაშვილები		82
3451	76	დაბაძველი		82
3452	76	ახალდაბა		82
3453	76	ჭვანა		82
3454	76	ჯაბნიძეები		82
3455	76	ჭალა		82
3456	76	ვანი		82
3457	76	ვარჯანაული		82
3458	76	ბარათაული		82
3459	76	ბესელაშვილები		82
3460	76	დარჩიძეები		82
3461	76	ხიჭაური		82
3462	76	ზამლეთი		82
3463	76	ზემოხევი		82
3464	76	გოგაძეები		82
3465	76	გოგინაური		82
3466	76	გომარდული		82
3467	76	გორხანაული		82
3468	76	ბრილი		82
3469	76	ბუთურაული		82
3470	76	გუნდაური		82
3471	76	დღვანი		82
3472	76	პაპოშვილები		82
3473	76	კვიახიძეები		82
3474	76	ლაკლაკეთი		82
3475	76	იაკობაური		82
3476	76	კვირიაული		82
3477	76	კარაპეტი		82
3478	76	თერნალი		82
3479	76	კლდისუბანი		82
3480	76	კობალთა		82
3481	76	ლომანაური		82
3482	76	ინწკვირეთი		82
3483	76	მახალაკიძეები		82
3484	76	ნენია		82
3485	76	მაწყვალთა		82
3486	76	ნაღვარევი		82
3487	76	ნიგაზეული		82
3488	76	ოლადაური		82
3489	76	მოფრინეთი		82
3490	76	ოქროპილაური		82
3491	76	ჟანივრი		82
3492	76	სხეფი		82
3493	76	ტბეთი		82
3494	76	ტაკიძეები		82
3495	76	სამოლეთი		82
3496	76	ქიძინიძეები		82
3497	76	ტომაშეთი		82
3498	76	ქუთაური		82
3499	76	წაბლანა		82
3500	76	წელათი		82
3501	76	წანკალაური		82
3502	76	წყაროთა		82
3503	76	ჩანჩხალო		82
3504	76	ღოროქეთი		82
3505	76	შუბანი		82
3506	76	ცხემლისი		82
3507	76	ცეკვა		82
3508	76	ცივაძეები		82
3509	76	ცინარეთი		82
3510	76	გვანდრა		83
3511	76	გენწვიში		83
3512	76	ზემო ზიმა		83
3513	76	ზიმა		83
3514	76	აჟარა		83
3515	76	ბრამბა		83
3516	76	ხუტია		83
3517	76	ბუძუგური		83
3518	76	ბუჩუყური		83
3519	76	აძგარა		83
3520	76	ბძგიერი		83
3521	76	პტიში		83
3522	76	ნაჰარი		83
3523	76	მარჯვენა გენწვიში		83
3524	76	მარცხენა გენწვიში		83
3525	76	ომარიშარი		83
3526	76	ქვაფჩარა		83
3527	76	ქვედა ზიმა		83
3528	76	საკენი		83
3529	76	შაფატკვარა		83
3530	76	ჩხალთა		83
3531	76	ყლიჩი		83
3532	76	აფხაზეთი	13	\N
3533	76	სოხუმი	1301	3532
3534	76	გაგრა	1302	3532
3535	76	ქ. სოხუმი	130101	3533
3536	76	ქ. გაგრა	130201	3534
3537	76	ძელახო		66
3538	76	ცხინვალის რაიონი	1006	10
3539	76	ცხინვალი	35381	3538
\.


--
-- Data for Name: units; Type: TABLE DATA; Schema: public; Owner: lims
--

COPY units (unitsid, name) FROM stdin;
1	მგ/კგ
2	კკალ 100გ პროდუქტში
3	oT
4	P20M
5	მმოლ (½O)კგ
6	მგ KOH/გ
7	მმოლ/კგ
8	pH
9	mg O2/ლ
10	მგ/ლ
11	მგ-ეკვ/ლ
12	გ ექვ/ლ
13	მკს/სმ
14	ბალი
15	°
\.


--
-- Name: unitsid_seq; Type: SEQUENCE SET; Schema: public; Owner: lims
--

SELECT pg_catalog.setval('unitsid_seq', 15, true);


--
-- Name: act_pkey; Type: CONSTRAINT; Schema: public; Owner: lims
--

ALTER TABLE ONLY act
    ADD CONSTRAINT act_pkey PRIMARY KEY (actid);


--
-- Name: appeal_pkey; Type: CONSTRAINT; Schema: public; Owner: lims
--

ALTER TABLE ONLY appeal
    ADD CONSTRAINT appeal_pkey PRIMARY KEY (appealid);


--
-- Name: bill_pkey; Type: CONSTRAINT; Schema: public; Owner: lims
--

ALTER TABLE ONLY bill
    ADD CONSTRAINT bill_pkey PRIMARY KEY (billid);


--
-- Name: certificate_pkey; Type: CONSTRAINT; Schema: public; Owner: lims
--

ALTER TABLE ONLY certificate
    ADD CONSTRAINT certificate_pkey PRIMARY KEY (certificateid);


--
-- Name: company_pkey; Type: CONSTRAINT; Schema: public; Owner: lims
--

ALTER TABLE ONLY company
    ADD CONSTRAINT company_pkey PRIMARY KEY (companyid);


--
-- Name: conf_pkey; Type: CONSTRAINT; Schema: public; Owner: lims
--

ALTER TABLE ONLY conf
    ADD CONSTRAINT conf_pkey PRIMARY KEY (confid);


--
-- Name: confirmation_pkey; Type: CONSTRAINT; Schema: public; Owner: lims
--

ALTER TABLE ONLY confirmation
    ADD CONSTRAINT confirmation_pkey PRIMARY KEY (confirmationid);


--
-- Name: contactlabtest_pkey; Type: CONSTRAINT; Schema: public; Owner: lims
--

ALTER TABLE ONLY contractlabtest
    ADD CONSTRAINT contactlabtest_pkey PRIMARY KEY (contractlabtestid);


--
-- Name: contract_pkey; Type: CONSTRAINT; Schema: public; Owner: lims
--

ALTER TABLE ONLY contract
    ADD CONSTRAINT contract_pkey PRIMARY KEY (contractid);


--
-- Name: contractanalysis_pkey; Type: CONSTRAINT; Schema: public; Owner: lims
--

ALTER TABLE ONLY contractanalysis
    ADD CONSTRAINT contractanalysis_pkey PRIMARY KEY (contractanalysisid);


--
-- Name: contractowner_pkey; Type: CONSTRAINT; Schema: public; Owner: lims
--

ALTER TABLE ONLY contractowner
    ADD CONSTRAINT contractowner_pkey PRIMARY KEY (contractownerid);


--
-- Name: contractsampleitem_pkey; Type: CONSTRAINT; Schema: public; Owner: lims
--

ALTER TABLE ONLY contractsampleitem
    ADD CONSTRAINT contractsampleitem_pkey PRIMARY KEY (contractsampleitemid);


--
-- Name: contractsampletype_pkey; Type: CONSTRAINT; Schema: public; Owner: lims
--

ALTER TABLE ONLY contractsampletype
    ADD CONSTRAINT contractsampletype_pkey PRIMARY KEY (contractsampletypeid);


--
-- Name: contragent_pkey; Type: CONSTRAINT; Schema: public; Owner: lims
--

ALTER TABLE ONLY contragent
    ADD CONSTRAINT contragent_pkey PRIMARY KEY (contragentid);


--
-- Name: contragenttype_pkey; Type: CONSTRAINT; Schema: public; Owner: lims
--

ALTER TABLE ONLY contragenttype
    ADD CONSTRAINT contragenttype_pkey PRIMARY KEY (contragenttypeid);


--
-- Name: country_pkey; Type: CONSTRAINT; Schema: public; Owner: lims
--

ALTER TABLE ONLY country
    ADD CONSTRAINT country_pkey PRIMARY KEY (countryid);


--
-- Name: destroymethod_pkey; Type: CONSTRAINT; Schema: public; Owner: lims
--

ALTER TABLE ONLY destroymethod
    ADD CONSTRAINT destroymethod_pkey PRIMARY KEY (destroymethodid);


--
-- Name: disclaimsampleitem_pkey; Type: CONSTRAINT; Schema: public; Owner: lims
--

ALTER TABLE ONLY disclaimsampleitem
    ADD CONSTRAINT disclaimsampleitem_pkey PRIMARY KEY (disclaimsampleitemid);


--
-- Name: document_pkey; Type: CONSTRAINT; Schema: public; Owner: lims
--

ALTER TABLE ONLY document
    ADD CONSTRAINT document_pkey PRIMARY KEY (documentid);


--
-- Name: institution_pkey; Type: CONSTRAINT; Schema: public; Owner: lims
--

ALTER TABLE ONLY institution
    ADD CONSTRAINT institution_pkey PRIMARY KEY (institutionid);


--
-- Name: invoice_pkey; Type: CONSTRAINT; Schema: public; Owner: lims
--

ALTER TABLE ONLY invoice
    ADD CONSTRAINT invoice_pkey PRIMARY KEY (invoiceid);


--
-- Name: invoicesourcetype_pkey; Type: CONSTRAINT; Schema: public; Owner: lims
--

ALTER TABLE ONLY invoicesourcetype
    ADD CONSTRAINT invoicesourcetype_pkey PRIMARY KEY (invoicesourcetypeid);


--
-- Name: invoicetype_pkey; Type: CONSTRAINT; Schema: public; Owner: lims
--

ALTER TABLE ONLY invoicetype
    ADD CONSTRAINT invoicetype_pkey PRIMARY KEY (invoicetypeid);


--
-- Name: labtest_pkey; Type: CONSTRAINT; Schema: public; Owner: lims
--

ALTER TABLE ONLY labtest
    ADD CONSTRAINT labtest_pkey PRIMARY KEY (labtestid);


--
-- Name: labtestcontrol_pkey; Type: CONSTRAINT; Schema: public; Owner: lims
--

ALTER TABLE ONLY labtestcontrol
    ADD CONSTRAINT labtestcontrol_pkey PRIMARY KEY (labtestid, controlid);


--
-- Name: labtestcontroldocument_pkey; Type: CONSTRAINT; Schema: public; Owner: lims
--

ALTER TABLE ONLY labtestcontroldocument
    ADD CONSTRAINT labtestcontroldocument_pkey PRIMARY KEY (labtestid, documentid);


--
-- Name: labtestdepartment_pkey; Type: CONSTRAINT; Schema: public; Owner: lims
--

ALTER TABLE ONLY labtestinstitution
    ADD CONSTRAINT labtestdepartment_pkey PRIMARY KEY (labtestid, institutionid);


--
-- Name: labtestprod_pkey; Type: CONSTRAINT; Schema: public; Owner: lims
--

ALTER TABLE ONLY labtestprod
    ADD CONSTRAINT labtestprod_pkey PRIMARY KEY (labtestid, productid);


--
-- Name: labtestsampletype_pkey; Type: CONSTRAINT; Schema: public; Owner: lims
--

ALTER TABLE ONLY labtestsampletype
    ADD CONSTRAINT labtestsampletype_pkey PRIMARY KEY (labtestid, sampletypeid);


--
-- Name: labteststandard_pkey; Type: CONSTRAINT; Schema: public; Owner: lims
--

ALTER TABLE ONLY labteststandard
    ADD CONSTRAINT labteststandard_pkey PRIMARY KEY (labtestid, standardid);


--
-- Name: lang_pkey; Type: CONSTRAINT; Schema: public; Owner: lims
--

ALTER TABLE ONLY lang
    ADD CONSTRAINT lang_pkey PRIMARY KEY (langid);


--
-- Name: menu_pkey; Type: CONSTRAINT; Schema: public; Owner: lims
--

ALTER TABLE ONLY menu
    ADD CONSTRAINT menu_pkey PRIMARY KEY (menuid);


--
-- Name: messages_pkey; Type: CONSTRAINT; Schema: public; Owner: lims
--

ALTER TABLE ONLY messages
    ADD CONSTRAINT messages_pkey PRIMARY KEY (messagesid);


--
-- Name: oper_pkey; Type: CONSTRAINT; Schema: public; Owner: lims
--

ALTER TABLE ONLY oper
    ADD CONSTRAINT oper_pkey PRIMARY KEY (operid);


--
-- Name: personell_pkey; Type: CONSTRAINT; Schema: public; Owner: lims
--

ALTER TABLE ONLY personell
    ADD CONSTRAINT personell_pkey PRIMARY KEY (personellid);


--
-- Name: personelltype_pkey; Type: CONSTRAINT; Schema: public; Owner: lims
--

ALTER TABLE ONLY personelltype
    ADD CONSTRAINT personelltype_pkey PRIMARY KEY (personelltypeid);


--
-- Name: plevel_pkey; Type: CONSTRAINT; Schema: public; Owner: lims
--

ALTER TABLE ONLY plevel
    ADD CONSTRAINT plevel_pkey PRIMARY KEY (plevelid);


--
-- Name: price_pkey; Type: CONSTRAINT; Schema: public; Owner: lims
--

ALTER TABLE ONLY price
    ADD CONSTRAINT price_pkey PRIMARY KEY (priceid);


--
-- Name: product_pkey; Type: CONSTRAINT; Schema: public; Owner: lims
--

ALTER TABLE ONLY product
    ADD CONSTRAINT product_pkey PRIMARY KEY (productid);


--
-- Name: productgroup_pkey; Type: CONSTRAINT; Schema: public; Owner: lims
--

ALTER TABLE ONLY productgroup
    ADD CONSTRAINT productgroup_pkey PRIMARY KEY (productgroupid);


--
-- Name: productunit_pkey; Type: CONSTRAINT; Schema: public; Owner: lims
--

ALTER TABLE ONLY productunit
    ADD CONSTRAINT productunit_pkey PRIMARY KEY (productid, punitid);


--
-- Name: punit_pkey; Type: CONSTRAINT; Schema: public; Owner: lims
--

ALTER TABLE ONLY punit
    ADD CONSTRAINT punit_pkey PRIMARY KEY (punitid);


--
-- Name: rejectreason_pkey; Type: CONSTRAINT; Schema: public; Owner: lims
--

ALTER TABLE ONLY rejectreason
    ADD CONSTRAINT rejectreason_pkey PRIMARY KEY (rejectreasonid);


--
-- Name: reseachstatushistory_pkey; Type: CONSTRAINT; Schema: public; Owner: lims
--

ALTER TABLE ONLY reseachstatushistory
    ADD CONSTRAINT reseachstatushistory_pkey PRIMARY KEY (reseachstatushistoryid);


--
-- Name: restype_pkey; Type: CONSTRAINT; Schema: public; Owner: lims
--

ALTER TABLE ONLY restype
    ADD CONSTRAINT restype_pkey PRIMARY KEY (restypeid);


--
-- Name: sampleitemreseach_pkey; Type: CONSTRAINT; Schema: public; Owner: lims
--

ALTER TABLE ONLY sampleitemreseach
    ADD CONSTRAINT sampleitemreseach_pkey PRIMARY KEY (sampleitemreseachid);


--
-- Name: sampleitemstatushistory_pkey; Type: CONSTRAINT; Schema: public; Owner: lims
--

ALTER TABLE ONLY sampleitemstatushistory
    ADD CONSTRAINT sampleitemstatushistory_pkey PRIMARY KEY (sampleitemstatushistoryid);


--
-- Name: samplestatus_pkey; Type: CONSTRAINT; Schema: public; Owner: lims
--

ALTER TABLE ONLY samplestatus
    ADD CONSTRAINT samplestatus_pkey PRIMARY KEY (samplestatusid);


--
-- Name: sampletype_pkey; Type: CONSTRAINT; Schema: public; Owner: lims
--

ALTER TABLE ONLY sampletype
    ADD CONSTRAINT sampletype_pkey PRIMARY KEY (sampletypeid);


--
-- Name: standard_pkey; Type: CONSTRAINT; Schema: public; Owner: lims
--

ALTER TABLE ONLY standard
    ADD CONSTRAINT standard_pkey PRIMARY KEY (standardid);


--
-- Name: stock_pkey; Type: CONSTRAINT; Schema: public; Owner: lims
--

ALTER TABLE ONLY stock
    ADD CONSTRAINT stock_pkey PRIMARY KEY (stockid);


--
-- Name: stockmovement_pkey; Type: CONSTRAINT; Schema: public; Owner: lims
--

ALTER TABLE ONLY stockmovement
    ADD CONSTRAINT stockmovement_pkey PRIMARY KEY (stockmovementid);


--
-- Name: testcategory_pkey; Type: CONSTRAINT; Schema: public; Owner: lims
--

ALTER TABLE ONLY testcategory
    ADD CONSTRAINT testcategory_pkey PRIMARY KEY (testcategoryid);


--
-- Name: testgroup_pkey; Type: CONSTRAINT; Schema: public; Owner: lims
--

ALTER TABLE ONLY testgroup
    ADD CONSTRAINT testgroup_pkey PRIMARY KEY (testgroupid, labtestid);


--
-- Name: transitsampleitem_pkey; Type: CONSTRAINT; Schema: public; Owner: lims
--

ALTER TABLE ONLY transitsampleitem
    ADD CONSTRAINT transitsampleitem_pkey PRIMARY KEY (transitsampleitemid);


--
-- Name: trlib_pkey; Type: CONSTRAINT; Schema: public; Owner: lims
--

ALTER TABLE ONLY trlib
    ADD CONSTRAINT trlib_pkey PRIMARY KEY (trlibid);


--
-- Name: tunit_pkey; Type: CONSTRAINT; Schema: public; Owner: lims
--

ALTER TABLE ONLY tunit
    ADD CONSTRAINT tunit_pkey PRIMARY KEY (tunitid);


--
-- Name: units_pkey; Type: CONSTRAINT; Schema: public; Owner: lims
--

ALTER TABLE ONLY units
    ADD CONSTRAINT units_pkey PRIMARY KEY (unitsid);


--
-- Name: act_contractid_idx; Type: INDEX; Schema: public; Owner: lims
--

CREATE INDEX act_contractid_idx ON act USING btree (contractid);


--
-- Name: act_regbyid_idx; Type: INDEX; Schema: public; Owner: lims
--

CREATE INDEX act_regbyid_idx ON act USING btree (regbyid);


--
-- Name: appeal_contractid_idx; Type: INDEX; Schema: public; Owner: lims
--

CREATE INDEX appeal_contractid_idx ON appeal USING btree (contractid);


--
-- Name: appeal_regbyid_idx; Type: INDEX; Schema: public; Owner: lims
--

CREATE INDEX appeal_regbyid_idx ON appeal USING btree (regbyid);


--
-- Name: bill_contractid_idx; Type: INDEX; Schema: public; Owner: lims
--

CREATE INDEX bill_contractid_idx ON bill USING btree (contractid);


--
-- Name: bill_regbyid_idx; Type: INDEX; Schema: public; Owner: lims
--

CREATE INDEX bill_regbyid_idx ON bill USING btree (regbyid);


--
-- Name: certificate_companyid_idx; Type: INDEX; Schema: public; Owner: lims
--

CREATE INDEX certificate_companyid_idx ON certificate USING btree (companyid);


--
-- Name: conf_companyid_idx; Type: INDEX; Schema: public; Owner: lims
--

CREATE INDEX conf_companyid_idx ON conf USING btree (companyid);


--
-- Name: contract_companyid_idx; Type: INDEX; Schema: public; Owner: lims
--

CREATE INDEX contract_companyid_idx ON contract USING btree (companyid);


--
-- Name: contract_contragentid_idx; Type: INDEX; Schema: public; Owner: lims
--

CREATE INDEX contract_contragentid_idx ON contract USING btree (contragentid);


--
-- Name: contract_regbyid_idx; Type: INDEX; Schema: public; Owner: lims
--

CREATE INDEX contract_regbyid_idx ON contract USING btree (regbyid);


--
-- Name: contract_sampletypeid_idx; Type: INDEX; Schema: public; Owner: lims
--

CREATE INDEX contract_sampletypeid_idx ON contract USING btree (sampletypeid);


--
-- Name: contractowner_companyid_idx; Type: INDEX; Schema: public; Owner: lims
--

CREATE INDEX contractowner_companyid_idx ON contractowner USING btree (companyid);


--
-- Name: contragent_companyid_idx; Type: INDEX; Schema: public; Owner: lims
--

CREATE INDEX contragent_companyid_idx ON contragent USING btree (companyid);


--
-- Name: contragent_contragenttypeid_idx; Type: INDEX; Schema: public; Owner: lims
--

CREATE INDEX contragent_contragenttypeid_idx ON contragent USING btree (contragenttypeid);


--
-- Name: document_regbyid_idx; Type: INDEX; Schema: public; Owner: lims
--

CREATE INDEX document_regbyid_idx ON document USING btree (regbyid);


--
-- Name: fki_confirmation_contractsampleitem_fkey; Type: INDEX; Schema: public; Owner: lims
--

CREATE INDEX fki_confirmation_contractsampleitem_fkey ON confirmation USING btree (contractsampleitemid);


--
-- Name: fki_contractanalysis_contract_fkey; Type: INDEX; Schema: public; Owner: lims
--

CREATE INDEX fki_contractanalysis_contract_fkey ON contractanalysis USING btree (contractid);


--
-- Name: fki_contractanalysis_institution_fkey; Type: INDEX; Schema: public; Owner: lims
--

CREATE INDEX fki_contractanalysis_institution_fkey ON contractanalysis USING btree (institutionid);


--
-- Name: fki_contractanalysis_labtest_fkey; Type: INDEX; Schema: public; Owner: lims
--

CREATE INDEX fki_contractanalysis_labtest_fkey ON contractanalysis USING btree (labtestid);


--
-- Name: fki_contractanalysis_sampletype_fkey; Type: INDEX; Schema: public; Owner: lims
--

CREATE INDEX fki_contractanalysis_sampletype_fkey ON contractanalysis USING btree (sampletypeid);


--
-- Name: fki_contractowner_raionid_fkey; Type: INDEX; Schema: public; Owner: lims
--

CREATE INDEX fki_contractowner_raionid_fkey ON contractowner USING btree (raionid);


--
-- Name: fki_contractowner_regionid_fkey; Type: INDEX; Schema: public; Owner: lims
--

CREATE INDEX fki_contractowner_regionid_fkey ON contractowner USING btree (regionid);


--
-- Name: fki_contractowner_villageid_fkey; Type: INDEX; Schema: public; Owner: lims
--

CREATE INDEX fki_contractowner_villageid_fkey ON contractowner USING btree (villageid);


--
-- Name: fki_contractsampleitem_contractsampletype_fkey; Type: INDEX; Schema: public; Owner: lims
--

CREATE INDEX fki_contractsampleitem_contractsampletype_fkey ON contractsampleitem USING btree (contractsampletypeid);


--
-- Name: fki_disclaimsampleitem_contractsampleitemid_fkey; Type: INDEX; Schema: public; Owner: lims
--

CREATE INDEX fki_disclaimsampleitem_contractsampleitemid_fkey ON disclaimsampleitem USING btree (contractsampleitemid);


--
-- Name: fki_reseachstatushistory_sampleitemreseachid_fkey; Type: INDEX; Schema: public; Owner: lims
--

CREATE INDEX fki_reseachstatushistory_sampleitemreseachid_fkey ON reseachstatushistory USING btree (sampleitemreseachid);


--
-- Name: fki_sampleitemreseach_contract_fkey; Type: INDEX; Schema: public; Owner: lims
--

CREATE INDEX fki_sampleitemreseach_contract_fkey ON sampleitemreseach USING btree (contractid);


--
-- Name: fki_sampleitemreseach_contractsampleitem_fkey; Type: INDEX; Schema: public; Owner: lims
--

CREATE INDEX fki_sampleitemreseach_contractsampleitem_fkey ON sampleitemreseach USING btree (contractsampleitemid);


--
-- Name: fki_sampleitemreseach_labtest_fkey; Type: INDEX; Schema: public; Owner: lims
--

CREATE INDEX fki_sampleitemreseach_labtest_fkey ON sampleitemreseach USING btree (labtestid);


--
-- Name: fki_sampleitemstatushistory_contractsampleitemid_fkey; Type: INDEX; Schema: public; Owner: lims
--

CREATE INDEX fki_sampleitemstatushistory_contractsampleitemid_fkey ON sampleitemstatushistory USING btree (contractsampleitemid);


--
-- Name: fki_transitsampleitem_contractsampleitem_fkey; Type: INDEX; Schema: public; Owner: lims
--

CREATE INDEX fki_transitsampleitem_contractsampleitem_fkey ON transitsampleitem USING btree (contractsampleitemid);


--
-- Name: institution_name_idx; Type: INDEX; Schema: public; Owner: lims
--

CREATE INDEX institution_name_idx ON institution USING btree (name);


--
-- Name: institution_parentid_idx; Type: INDEX; Schema: public; Owner: lims
--

CREATE INDEX institution_parentid_idx ON institution USING btree (parentid);


--
-- Name: institutionstock_ukey_idx; Type: INDEX; Schema: public; Owner: lims
--

CREATE UNIQUE INDEX institutionstock_ukey_idx ON institutionstock USING btree (institutionid, stockid);


--
-- Name: invoice_contragentid_idx; Type: INDEX; Schema: public; Owner: lims
--

CREATE INDEX invoice_contragentid_idx ON invoice USING btree (contragentid);


--
-- Name: invoice_invoicesourcetypeid_idx; Type: INDEX; Schema: public; Owner: lims
--

CREATE INDEX invoice_invoicesourcetypeid_idx ON invoice USING btree (invoicesourcetypeid);


--
-- Name: invoice_invoicetypeid_idx; Type: INDEX; Schema: public; Owner: lims
--

CREATE INDEX invoice_invoicetypeid_idx ON invoice USING btree (invoicetypeid);


--
-- Name: invoice_operid_idx; Type: INDEX; Schema: public; Owner: lims
--

CREATE INDEX invoice_operid_idx ON invoice USING btree (operid);


--
-- Name: invoice_regbyid_idx; Type: INDEX; Schema: public; Owner: lims
--

CREATE INDEX invoice_regbyid_idx ON invoice USING btree (regbyid);


--
-- Name: labtest_companyid_idx; Type: INDEX; Schema: public; Owner: lims
--

CREATE INDEX labtest_companyid_idx ON labtest USING btree (companyid);


--
-- Name: labtest_name_idx; Type: INDEX; Schema: public; Owner: lims
--

CREATE UNIQUE INDEX labtest_name_idx ON labtest USING btree (name, testcategoryid, companyid);


--
-- Name: labtest_restypeid_idx; Type: INDEX; Schema: public; Owner: lims
--

CREATE INDEX labtest_restypeid_idx ON labtest USING btree (restypeid);


--
-- Name: labtest_testcategoryid_idx; Type: INDEX; Schema: public; Owner: lims
--

CREATE INDEX labtest_testcategoryid_idx ON labtest USING btree (testcategoryid);


--
-- Name: labtest_unutsid_idx; Type: INDEX; Schema: public; Owner: lims
--

CREATE INDEX labtest_unutsid_idx ON labtest USING btree (unitsid);


--
-- Name: labtestanswer_labtestid_idx; Type: INDEX; Schema: public; Owner: lims
--

CREATE INDEX labtestanswer_labtestid_idx ON labtestanswer USING btree (labtestid);


--
-- Name: labtestanswer_labtestid_val_idx; Type: INDEX; Schema: public; Owner: lims
--

CREATE UNIQUE INDEX labtestanswer_labtestid_val_idx ON labtestanswer USING btree (labtestid, val);


--
-- Name: menu_companyid_idx; Type: INDEX; Schema: public; Owner: lims
--

CREATE INDEX menu_companyid_idx ON menu USING btree (companyid);


--
-- Name: messages_personellid_idx; Type: INDEX; Schema: public; Owner: lims
--

CREATE INDEX messages_personellid_idx ON messages USING btree (personellid);


--
-- Name: personell_institutionid_idx; Type: INDEX; Schema: public; Owner: lims
--

CREATE INDEX personell_institutionid_idx ON personell USING btree (institutionid);


--
-- Name: personell_personelltypeid_idx; Type: INDEX; Schema: public; Owner: lims
--

CREATE INDEX personell_personelltypeid_idx ON personell USING btree (personelltypeid);


--
-- Name: price_labtestid_idx; Type: INDEX; Schema: public; Owner: lims
--

CREATE INDEX price_labtestid_idx ON price USING btree (labtestid);


--
-- Name: product_productgroup_idx; Type: INDEX; Schema: public; Owner: lims
--

CREATE INDEX product_productgroup_idx ON product USING btree (productgroupid);


--
-- Name: product_punitid_idx; Type: INDEX; Schema: public; Owner: lims
--

CREATE INDEX product_punitid_idx ON product USING btree (punitid);


--
-- Name: productgroup_parentid_idx; Type: INDEX; Schema: public; Owner: lims
--

CREATE INDEX productgroup_parentid_idx ON productgroup USING btree (parentid);


--
-- Name: samplestatus_companyid_idx; Type: INDEX; Schema: public; Owner: lims
--

CREATE INDEX samplestatus_companyid_idx ON samplestatus USING btree (companyid);


--
-- Name: sampletype_companyid_idx; Type: INDEX; Schema: public; Owner: lims
--

CREATE INDEX sampletype_companyid_idx ON sampletype USING btree (companyid);


--
-- Name: sampletype_name_idx; Type: INDEX; Schema: public; Owner: lims
--

CREATE UNIQUE INDEX sampletype_name_idx ON sampletype USING btree (name, companyid);


--
-- Name: stock_companyid_idx; Type: INDEX; Schema: public; Owner: lims
--

CREATE INDEX stock_companyid_idx ON stock USING btree (companyid);


--
-- Name: stock_parentid_idx; Type: INDEX; Schema: public; Owner: lims
--

CREATE INDEX stock_parentid_idx ON stock USING btree (parentid);


--
-- Name: stockmovement_invoiceid_idx; Type: INDEX; Schema: public; Owner: lims
--

CREATE INDEX stockmovement_invoiceid_idx ON stockmovement USING btree (invoiceid);


--
-- Name: stockmovement_mcontragentid_idx; Type: INDEX; Schema: public; Owner: lims
--

CREATE INDEX stockmovement_mcontragentid_idx ON stockmovement USING btree (mcontragentid);


--
-- Name: stockmovement_mstockid_idx; Type: INDEX; Schema: public; Owner: lims
--

CREATE INDEX stockmovement_mstockid_idx ON stockmovement USING btree (mstockid);


--
-- Name: stockmovement_operid_idx; Type: INDEX; Schema: public; Owner: lims
--

CREATE INDEX stockmovement_operid_idx ON stockmovement USING btree (operid);


--
-- Name: stockmovement_parentid_idx; Type: INDEX; Schema: public; Owner: lims
--

CREATE INDEX stockmovement_parentid_idx ON stockmovement USING btree (parentid);


--
-- Name: stockmovement_productid_idx; Type: INDEX; Schema: public; Owner: lims
--

CREATE INDEX stockmovement_productid_idx ON stockmovement USING btree (productid);


--
-- Name: stockmovement_regbyid_idx; Type: INDEX; Schema: public; Owner: lims
--

CREATE INDEX stockmovement_regbyid_idx ON stockmovement USING btree (regbyid);


--
-- Name: stockmovement_stockid_idx; Type: INDEX; Schema: public; Owner: lims
--

CREATE INDEX stockmovement_stockid_idx ON stockmovement USING btree (stockid);


--
-- Name: stockmovement_testresultid_idx; Type: INDEX; Schema: public; Owner: lims
--

CREATE INDEX stockmovement_testresultid_idx ON stockmovement USING btree (testresultid);


--
-- Name: testcategory_companyid_idx; Type: INDEX; Schema: public; Owner: lims
--

CREATE INDEX testcategory_companyid_idx ON testcategory USING btree (companyid);


--
-- Name: trlib_langid_idx; Type: INDEX; Schema: public; Owner: lims
--

CREATE INDEX trlib_langid_idx ON trlib USING btree (langid);


--
-- Name: trlib_phraseid_idx; Type: INDEX; Schema: public; Owner: lims
--

CREATE INDEX trlib_phraseid_idx ON trlib USING btree (phraseid);


--
-- Name: tunit_countryid_idx; Type: INDEX; Schema: public; Owner: lims
--

CREATE INDEX tunit_countryid_idx ON country USING btree (countryid);


--
-- Name: tunit_punitid_idx; Type: INDEX; Schema: public; Owner: lims
--

CREATE INDEX tunit_punitid_idx ON tunit USING btree (punitid);


--
-- Name: act_contractid_fkey; Type: FK CONSTRAINT; Schema: public; Owner: lims
--

ALTER TABLE ONLY act
    ADD CONSTRAINT act_contractid_fkey FOREIGN KEY (contractid) REFERENCES contract(contractid);


--
-- Name: act_raionid_fkey; Type: FK CONSTRAINT; Schema: public; Owner: lims
--

ALTER TABLE ONLY act
    ADD CONSTRAINT act_raionid_fkey FOREIGN KEY (raionid) REFERENCES tunit(tunitid);


--
-- Name: act_regbyid_fkey; Type: FK CONSTRAINT; Schema: public; Owner: lims
--

ALTER TABLE ONLY act
    ADD CONSTRAINT act_regbyid_fkey FOREIGN KEY (regbyid) REFERENCES personell(personellid);


--
-- Name: act_regionid_fkey; Type: FK CONSTRAINT; Schema: public; Owner: lims
--

ALTER TABLE ONLY act
    ADD CONSTRAINT act_regionid_fkey FOREIGN KEY (regionid) REFERENCES tunit(tunitid);


--
-- Name: act_villageid_fkey; Type: FK CONSTRAINT; Schema: public; Owner: lims
--

ALTER TABLE ONLY act
    ADD CONSTRAINT act_villageid_fkey FOREIGN KEY (villageid) REFERENCES tunit(tunitid);


--
-- Name: appeal_contractid_fkey; Type: FK CONSTRAINT; Schema: public; Owner: lims
--

ALTER TABLE ONLY appeal
    ADD CONSTRAINT appeal_contractid_fkey FOREIGN KEY (contractid) REFERENCES contract(contractid);


--
-- Name: appeal_raionid_fkey; Type: FK CONSTRAINT; Schema: public; Owner: lims
--

ALTER TABLE ONLY appeal
    ADD CONSTRAINT appeal_raionid_fkey FOREIGN KEY (raionid) REFERENCES tunit(tunitid);


--
-- Name: appeal_regbyid_fkey; Type: FK CONSTRAINT; Schema: public; Owner: lims
--

ALTER TABLE ONLY appeal
    ADD CONSTRAINT appeal_regbyid_fkey FOREIGN KEY (regbyid) REFERENCES personell(personellid);


--
-- Name: appeal_regionid_fkey; Type: FK CONSTRAINT; Schema: public; Owner: lims
--

ALTER TABLE ONLY appeal
    ADD CONSTRAINT appeal_regionid_fkey FOREIGN KEY (regionid) REFERENCES tunit(tunitid);


--
-- Name: appeal_villageid_fkey; Type: FK CONSTRAINT; Schema: public; Owner: lims
--

ALTER TABLE ONLY appeal
    ADD CONSTRAINT appeal_villageid_fkey FOREIGN KEY (villageid) REFERENCES tunit(tunitid);


--
-- Name: bill_contractid_fkey; Type: FK CONSTRAINT; Schema: public; Owner: lims
--

ALTER TABLE ONLY bill
    ADD CONSTRAINT bill_contractid_fkey FOREIGN KEY (contractid) REFERENCES contract(contractid);


--
-- Name: bill_regbyid_fkey; Type: FK CONSTRAINT; Schema: public; Owner: lims
--

ALTER TABLE ONLY bill
    ADD CONSTRAINT bill_regbyid_fkey FOREIGN KEY (regbyid) REFERENCES personell(personellid);


--
-- Name: certificate_companyid_fkey; Type: FK CONSTRAINT; Schema: public; Owner: lims
--

ALTER TABLE ONLY certificate
    ADD CONSTRAINT certificate_companyid_fkey FOREIGN KEY (companyid) REFERENCES company(companyid);


--
-- Name: conf_companyid_fkey; Type: FK CONSTRAINT; Schema: public; Owner: lims
--

ALTER TABLE ONLY conf
    ADD CONSTRAINT conf_companyid_fkey FOREIGN KEY (companyid) REFERENCES company(companyid);


--
-- Name: confirmation_contractsampleitemid_fkey; Type: FK CONSTRAINT; Schema: public; Owner: lims
--

ALTER TABLE ONLY confirmation
    ADD CONSTRAINT confirmation_contractsampleitemid_fkey FOREIGN KEY (contractsampleitemid) REFERENCES contractsampleitem(contractsampleitemid);


--
-- Name: contract_companyid_fkey; Type: FK CONSTRAINT; Schema: public; Owner: lims
--

ALTER TABLE ONLY contract
    ADD CONSTRAINT contract_companyid_fkey FOREIGN KEY (companyid) REFERENCES company(companyid);


--
-- Name: contract_contragentid_fkey; Type: FK CONSTRAINT; Schema: public; Owner: lims
--

ALTER TABLE ONLY contract
    ADD CONSTRAINT contract_contragentid_fkey FOREIGN KEY (contragentid) REFERENCES contragent(contragentid);


--
-- Name: contract_ownerid_fkey; Type: FK CONSTRAINT; Schema: public; Owner: lims
--

ALTER TABLE ONLY contract
    ADD CONSTRAINT contract_ownerid_fkey FOREIGN KEY (ownerid) REFERENCES contragent(contragentid);


--
-- Name: contract_regbyid_fkey; Type: FK CONSTRAINT; Schema: public; Owner: lims
--

ALTER TABLE ONLY contract
    ADD CONSTRAINT contract_regbyid_fkey FOREIGN KEY (regbyid) REFERENCES personell(personellid);


--
-- Name: contract_sampletypeid_fkey; Type: FK CONSTRAINT; Schema: public; Owner: lims
--

ALTER TABLE ONLY contract
    ADD CONSTRAINT contract_sampletypeid_fkey FOREIGN KEY (sampletypeid) REFERENCES sampletype(sampletypeid);


--
-- Name: contractanalysis_contractid_fkey; Type: FK CONSTRAINT; Schema: public; Owner: lims
--

ALTER TABLE ONLY contractanalysis
    ADD CONSTRAINT contractanalysis_contractid_fkey FOREIGN KEY (contractid) REFERENCES contract(contractid);


--
-- Name: contractanalysis_institution_fkey; Type: FK CONSTRAINT; Schema: public; Owner: lims
--

ALTER TABLE ONLY contractanalysis
    ADD CONSTRAINT contractanalysis_institution_fkey FOREIGN KEY (institutionid) REFERENCES institution(institutionid);


--
-- Name: contractanalysis_labtest_fkey; Type: FK CONSTRAINT; Schema: public; Owner: lims
--

ALTER TABLE ONLY contractanalysis
    ADD CONSTRAINT contractanalysis_labtest_fkey FOREIGN KEY (labtestid) REFERENCES labtest(labtestid);


--
-- Name: contractanalysis_sampletypeid_fkey; Type: FK CONSTRAINT; Schema: public; Owner: lims
--

ALTER TABLE ONLY contractanalysis
    ADD CONSTRAINT contractanalysis_sampletypeid_fkey FOREIGN KEY (sampletypeid) REFERENCES sampletype(sampletypeid);


--
-- Name: contractowner_companyid_fkey; Type: FK CONSTRAINT; Schema: public; Owner: lims
--

ALTER TABLE ONLY contractowner
    ADD CONSTRAINT contractowner_companyid_fkey FOREIGN KEY (companyid) REFERENCES company(companyid);


--
-- Name: contractowner_raionid_fkey; Type: FK CONSTRAINT; Schema: public; Owner: lims
--

ALTER TABLE ONLY contractowner
    ADD CONSTRAINT contractowner_raionid_fkey FOREIGN KEY (raionid) REFERENCES tunit(tunitid);


--
-- Name: contractowner_regionid_fkey; Type: FK CONSTRAINT; Schema: public; Owner: lims
--

ALTER TABLE ONLY contractowner
    ADD CONSTRAINT contractowner_regionid_fkey FOREIGN KEY (regionid) REFERENCES tunit(tunitid);


--
-- Name: contractowner_villageid_fkey; Type: FK CONSTRAINT; Schema: public; Owner: lims
--

ALTER TABLE ONLY contractowner
    ADD CONSTRAINT contractowner_villageid_fkey FOREIGN KEY (villageid) REFERENCES tunit(tunitid);


--
-- Name: contractsampleitem_contractsampletypeid_fkey; Type: FK CONSTRAINT; Schema: public; Owner: lims
--

ALTER TABLE ONLY contractsampleitem
    ADD CONSTRAINT contractsampleitem_contractsampletypeid_fkey FOREIGN KEY (contractsampletypeid) REFERENCES contractsampletype(contractsampletypeid);


--
-- Name: contractsampletype_contractid_fkey; Type: FK CONSTRAINT; Schema: public; Owner: lims
--

ALTER TABLE ONLY contractsampletype
    ADD CONSTRAINT contractsampletype_contractid_fkey FOREIGN KEY (contractid) REFERENCES contract(contractid);


--
-- Name: contractsampletype_parentid_fkey; Type: FK CONSTRAINT; Schema: public; Owner: lims
--

ALTER TABLE ONLY contractsampletype
    ADD CONSTRAINT contractsampletype_parentid_fkey FOREIGN KEY (parentid) REFERENCES contractsampletype(contractsampletypeid);


--
-- Name: contractsampletype_sampletypeid_fkey; Type: FK CONSTRAINT; Schema: public; Owner: lims
--

ALTER TABLE ONLY contractsampletype
    ADD CONSTRAINT contractsampletype_sampletypeid_fkey FOREIGN KEY (sampletypeid) REFERENCES sampletype(sampletypeid);


--
-- Name: contragent_companyid_fkey; Type: FK CONSTRAINT; Schema: public; Owner: lims
--

ALTER TABLE ONLY contragent
    ADD CONSTRAINT contragent_companyid_fkey FOREIGN KEY (companyid) REFERENCES company(companyid);


--
-- Name: contragent_contragenttypeid_fkey; Type: FK CONSTRAINT; Schema: public; Owner: lims
--

ALTER TABLE ONLY contragent
    ADD CONSTRAINT contragent_contragenttypeid_fkey FOREIGN KEY (contragenttypeid) REFERENCES contragenttype(contragenttypeid);


--
-- Name: contragent_raionid_fkey; Type: FK CONSTRAINT; Schema: public; Owner: lims
--

ALTER TABLE ONLY contragent
    ADD CONSTRAINT contragent_raionid_fkey FOREIGN KEY (raionid) REFERENCES tunit(tunitid);


--
-- Name: contragent_regionid_fkey; Type: FK CONSTRAINT; Schema: public; Owner: lims
--

ALTER TABLE ONLY contragent
    ADD CONSTRAINT contragent_regionid_fkey FOREIGN KEY (regionid) REFERENCES tunit(tunitid);


--
-- Name: contragent_villageid_fkey; Type: FK CONSTRAINT; Schema: public; Owner: lims
--

ALTER TABLE ONLY contragent
    ADD CONSTRAINT contragent_villageid_fkey FOREIGN KEY (villageid) REFERENCES tunit(tunitid);


--
-- Name: disclaimsampleitem_contractsampleitemid_fkey; Type: FK CONSTRAINT; Schema: public; Owner: lims
--

ALTER TABLE ONLY disclaimsampleitem
    ADD CONSTRAINT disclaimsampleitem_contractsampleitemid_fkey FOREIGN KEY (contractsampleitemid) REFERENCES contractsampleitem(contractsampleitemid);


--
-- Name: document_regbyid_fkey; Type: FK CONSTRAINT; Schema: public; Owner: lims
--

ALTER TABLE ONLY document
    ADD CONSTRAINT document_regbyid_fkey FOREIGN KEY (regbyid) REFERENCES personell(personellid);


--
-- Name: institution_parentid_fkey; Type: FK CONSTRAINT; Schema: public; Owner: lims
--

ALTER TABLE ONLY institution
    ADD CONSTRAINT institution_parentid_fkey FOREIGN KEY (parentid) REFERENCES institution(institutionid);


--
-- Name: institutionstock_institutionid_fkey; Type: FK CONSTRAINT; Schema: public; Owner: lims
--

ALTER TABLE ONLY institutionstock
    ADD CONSTRAINT institutionstock_institutionid_fkey FOREIGN KEY (institutionid) REFERENCES institution(institutionid);


--
-- Name: institutionstock_stockid_fkey; Type: FK CONSTRAINT; Schema: public; Owner: lims
--

ALTER TABLE ONLY institutionstock
    ADD CONSTRAINT institutionstock_stockid_fkey FOREIGN KEY (stockid) REFERENCES stock(stockid);


--
-- Name: invoice_contragentid_fkey; Type: FK CONSTRAINT; Schema: public; Owner: lims
--

ALTER TABLE ONLY invoice
    ADD CONSTRAINT invoice_contragentid_fkey FOREIGN KEY (contragentid) REFERENCES contragent(contragentid);


--
-- Name: invoice_invoicesourcetypeid_fkey; Type: FK CONSTRAINT; Schema: public; Owner: lims
--

ALTER TABLE ONLY invoice
    ADD CONSTRAINT invoice_invoicesourcetypeid_fkey FOREIGN KEY (invoicesourcetypeid) REFERENCES invoicesourcetype(invoicesourcetypeid);


--
-- Name: invoice_invoicetypeid_fkey; Type: FK CONSTRAINT; Schema: public; Owner: lims
--

ALTER TABLE ONLY invoice
    ADD CONSTRAINT invoice_invoicetypeid_fkey FOREIGN KEY (invoicetypeid) REFERENCES invoicetype(invoicetypeid);


--
-- Name: invoice_operid_fkey; Type: FK CONSTRAINT; Schema: public; Owner: lims
--

ALTER TABLE ONLY invoice
    ADD CONSTRAINT invoice_operid_fkey FOREIGN KEY (operid) REFERENCES oper(operid);


--
-- Name: invoice_regbyid_fkey; Type: FK CONSTRAINT; Schema: public; Owner: lims
--

ALTER TABLE ONLY invoice
    ADD CONSTRAINT invoice_regbyid_fkey FOREIGN KEY (regbyid) REFERENCES personell(personellid);


--
-- Name: labtest_companyid_fkey; Type: FK CONSTRAINT; Schema: public; Owner: lims
--

ALTER TABLE ONLY labtest
    ADD CONSTRAINT labtest_companyid_fkey FOREIGN KEY (companyid) REFERENCES company(companyid);


--
-- Name: labtest_restypeid_fkey; Type: FK CONSTRAINT; Schema: public; Owner: lims
--

ALTER TABLE ONLY labtest
    ADD CONSTRAINT labtest_restypeid_fkey FOREIGN KEY (restypeid) REFERENCES restype(restypeid);


--
-- Name: labtest_testcategoryid_fkey; Type: FK CONSTRAINT; Schema: public; Owner: lims
--

ALTER TABLE ONLY labtest
    ADD CONSTRAINT labtest_testcategoryid_fkey FOREIGN KEY (testcategoryid) REFERENCES testcategory(testcategoryid);


--
-- Name: labtest_unitsid_fkey; Type: FK CONSTRAINT; Schema: public; Owner: lims
--

ALTER TABLE ONLY labtest
    ADD CONSTRAINT labtest_unitsid_fkey FOREIGN KEY (unitsid) REFERENCES units(unitsid);


--
-- Name: labtestanswer_labtestid_fkey; Type: FK CONSTRAINT; Schema: public; Owner: lims
--

ALTER TABLE ONLY labtestanswer
    ADD CONSTRAINT labtestanswer_labtestid_fkey FOREIGN KEY (labtestid) REFERENCES labtest(labtestid);


--
-- Name: labtestcontrol_controlid_fkey; Type: FK CONSTRAINT; Schema: public; Owner: lims
--

ALTER TABLE ONLY labtestcontrol
    ADD CONSTRAINT labtestcontrol_controlid_fkey FOREIGN KEY (controlid) REFERENCES labtest(labtestid);


--
-- Name: labtestcontrol_labtestid_fkey; Type: FK CONSTRAINT; Schema: public; Owner: lims
--

ALTER TABLE ONLY labtestcontrol
    ADD CONSTRAINT labtestcontrol_labtestid_fkey FOREIGN KEY (labtestid) REFERENCES labtest(labtestid);


--
-- Name: labtestcontroldocument_documentid_fkey; Type: FK CONSTRAINT; Schema: public; Owner: lims
--

ALTER TABLE ONLY labtestcontroldocument
    ADD CONSTRAINT labtestcontroldocument_documentid_fkey FOREIGN KEY (documentid) REFERENCES document(documentid);


--
-- Name: labtestcontroldocument_labtestid_fkey; Type: FK CONSTRAINT; Schema: public; Owner: lims
--

ALTER TABLE ONLY labtestcontroldocument
    ADD CONSTRAINT labtestcontroldocument_labtestid_fkey FOREIGN KEY (labtestid) REFERENCES labtest(labtestid);


--
-- Name: labtestinstitution_institutionid_fkey; Type: FK CONSTRAINT; Schema: public; Owner: lims
--

ALTER TABLE ONLY labtestinstitution
    ADD CONSTRAINT labtestinstitution_institutionid_fkey FOREIGN KEY (institutionid) REFERENCES institution(institutionid);


--
-- Name: labtestinstitution_labtestid_fkey; Type: FK CONSTRAINT; Schema: public; Owner: lims
--

ALTER TABLE ONLY labtestinstitution
    ADD CONSTRAINT labtestinstitution_labtestid_fkey FOREIGN KEY (labtestid) REFERENCES labtest(labtestid);


--
-- Name: labtestprod_labtestid_fkey; Type: FK CONSTRAINT; Schema: public; Owner: lims
--

ALTER TABLE ONLY labtestprod
    ADD CONSTRAINT labtestprod_labtestid_fkey FOREIGN KEY (labtestid) REFERENCES labtest(labtestid);


--
-- Name: labtestprod_productid_fkey; Type: FK CONSTRAINT; Schema: public; Owner: lims
--

ALTER TABLE ONLY labtestprod
    ADD CONSTRAINT labtestprod_productid_fkey FOREIGN KEY (productid) REFERENCES product(productid);


--
-- Name: labtestsampletype_labtestid_fkey; Type: FK CONSTRAINT; Schema: public; Owner: lims
--

ALTER TABLE ONLY labtestsampletype
    ADD CONSTRAINT labtestsampletype_labtestid_fkey FOREIGN KEY (labtestid) REFERENCES labtest(labtestid);


--
-- Name: labtestsampletype_sampletypeid_fkey; Type: FK CONSTRAINT; Schema: public; Owner: lims
--

ALTER TABLE ONLY labtestsampletype
    ADD CONSTRAINT labtestsampletype_sampletypeid_fkey FOREIGN KEY (sampletypeid) REFERENCES sampletype(sampletypeid);


--
-- Name: labteststandard_labtestid_fkey; Type: FK CONSTRAINT; Schema: public; Owner: lims
--

ALTER TABLE ONLY labteststandard
    ADD CONSTRAINT labteststandard_labtestid_fkey FOREIGN KEY (labtestid) REFERENCES labtest(labtestid);


--
-- Name: labteststandard_standardid_fkey; Type: FK CONSTRAINT; Schema: public; Owner: lims
--

ALTER TABLE ONLY labteststandard
    ADD CONSTRAINT labteststandard_standardid_fkey FOREIGN KEY (standardid) REFERENCES standard(standardid);


--
-- Name: menu_companyid_fkey; Type: FK CONSTRAINT; Schema: public; Owner: lims
--

ALTER TABLE ONLY menu
    ADD CONSTRAINT menu_companyid_fkey FOREIGN KEY (companyid) REFERENCES company(companyid);


--
-- Name: menu_parentid_fkey; Type: FK CONSTRAINT; Schema: public; Owner: lims
--

ALTER TABLE ONLY menu
    ADD CONSTRAINT menu_parentid_fkey FOREIGN KEY (parentid) REFERENCES menu(menuid);


--
-- Name: messages_personellid_fkey; Type: FK CONSTRAINT; Schema: public; Owner: lims
--

ALTER TABLE ONLY messages
    ADD CONSTRAINT messages_personellid_fkey FOREIGN KEY (personellid) REFERENCES personell(personellid);


--
-- Name: personell_institutionid_fkey; Type: FK CONSTRAINT; Schema: public; Owner: lims
--

ALTER TABLE ONLY personell
    ADD CONSTRAINT personell_institutionid_fkey FOREIGN KEY (institutionid) REFERENCES institution(institutionid);


--
-- Name: personell_personelltypeid_fkey; Type: FK CONSTRAINT; Schema: public; Owner: lims
--

ALTER TABLE ONLY personell
    ADD CONSTRAINT personell_personelltypeid_fkey FOREIGN KEY (personelltypeid) REFERENCES personelltype(personelltypeid);


--
-- Name: personelltype_companyid_fkey; Type: FK CONSTRAINT; Schema: public; Owner: lims
--

ALTER TABLE ONLY personelltype
    ADD CONSTRAINT personelltype_companyid_fkey FOREIGN KEY (companyid) REFERENCES company(companyid);


--
-- Name: plevel_menuid_fkey; Type: FK CONSTRAINT; Schema: public; Owner: lims
--

ALTER TABLE ONLY plevel
    ADD CONSTRAINT plevel_menuid_fkey FOREIGN KEY (menuid) REFERENCES menu(menuid);


--
-- Name: plevel_personelltypeid_fkey; Type: FK CONSTRAINT; Schema: public; Owner: lims
--

ALTER TABLE ONLY plevel
    ADD CONSTRAINT plevel_personelltypeid_fkey FOREIGN KEY (personelltypeid) REFERENCES personelltype(personelltypeid);


--
-- Name: price_labtestid_fkey; Type: FK CONSTRAINT; Schema: public; Owner: lims
--

ALTER TABLE ONLY price
    ADD CONSTRAINT price_labtestid_fkey FOREIGN KEY (labtestid) REFERENCES labtest(labtestid);


--
-- Name: product_productgroupid_fkey; Type: FK CONSTRAINT; Schema: public; Owner: lims
--

ALTER TABLE ONLY product
    ADD CONSTRAINT product_productgroupid_fkey FOREIGN KEY (productgroupid) REFERENCES productgroup(productgroupid);


--
-- Name: product_punitid_fkey; Type: FK CONSTRAINT; Schema: public; Owner: lims
--

ALTER TABLE ONLY product
    ADD CONSTRAINT product_punitid_fkey FOREIGN KEY (punitid) REFERENCES punit(punitid);


--
-- Name: productgroup_companyid_fkey; Type: FK CONSTRAINT; Schema: public; Owner: lims
--

ALTER TABLE ONLY productgroup
    ADD CONSTRAINT productgroup_companyid_fkey FOREIGN KEY (companyid) REFERENCES company(companyid);


--
-- Name: productgroup_parentid_fkey; Type: FK CONSTRAINT; Schema: public; Owner: lims
--

ALTER TABLE ONLY productgroup
    ADD CONSTRAINT productgroup_parentid_fkey FOREIGN KEY (parentid) REFERENCES productgroup(productgroupid);


--
-- Name: productunit_productid_fkey; Type: FK CONSTRAINT; Schema: public; Owner: lims
--

ALTER TABLE ONLY productunit
    ADD CONSTRAINT productunit_productid_fkey FOREIGN KEY (productid) REFERENCES product(productid);


--
-- Name: productunit_punitid_fkey; Type: FK CONSTRAINT; Schema: public; Owner: lims
--

ALTER TABLE ONLY productunit
    ADD CONSTRAINT productunit_punitid_fkey FOREIGN KEY (punitid) REFERENCES punit(punitid);


--
-- Name: reseachstatushistory_sampleitemreseachid_fkey; Type: FK CONSTRAINT; Schema: public; Owner: lims
--

ALTER TABLE ONLY reseachstatushistory
    ADD CONSTRAINT reseachstatushistory_sampleitemreseachid_fkey FOREIGN KEY (sampleitemreseachid) REFERENCES sampleitemreseach(sampleitemreseachid);


--
-- Name: sampleitemreseach_contractid_fkey; Type: FK CONSTRAINT; Schema: public; Owner: lims
--

ALTER TABLE ONLY sampleitemreseach
    ADD CONSTRAINT sampleitemreseach_contractid_fkey FOREIGN KEY (contractid) REFERENCES contract(contractid);


--
-- Name: sampleitemreseach_contractsampleitemid_fkey; Type: FK CONSTRAINT; Schema: public; Owner: lims
--

ALTER TABLE ONLY sampleitemreseach
    ADD CONSTRAINT sampleitemreseach_contractsampleitemid_fkey FOREIGN KEY (contractsampleitemid) REFERENCES contractsampleitem(contractsampleitemid);


--
-- Name: sampleitemreseach_labtest_fkey; Type: FK CONSTRAINT; Schema: public; Owner: lims
--

ALTER TABLE ONLY sampleitemreseach
    ADD CONSTRAINT sampleitemreseach_labtest_fkey FOREIGN KEY (labtestid) REFERENCES labtest(labtestid);


--
-- Name: sampleitemstatushistory_contractsampleitemid_fkey; Type: FK CONSTRAINT; Schema: public; Owner: lims
--

ALTER TABLE ONLY sampleitemstatushistory
    ADD CONSTRAINT sampleitemstatushistory_contractsampleitemid_fkey FOREIGN KEY (contractsampleitemid) REFERENCES contractsampleitem(contractsampleitemid);


--
-- Name: samplestatus_companyid_fkey; Type: FK CONSTRAINT; Schema: public; Owner: lims
--

ALTER TABLE ONLY samplestatus
    ADD CONSTRAINT samplestatus_companyid_fkey FOREIGN KEY (companyid) REFERENCES company(companyid);


--
-- Name: sampletype_companyid_fkey; Type: FK CONSTRAINT; Schema: public; Owner: lims
--

ALTER TABLE ONLY sampletype
    ADD CONSTRAINT sampletype_companyid_fkey FOREIGN KEY (companyid) REFERENCES company(companyid);


--
-- Name: stock_companyid_fkey; Type: FK CONSTRAINT; Schema: public; Owner: lims
--

ALTER TABLE ONLY stock
    ADD CONSTRAINT stock_companyid_fkey FOREIGN KEY (companyid) REFERENCES company(companyid);


--
-- Name: stock_parentid_fkey; Type: FK CONSTRAINT; Schema: public; Owner: lims
--

ALTER TABLE ONLY stock
    ADD CONSTRAINT stock_parentid_fkey FOREIGN KEY (parentid) REFERENCES stock(stockid);


--
-- Name: stockmovement_invoiceid_fkey; Type: FK CONSTRAINT; Schema: public; Owner: lims
--

ALTER TABLE ONLY stockmovement
    ADD CONSTRAINT stockmovement_invoiceid_fkey FOREIGN KEY (invoiceid) REFERENCES invoice(invoiceid);


--
-- Name: stockmovement_mcontragentid_fkey; Type: FK CONSTRAINT; Schema: public; Owner: lims
--

ALTER TABLE ONLY stockmovement
    ADD CONSTRAINT stockmovement_mcontragentid_fkey FOREIGN KEY (mcontragentid) REFERENCES contragent(contragentid);


--
-- Name: stockmovement_mstockid_fkey; Type: FK CONSTRAINT; Schema: public; Owner: lims
--

ALTER TABLE ONLY stockmovement
    ADD CONSTRAINT stockmovement_mstockid_fkey FOREIGN KEY (mstockid) REFERENCES stock(stockid);


--
-- Name: stockmovement_operid_fkey; Type: FK CONSTRAINT; Schema: public; Owner: lims
--

ALTER TABLE ONLY stockmovement
    ADD CONSTRAINT stockmovement_operid_fkey FOREIGN KEY (operid) REFERENCES oper(operid);


--
-- Name: stockmovement_parentid_fkey; Type: FK CONSTRAINT; Schema: public; Owner: lims
--

ALTER TABLE ONLY stockmovement
    ADD CONSTRAINT stockmovement_parentid_fkey FOREIGN KEY (parentid) REFERENCES stockmovement(stockmovementid);


--
-- Name: stockmovement_productid_fkey; Type: FK CONSTRAINT; Schema: public; Owner: lims
--

ALTER TABLE ONLY stockmovement
    ADD CONSTRAINT stockmovement_productid_fkey FOREIGN KEY (productid) REFERENCES product(productid);


--
-- Name: stockmovement_regbyid_fkey; Type: FK CONSTRAINT; Schema: public; Owner: lims
--

ALTER TABLE ONLY stockmovement
    ADD CONSTRAINT stockmovement_regbyid_fkey FOREIGN KEY (regbyid) REFERENCES personell(personellid);


--
-- Name: stockmovement_stockid_fkey; Type: FK CONSTRAINT; Schema: public; Owner: lims
--

ALTER TABLE ONLY stockmovement
    ADD CONSTRAINT stockmovement_stockid_fkey FOREIGN KEY (stockid) REFERENCES stock(stockid);


--
-- Name: testcategory_companyid_fkey; Type: FK CONSTRAINT; Schema: public; Owner: lims
--

ALTER TABLE ONLY testcategory
    ADD CONSTRAINT testcategory_companyid_fkey FOREIGN KEY (companyid) REFERENCES company(companyid);


--
-- Name: testgroup_labtestid_fkey; Type: FK CONSTRAINT; Schema: public; Owner: lims
--

ALTER TABLE ONLY testgroup
    ADD CONSTRAINT testgroup_labtestid_fkey FOREIGN KEY (labtestid) REFERENCES labtest(labtestid);


--
-- Name: testgroup_testgroupid_fkey; Type: FK CONSTRAINT; Schema: public; Owner: lims
--

ALTER TABLE ONLY testgroup
    ADD CONSTRAINT testgroup_testgroupid_fkey FOREIGN KEY (testgroupid) REFERENCES labtest(labtestid);


--
-- Name: transitsampleitem_contractsampleitemid_fkey; Type: FK CONSTRAINT; Schema: public; Owner: lims
--

ALTER TABLE ONLY transitsampleitem
    ADD CONSTRAINT transitsampleitem_contractsampleitemid_fkey FOREIGN KEY (contractsampleitemid) REFERENCES contractsampleitem(contractsampleitemid);


--
-- Name: trlib_langid_fkey; Type: FK CONSTRAINT; Schema: public; Owner: lims
--

ALTER TABLE ONLY trlib
    ADD CONSTRAINT trlib_langid_fkey FOREIGN KEY (langid) REFERENCES lang(langid);


--
-- Name: trlib_phraseid_fkey; Type: FK CONSTRAINT; Schema: public; Owner: lims
--

ALTER TABLE ONLY trlib
    ADD CONSTRAINT trlib_phraseid_fkey FOREIGN KEY (phraseid) REFERENCES trlib(trlibid);


--
-- Name: tunit_countryid_fkey; Type: FK CONSTRAINT; Schema: public; Owner: lims
--

ALTER TABLE ONLY tunit
    ADD CONSTRAINT tunit_countryid_fkey FOREIGN KEY (countryid) REFERENCES country(countryid);


--
-- Name: tunit_punitid_fkey; Type: FK CONSTRAINT; Schema: public; Owner: lims
--

ALTER TABLE ONLY tunit
    ADD CONSTRAINT tunit_punitid_fkey FOREIGN KEY (punitid) REFERENCES tunit(tunitid);


--
-- Name: public; Type: ACL; Schema: -; Owner: postgres
--

REVOKE ALL ON SCHEMA public FROM PUBLIC;
REVOKE ALL ON SCHEMA public FROM postgres;
GRANT ALL ON SCHEMA public TO postgres;
GRANT ALL ON SCHEMA public TO PUBLIC;


--
-- PostgreSQL database dump complete
--

